#cP2025  5 26  0  0  0.00000000      96 ORBIT IGb20 HLM  IGS
## 2368  86400.00000000   900.00000000 60821 0.0000000000000
+   31   G01G02G03G04G05G06G07G08G09G10G11G12G13G14G15G16G17
+        G18G19G20G22G23G24G25G26G27G28G29G30G31G32  0  0  0
+          0  0  0  0  0  0  0  0  0  0  0  0  0  0  0  0  0
+          0  0  0  0  0  0  0  0  0  0  0  0  0  0  0  0  0
+          0  0  0  0  0  0  0  0  0  0  0  0  0  0  0  0  0
++         2  2  2  1  2  1  1  2  1  2  1  2  1  1  2  2  2
++         2  2  2  1  2  2  2  2  2  2  2  1  2  1  0  0  0
++         0  0  0  0  0  0  0  0  0  0  0  0  0  0  0  0  0
++         0  0  0  0  0  0  0  0  0  0  0  0  0  0  0  0  0
++         0  0  0  0  0  0  0  0  0  0  0  0  0  0  0  0  0
%c G  cc GPS ccc cccc cccc cccc cccc ccccc ccccc ccccc ccccc
%c cc cc ccc ccc cccc cccc cccc cccc ccccc ccccc ccccc ccccc
%f  1.2500000  1.025000000  0.00000000000  0.000000000000000
%f  0.0000000  0.000000000  0.00000000000  0.000000000000000
%i    0    0    0    0      0      0      0      0         0
%i    0    0    0    0      0      0      0      0         0
/* FINAL ORBIT COMBINATION FROM WEIGHTED AVERAGE OF:        
/* cod emr esa gfz grg jgx jpl mit ngs sio                  
/* REFERENCED TO IGS TIME (IGST) AND TO WEIGHTED MEAN POLE: 
/* PCV:IGS20      OL/AL:FES2014b NONE     Y  ORB:CMB CLK:CMB
*  2025  5 26  0  0  0.00000000
PG01 -14710.387588  17797.115584  13101.872065    271.976022  7  6  7  91       
PG02 -15265.795401   7923.038492  20562.308639   -161.197462  8  7  6  86       
PG03 -22814.843683  11866.135410  -6573.162590    692.246038  9  6  7  86       
PG04 -12644.702759   8591.571846 -21705.906077    570.941063  7  5  3  77       
PG05  25345.625248  -5145.322217  -6358.114967   -210.804856  9 11 10  95       
PG06   6999.448857  19189.727653 -16838.769820   -375.507658  4  7  5  85       
PG07  -5278.793795  25779.510076     43.649014    -30.826155  5  5  7 104       
PG08 -19611.705755    626.351147  17949.301162    521.565112  9  8  4 104       
PG09  -1633.811777  17143.482587 -20295.216848    668.323959  7  3  6  71       
PG10  -8058.827571 -12690.697475  22163.374571   -434.467760  8  9  9  77       
PG11  13231.903445   8264.663494 -21464.530549   -707.067158  5  4  4  90       
PG12  23580.540792 -10600.690383  -6308.860985   -586.016168  9  4  3  95       
PG13  20526.517043  10549.084086  13129.913718    701.195921  6  6  4  78       
PG14   5107.757597  14756.504371  21550.928464    650.649016  5  4  3  90       
PG15  19308.688131  -2957.875884  17520.632808    300.096869  6  6  5  69       
PG16 -24535.816841  -1997.312169 -10890.532583     23.725347  5  7  4  71       
PG17   9757.605348  21637.497582  12085.169002    264.285405  2  4  5  92       
PG18   4944.496036 -25927.940126   1340.922233   -620.367265  7  6  7  88       
PG19  16709.673710  20817.051085   2482.706543    631.875380  5  6  8  86       
PG20  20621.116926   1879.242721 -16488.101165    364.309719  7  4  6  88       
PG22  11622.565881  12251.038254  20800.116230   -103.070448  5  4  6  79       
PG23   8134.449312 -16436.500874  19168.309066    483.288830  7  5  4  70       
PG24  14173.756865 -13569.086852  17238.533986   -395.536621  5  7  4  75       
PG25  14587.030903 -16562.967972 -14950.613558    486.375970  7  3  5  93       
PG26 -17966.541782  -7252.490930 -18520.118581   -254.954817  5  7  6  69       
PG27 -22499.594491 -10962.130227   9176.651525    -25.366156  8  6  7  96       
PG28  -6483.300085 -21327.167083 -14432.320608   -616.094119  8  9  7  96       
PG29   4202.016156 -16180.362483 -20654.601813   -502.550021  7  6  6  98       
PG30   2796.156032  24294.573927  10205.452063   -135.665842  4  7  5  68       
PG31 -11747.741451 -12857.290220 -20207.977978   -206.007894  6  9  4  89       
PG32 -14573.608309 -20668.384438   8674.410317   -441.767184  4  4  6 101       
*  2025  5 26  0 15  0.00000000
PG01 -14502.755119  16173.591508  15261.777338    271.986950  7  6  6  90       
PG02 -15154.656008   5602.893078  21446.507226   -161.189291  8  6  5  83       
PG03 -23408.635620  11894.797054  -3733.013904    692.246926  9  6  7  85       
PG04 -14449.144578   6925.974306 -21182.711562    570.945280  6  5  4  91       
PG05  24629.635107  -4637.243627  -9059.573685   -210.805987  9 11 10  91       
PG06   6523.881509  20952.242074 -14803.103513   -375.524442  3  6  5  76       
PG07  -5558.874378  25505.916890  -2810.583322    -30.829256  5  4  7  87       
PG08 -21082.965564   -695.256633  16251.765149    521.567771  9  7  4 110       
PG09  -3531.878643  15746.795470 -21175.690471    668.332683  7  3  5  68       
PG10  -5719.458118 -13533.940569  22364.384183   -434.478259  8  9  8  86       
PG11  12656.694271  10618.391873 -20771.768403   -707.060924  5  3  4  86       
PG12  24159.810436 -10511.251604  -3525.454099   -586.017675  9  4  3  94       
PG13  21325.875134  11697.902302  10727.845461    701.195814  6  5  4  87       
PG14   2783.921877  15536.140967  21403.832092    650.653884  4  4  3  83       
PG15  20930.824291  -1771.204670  15794.946093    300.100498  5  6  5  82       
PG16 -23312.766683  -2515.144311 -13251.488575     23.733170  6  7  4  59       
PG17   8552.013404  20784.070919  14375.118723    264.269820  3  3  5  91       
PG18   5175.432035 -25867.593513  -1554.213835   -620.362533  7  6  7  90       
PG19  16243.231511  20642.000376   5269.343165    631.878714  5  6  8  85       
PG20  18980.749375   3042.040996 -18196.904875    364.309617  6  4  7  88       
PG22   9370.821933  12935.578314  21549.340286   -103.070462  5  4  5  68       
PG23  10124.025319 -17101.343444  17546.585592    483.294728  6  5  5  67       
PG24  14231.181136 -11394.515603  18700.906453   -395.529364  5  7  4  59       
PG25  16107.275679 -16914.230947 -12763.010772    486.374889  7  3  5  86       
PG26 -16078.949445  -8294.678168 -19753.610157   -254.970352  5  7  6  80       
PG27 -23080.485959 -11721.985275   6546.121919    -25.365608  8  6  7 101       
PG28  -6068.376109 -22806.123465 -12173.547925   -616.098229  7  9  8  96       
PG29   5974.217103 -14562.664996 -21422.032561   -502.546120  7  6  6  91       
PG30   2320.376208  25239.658922   7644.903231   -135.657020  4  7  6  68       
PG31 -11196.296116 -14995.834622 -18963.845448   -206.006703  7  9  4  97       
PG32 -13595.219517 -20127.345544  11215.870514   -441.757674  4  5  5 101       
*  2025  5 26  0 30  0.00000000
PG01 -14336.102133  14316.013218  17158.703623    271.997892  7  6  6  91       
PG02 -15165.996754   3206.826943  21973.542168   -161.180691  7  6  5  82       
PG03 -23700.538579  11826.975004   -828.348398    692.247826  8  6  7  94       
PG04 -16275.970854   5409.505950 -20295.032982    570.949517  6  5  4  84       
PG05  23677.314326  -3960.348711 -11606.683665   -210.807148  9 11 10  94       
PG06   6180.002594  22494.059833 -12510.096019   -375.541179  3  5  5  78       
PG07  -5819.990305  24922.647630  -5614.685264    -30.832271  5  4  6  64       
PG08 -22445.382561  -1821.755813  14276.686443    521.570392  8  7  4 108       
PG09  -5564.596401  14406.854451 -21694.409930    668.341408  6  3  5  80       
PG10  -3428.049695 -14511.740139  22189.074778   -434.488860  8  9  8  81       
PG11  12222.112783  12900.835105 -19720.800166   -707.054700  5  3  4  79       
PG12  24444.626926 -10343.151280   -681.548751   -586.019146  9  4  4  88       
PG13  21985.297075  12600.162909   8141.615438    701.195946  6  4  4  84       
PG14    533.411327  16416.617460  20889.851819    650.658719  4  4  3  85       
PG15  22414.962128   -764.776078  13788.698624    300.104209  5  6  5  81       
PG16 -21882.253930  -3176.639638 -15393.720221     23.740927  6  7  4  79       
PG17   7119.636961  19840.051690  16420.984211    264.253823  4  3  5  97       
PG18   5366.624496 -25493.689956  -4422.190407   -620.357802  6  6  7  79       
PG19  15538.995089  20286.026259   7967.574465    631.881948  5  6  7  89       
PG20  17256.426245   4386.114935 -19589.366884    364.309665  6  4  6  81       
PG22   7101.573706  13756.555312  21938.569508   -103.070225  6  4  5  72       
PG23  11892.750550 -17790.479892  15621.242970    483.300566  6  4  5  67       
PG24  14387.239976  -9076.532407  19824.855513   -395.522128  5  7  4  53       
PG25  17377.017322 -17232.023662 -10357.172881    486.373750  8  3  5  84       
PG26 -14137.207798  -9484.898797 -20655.718446   -254.985975  5  7  6  74       
PG27 -23455.204463 -12270.672031   3804.663161    -25.365075  7  6  7  93       
PG28  -5753.085315 -24037.952695  -9705.132065   -616.102320  7  9  7  84       
PG29   7878.567540 -12999.013878 -21821.818095   -502.542020  7  6  6  82       
PG30   1920.497354  25911.676181   4951.511544   -135.648204  3  7  6  66       
PG31 -10774.649732 -17006.854481 -17396.432632   -206.005656  7  9  4  96       
PG32 -12367.861052 -19478.477660  13568.450043   -441.748179  4  5  5  93       
*  2025  5 26  0 45  0.00000000
PG01 -14241.321142  12255.894192  18760.011511    272.008848  7  6  5  81       
PG02 -15307.711325    781.343948  22136.238917   -161.172360  7  6  4  95       
PG03 -23701.006202  11624.072344   2090.654919    692.248720  8  7  7  95       
PG04 -18081.019801   4061.925410 -19058.580980    570.953654  6  4  5  78       
PG05  22525.018145  -3094.716894 -13956.388710   -210.807937  9 11 10 101       
PG06   5940.948264  23779.408114  -9999.593882   -375.557966  3  5  5  91       
PG07  -6098.348129  24034.763834  -8318.091460    -30.835078  5  3  6  69       
PG08 -23657.527140  -2755.878920  12058.726140    521.573015  8  6  4 101       
PG09  -7696.399936  13156.348534 -21842.770989    668.350140  6  3  5  69       
PG10  -1229.414383 -15601.887506  21639.343248   -434.499389  8  8  6  84       
PG11  11921.434980  15064.502334 -18329.965036   -707.048447  4  2  4  82       
PG12  24442.615305 -10059.737886   2174.067345   -586.020438  8  4  4  89       
PG13  22465.869590  13265.953368   5416.105049    701.195962  6  4  5  83       
PG14  -1603.193985  17373.662989  20016.983821    650.663575  4  4  3  88       
PG15  23719.944602     68.617883  11538.787163    300.107783  4  5  5  85       
PG16 -20282.121240  -3998.545153 -17282.123101     23.748653  6  8  4  57       
PG17   5470.132126  18848.176555  18189.318019    264.237828  5  3  5  86       
PG18   5556.615621 -24808.430631  -7212.885842   -620.353107  6  5  6  80       
PG19  14583.661813  19784.835993  10531.797209    631.885265  5  5  7  87       
PG20  15494.024907   5901.895046 -20641.375883    364.309097  5  4  6  86       
PG22   4860.641700  14703.756795  21962.412046   -103.070110  6  4  4  75       
PG23  13416.647483 -18463.743875  13425.084022    483.306433  5  4  6  64       
PG24  14655.793931  -6661.151352  20590.302687   -395.514867  5  7  4  44       
PG25  18385.516412 -17477.218162  -7773.393928    486.372627  8  3  5  88       
PG26 -12183.802706 -10812.257512 -21210.554972   -255.001578  5  7  5  78       
PG27 -23594.603981 -12631.221888    999.017036    -25.364568  7  6  7  83       
PG28  -5507.232973 -24995.562601  -7069.566355   -616.106457  7  8  7  99       
PG29   9881.260999 -11524.972951 -21847.553123   -502.538258  7  6  5  96       
PG30   1564.595903  26292.732376   2171.854842   -135.639350  3  6  6  78       
PG31 -10467.856457 -18847.421273 -15531.264627   -206.004625  7  8  4 104       
PG32 -10895.809372 -18762.896174  15692.886465   -441.738670  4  5  4  83       
*  2025  5 26  1  0  0.00000000
PG01 -14243.820616  10031.064012  20038.170710    272.019796  7  6  5  95       
PG02 -15579.788281  -1626.533237  21933.276149   -161.164003  7  7  4 103       
PG03 -23429.159375  11251.233549   4973.335256    692.249634  8  7  7  95       
PG04 -19818.417933   2894.830596 -17495.003523    570.957817  6  4  5  92       
PG05  21213.637708  -2027.850199 -16069.088223   -210.808887  9 11  9  95       
PG06   5774.279372  24779.842574  -7315.260994   -375.574734  2  4  5  79       
PG07  -6428.660041  22856.596353 -10871.543046    -30.838047  5  2  5  76       
PG08 -24680.836089  -3508.189447   9636.358051    521.575632  8  6  4  95       
PG09  -9886.599273  12021.748044 -21618.446714    668.358835  6  3  5  74       
PG10    835.991221 -16774.963461  20723.310209   -434.509941  8  8  5  92       
PG11  11740.152239  17064.890648 -16623.438927   -707.042224  4  2  4  89       
PG12  24169.716707  -9627.429782   4992.067281   -586.021977  7  4  5  83       
PG13  22732.843323  13713.302113   2598.246925    701.195916  5  3  5  79       
PG14  -3590.200979  18376.921722  18799.429604    650.668447  4  4  4  79       
PG15  24808.891125    743.800216   9086.106501    300.111443  4  4  5  84       
PG16 -18553.722887  -4990.422726 -18885.645029     23.756139  6  8  5  74       
PG17   3621.142907  17849.730896  19651.560948    264.222470  5  2  5  77       
PG18   5783.092878 -23823.256165  -9877.554501   -620.348411  5  6  6  94       
PG19  13371.937410  19177.083763  12918.366268    631.888242  5  4  7  72       
PG20  13738.155476   7571.647020 -21334.809793    364.309115  5  5  6  84       
PG22   2691.387866  15759.497773  21621.376046   -103.070038  6  4  4  71       
PG23  14680.291771 -19078.580894  10995.770150    483.312301  4  4  6  54       
PG24  15043.162850  -4197.101485  20984.003031   -395.507635  6  7  4  47       
PG25  19130.340690 -17610.693088  -5055.427669    486.371518  8  4  4  85       
PG26 -10259.508877 -12258.501602 -21407.870661   -255.017116  5  7  5  66       
PG27 -23475.798896 -12832.445279  -1823.432935    -25.364075  7  5  7  71       
PG28  -5296.678448 -25659.641791  -4312.233429   -616.110597  6  8  7  81       
PG29  11943.016794 -10170.071470 -21499.224457   -502.534143  7  6  5  92       
PG30   1218.399795  26373.157761   -645.722413   -135.630499  3  6  6  60       
PG31 -10254.164026 -20478.901678 -13399.167267   -206.003284  6  8  5  95       
PG32  -9191.639797 -18021.284394  17553.769325   -441.729162  4  6  4  89       
*  2025  5 26  1 15  0.00000000
PG01 -14362.449887   7684.382444  20971.231477    272.030710  7  6  4  86       
PG02 -15974.350770  -3970.798191  21369.116100   -161.155608  6  7  4 104       
PG03 -22911.990932  10678.911209   7769.451751    692.250574  8  7  7 103       
PG04 -21442.248406   1911.406093 -15631.489094    570.961962  6  3  5 106       
PG05  19787.050032   -755.319134 -17909.261953   -210.809794  8 10  9  99       
PG06   5643.435078  25475.267382  -4503.795387   -375.591510  2  4  5  81       
PG07  -6842.490316  21411.345929 -13228.129553    -30.840775  5  2  5  57       
PG08 -25481.020492  -4096.429910   7051.189673    521.578263  7  5  4  97       
PG09 -12090.762258  11022.393536 -21025.412196    668.367546  6  3  4  76       
PG10   2733.437435 -17995.351020  19455.269024   -434.520530  8  7  5  93       
PG11  11656.655670  18862.034028 -14630.802570   -707.036026  4  2  4  88       
PG12  23649.552573  -9017.235633   7723.444822   -586.023585  6  4  6  74       
PG13  22757.001879  13967.253794   -263.782485    701.195965  5  3  5  86       
PG14  -5398.004700  19391.069812  17257.408689    650.673265  4  4  4  89       
PG15  25650.554530   1282.327549   6474.696256    300.114727  5  3  5  59       
PG16 -16740.493521  -6154.138003 -20177.726339     23.763939  6  8  5  84       
PG17   1597.765284  16883.005084  20784.407289    264.206605  6  3  5  73       
PG18   6081.205451 -22558.458186 -12369.716742   -620.343684  5  5  5  86       
PG19  11906.956380  18502.847269  15086.311021    631.891573  5  4  6  77       
PG20  12030.519706   9369.994271 -21657.848115    364.309277  4  5  6  97       
PG22    633.305761  16899.233957  20921.803161   -103.069836  6  4  4  83       
PG23  15677.255732 -19591.776805   8375.183726    483.318160  3  4  6  67       
PG24  15547.813608  -1734.019697  20999.775130   -395.500402  6  6  4  67       
PG25  19617.377883 -17594.980923  -2249.788122    486.370366  8  4  4  75       
PG26  -8401.990017 -13798.530774 -21243.276538   -255.032641  4  7  5  61       
PG27 -23083.044128 -12907.631115  -4615.413338    -25.363566  7  5  7  37       
PG28  -5084.843845 -26019.332266  -1480.622141   -616.114707  6  8  7  75       
PG29  14020.436774  -8956.802817 -20783.182193   -502.530442  7  6  5  92       
PG30    846.840295  26151.904043  -3451.975785   -135.621652  3  6  6  66       
PG31 -10105.941712 -21868.342602 -11035.826339   -206.002437  6  8  5  81       
PG32  -7275.920551 -17292.318590  19120.072885   -441.719629  3  6  3  93       
*  2025  5 26  1 30  0.00000000
PG01 -14608.690786   5262.265551  21543.198605    272.041684  7  6  4 103       
PG02 -16475.983096  -6207.942740  20453.868877   -161.147349  5  7  4 109       
PG03 -22183.264640   9884.239268  10430.092469    692.251462  8  8  7  99       
PG04 -22908.226196   1106.500056 -13500.280699    570.966123  6  4  6  99       
PG05  18290.476453    718.898138 -19446.024380   -210.811075  8 10  8 105       
PG06   5509.354085  25854.636675  -1614.090543   -375.608290  2  4  5  86       
PG07  -7366.715587  19730.306480 -15344.311125    -30.843764  5  1  5  91       
PG08 -26029.311458  -4544.610093   4347.254614    521.580858  7  5  4  86       
PG09 -14262.243213  10169.867448 -20073.868647    668.376285  5  4  4  97       
PG10   4435.090350 -19222.503905  17855.538707   -434.531071  8  7  5  88       
PG11  11643.204234  20421.881463 -12386.518518   -707.029845  4  2  5  85       
PG12  22912.492253  -8206.116753  10320.391516   -586.024895  5  5  6  63       
PG13  22515.818926  14058.696419  -3121.368790    701.196115  5  3  5  82       
PG14  -7004.060760  20377.147724  15416.862369    650.678135  5  4  4 101       
PG15  26220.439485   1711.353050   3750.860697    300.118616  5  2  5  72       
PG16 -14886.454546  -7483.624241 -21136.688688     23.771821  6  8  6  84       
PG17   -568.253548  15981.894300  21570.082461    264.191285  6  3  5  89       
PG18   6481.988839 -21042.449943 -14646.002760   -620.338947  5  5  5  83       
PG19  10200.399708  17802.046907  16998.030491    631.894774  6  4  6  85       
PG20  10408.399175  11264.748011 -21605.166822    364.308915  4  5  6  94       
PG22  -1279.237666  18092.425808  19875.730894   -103.069852  6  4  4  88       
PG23  16410.203392 -19961.235037   5608.703000    483.324013  2  4  5  56       
PG24  16160.400076    679.378203  20638.560194   -395.493185  6  6  4  61       
PG25  19860.530145 -17395.888464    595.028131    486.369203  8  3  3  63       
PG26  -6644.510369 -15401.174508 -20718.383706   -255.048095  4  6  6  70       
PG27 -22408.354795 -12893.107470  -7330.485780    -25.363057  6  4  7  79       
PG28  -4834.322051 -26072.587111   1376.492786   -616.118880  5  8  7  71       
PG29  16067.522249  -7899.905369 -19712.006772   -502.526149  8  6  5  90       
PG30    415.649616  25636.612950  -6197.660916   -135.612762  4  6  6  85       
PG31  -9990.859371 -22989.665118  -8481.245974   -206.001099  6  7  5 102       
PG32  -5176.619201 -16611.183726  20365.623369   -441.710086  3  6  3  92       
*  2025  5 26  1 45  0.00000000
PG01 -14986.147325   2813.080347  21744.301897    272.052623  7  6  3  93       
PG02 -17062.328512  -8298.339309  19203.096029   -161.139280  4  7  5 104       
PG03 -21282.149786   8852.154103  12908.571937    692.252399  7  8  7  78       
PG04 -24175.316678    467.024804 -11138.110129    570.970258  6  3  6  73       
PG05  16768.810337   2382.394047 -20653.603091   -210.811724  7 10  8 103       
PG06   5332.197467  25916.310091   1303.641824   -375.625028  3  4  5  72       
PG07  -8022.174637  17851.737034 -17180.886928    -30.846822  5  1  4  51       
PG08 -26303.501805  -4881.873927   1570.287682    521.583475  7  5  4  94       
PG09 -16353.801025   9467.670828 -18780.068613    668.384993  5  4  4  47       
PG10   5920.931821 -20412.429283  15950.216766   -434.541678  7  6  5  79       
PG11  11667.137647  21717.452297  -9929.326893   -707.023649  4  2  5  72       
PG12  21994.456022  -7178.132924  12737.173864   -586.026337  5  5  6  75       
PG13  21994.364166  14022.988757  -5926.251978    701.196194  5  3  6  87       
PG14  -8393.588891  21294.058680  13309.049858    650.683023  5  4  4  78       
PG15  26501.644877   2062.289442    962.284546    300.122084  5  2  5  73       
PG16 -13034.706610  -8964.929858 -21746.069941     23.779274  6  8  6  73       
PG17  -2839.547775  15174.687413  21996.536132    264.175202  6  3  5  85       
PG18   7010.962467 -19310.726400 -16666.932559   -620.334207  5  5  4  81       
PG19   8272.299314  17112.864478  18619.956376    631.898125  6  3  5  64       
PG20   8903.332062  13218.011443 -21178.013171    364.308688  4  5  6  84       
PG22  -3018.068939  19303.622081  18500.687564   -103.069661  6  4  5  66       
PG23  16890.630753 -20147.730884   2744.402110    483.329874  2  4  5  67       
PG24  16864.149083   2997.065800  19908.313583   -395.485979  6  6  4  57       
PG25  19881.094385 -16984.023951   3429.386859    486.368095  7  3  3  53       
PG26  -5014.805521 -17030.213939 -19840.856338   -255.063623  4  6  6  70       
PG27 -21451.849081 -12826.716966  -9923.738435    -25.362577  6  4  7  78       
PG28  -4508.520950 -25826.199463   4209.893924   -616.123022  5  7  6  80       
PG29  18037.293669  -7005.950400 -18304.275720   -502.522549  8  6  5  89       
PG30   -107.062092  24843.348572  -8834.447804   -135.603951  4  6  6  57       
PG31  -9873.276510 -23824.616391  -5779.110024   -206.000150  5  7  5  81       
PG32  -2928.242917 -16008.231714  21269.496952   -441.700573  3  6  3  84       
*  2025  5 26  2  0  0.00000000
PG01 -15490.353122    385.469430  21571.158893    272.063546  6  6  3  97       
PG02 -17704.935328 -10207.481073  17637.557620   -161.130821  4  7  5 101       
PG03 -20251.644542   7576.214320  15161.297774    692.253291  7  8  7  84       
PG04 -25207.236904    -27.336806  -8585.562785    570.974412  6  3  6  80       
PG05  15264.974765   4214.626929 -21511.736423   -210.812490  6 10  7 103       
PG06   5073.103028  25668.049230   4198.769842   -375.641775  3  4  4  83       
PG07  -8822.576075  15819.427796 -18703.875736    -30.849585  5  2  4  60       
PG08 -26288.750020  -5141.189833  -1233.007383    521.586029  7  4  4  73       
PG09 -18319.246923   8911.216286 -17166.045196    668.393737  5  4  4  43       
PG10   7179.391723 -21519.333938  13770.829311   -434.552219  7  5  5  78       
PG11  11692.285874  22729.725682  -7301.570956   -707.017405  4  2  5  71       
PG12  20935.497455  -5925.320475  14930.991865   -586.027590  4  5  6  44       
PG13  21185.928994  13898.442017  -8631.294659    701.196304  4  3  6  81       
PG14  -9559.977265  22100.176195  10970.040565    650.687848  5  4  4  93       
PG15  26485.406133   2369.333285  -1842.835019    300.125804  5  2  5  68       
PG16 -11225.957432 -10576.550462 -21994.902028     23.786991  6  8  7  30       
PG17  -5174.358090  14483.082667  22057.554469    264.159731  6  3  5  85       
PG18   7686.957517 -17404.557125 -18397.616286   -620.329478  5  6  4  92       
PG19   6150.529365  16470.220192  19923.172080    631.901272  6  4  5  71       
PG20   7540.029702  15187.513791 -20384.160420    364.308698  3  6  6  90       
PG22  -4562.050099  20493.725443  16819.422981   -103.069853  6  4  5  95       
PG23  17138.259639 -20116.571077   -167.808754    483.335723  3  5  4  66       
PG24  17635.569187   5177.336587  18823.738473   -395.478751  6  6  4  53       
PG25  19706.846108 -16336.165201   6203.413772    486.366911  7  3  3  50       
PG26  -3534.156132 -18645.615953 -18624.371699   -255.079109  4  6  6  74       
PG27 -20221.807413 -12746.261179 -12352.439299    -25.362084  6  4  7  74       
PG28  -4073.279123 -25295.501748   6970.772268   -616.127163  4  7  6  75       
PG29  19883.452326  -6273.250301 -16584.235070   -502.518091  8  6  5  95       
PG30   -749.317178  23796.000988 -11315.828741   -135.595137  4  6  5  79       
PG31  -9715.790074 -24363.436368  -2976.053344   -205.999015  5  6  5  81       
PG32   -570.742525 -15507.828924  21816.345108   -441.691063  2  6  3  87       
*  2025  5 26  2 15  0.00000000
PG01 -16108.903834  -1973.330449  21026.827501    272.074509  6  6  3  95       
PG02 -18370.322008 -11907.042050  15782.905841   -161.122512  3  7  5  76       
PG03 -19136.850971   6059.082120  17148.586969    692.254193  6  8  7  92       
PG04 -25973.783731   -403.148381  -5886.384111    570.978530  6  3  6  75       
PG05  13818.369386   6187.521910 -22005.986624   -210.812732  5  9  6 102       
PG06   4695.900160  25126.656639   7021.142456   -375.658508  3  4  4  91       
PG07  -9773.720393  13681.023382 -19885.276958    -30.852759  4  2  3  52       
PG08 -25978.121585  -5357.914020  -4015.688665    521.588558  7  4  4  86       
PG09 -20115.061227   8488.136775 -15259.249241    668.402463  5  4  4  25       
PG10   8207.662955 -22497.375010  11353.877493   -434.562731  6  4  5  68       
PG11  11680.519648  23448.231407  -4548.464556   -707.011185  4  2  5  78       
PG12  19778.219634  -4448.261203  16862.799287   -586.029096  4  5  6  49       
PG13  20092.353185  13724.713383 -11191.217241    701.196178  4  3  6  92       
PG14 -10504.868615  22754.997912   8440.108846    650.692660  6  4  4  92       
PG15  26171.326919   2667.913915  -4616.623239    300.129286  5  3  5  91       
PG16  -9497.133809 -12290.037775 -21877.927722     23.794672  6  8  7  77       
PG17  -7527.905256  13921.459579  21752.795249    264.143664  6  3  5 102       
PG18   8521.222035 -15369.466074 -19808.361491   -620.324736  5  6  4  99       
PG19   3869.995981  15904.366623  20883.974939    631.904300  6  3  5  84       
PG20   6335.573988  17128.120879 -19237.744915    364.308636  3  6  6  78       
PG22  -5897.669379  21621.397696  14859.577270   -103.069468  5  4  5  92       
PG23  17180.108101 -19839.089851  -3077.085957    483.341589  3  5  5  78       
PG24  18445.444114   7184.228603  17405.876737   -395.471506  6  5  4  41       
PG25  19370.857949 -15436.407084   8867.926874    486.365736  6  3  4  63       
PG26  -2216.702383 -20204.938453 -17088.481913   -255.094612  5  5  7  83       
PG27 -18734.450023 -12687.967606 -14576.647503    -25.361577  5  4  6  76       
PG28  -3498.389425 -24503.746965   9611.571250   -616.131284  4  7  6  66       
PG29  21562.022222  -5692.088494 -14581.381594   -502.514145  7  6  6  79       
PG30  -1533.932354  22525.383206 -13597.998741   -135.586314  4  6  5  69       
PG31  -9480.880984 -24605.206088   -120.853281   -205.998115  4  6  5  93       
PG32   1851.782098 -15127.433490  21996.643999   -441.681553  2  6  3  80       
*  2025  5 26  2 30  0.00000000
PG01 -16821.909295  -4219.111851  20120.748042    272.085505  5  6  3  97       
PG02 -19021.226229 -13375.724591  13669.327206   -161.114359  2  7  6  77       
PG03 -17983.171734   4312.643036  18835.413040    692.255101  6  7  7  87       
PG04 -26451.939782   -691.999536  -3086.739164    570.982669  6  3  6  82       
PG05  12463.462098   8266.355442 -22127.965550   -210.813646  5  9  6 102       
PG06   4168.716244  24317.273452   9721.975644   -375.675232  3  4  4  88       
PG07 -10873.077043  11486.180491 -20703.684703    -30.855673  4  2  3  59       
PG08 -25372.851959  -5568.279182  -6731.297507    521.591112  6  4  4  65       
PG09 -21701.919317   8178.898332 -13092.099519    668.411194  5  4  5  61       
PG10   9011.680646 -23302.450048   8740.281615   -434.573213  5  3  5  47       
PG11  11593.381402  23871.320957  -1717.314322   -707.004934  4  2  5  78       
PG12  18566.088170  -2756.312956  18498.065706   -586.030293  4  5  6  25       
PG13  18724.044591  13541.170472 -13563.292359    701.196295  3  3  6  74       
PG14 -11237.921820  23220.779740   5763.040313    650.697457  6  4  4  88       
PG15  25567.302221   2993.129700  -7312.316131    300.133030  5  3  5  82       
PG16  -7880.125116 -14070.869518 -21395.751401     23.802587  6  7  8  80       
PG17  -9853.864531  13496.427810  21087.749397    264.128086  5  3  4  91       
PG18   9516.838257 -13253.560646 -20875.176563   -620.320012  6  5  4  92       
PG19   1471.548485  15439.656006  21484.368181    631.907536  5  4  5  90       
PG20   5298.925042  18993.462347 -17758.990377    364.308286  4  5  6  65       
PG22  -7019.361391  22644.558076  12653.289760   -103.069476  5  4  5  91       
PG23  17049.274256 -19293.918918  -5932.579079    483.347452  3  5  5  69       
PG24  19260.060565   8988.687553  15681.576293   -395.464272  6  5  3  53       
PG25  18910.096995 -14277.033992  11375.382665    486.364559  6  3  4  37       
PG26  -1069.029360 -21664.857931 -15258.373294   -255.110094  5  5  7  76       
PG27 -17013.443533 -12685.030704 -16559.779811    -25.361057  5  4  6  72       
PG28  -2758.970415 -23481.196232  12086.808741   -616.135412  4  6  6  74       
PG29  23032.911299  -5245.260626 -12329.962920   -502.510481  7  6  6  87       
PG30  -2477.390059  21068.057192 -15640.687409   -135.577484  4  6  5  40       
PG31  -9132.593013 -24557.856711   2736.444834   -205.996954  4  5  5  86       
PG32   4292.531141 -14876.935440  21806.864745   -441.672023  2  6  3  88       
*  2025  5 26  2 45  0.00000000
PG01 -17602.747665  -6312.200506  18868.576062    272.096474  5  6  4  94       
PG02 -19617.997972 -14599.867645  11331.134410   -161.106091  2  7  6  69       
PG03 -16834.502548   2357.756104  20192.066636    692.255931  6  7  7  95       
PG04 -26626.716790   -929.095666   -234.437243    570.986823  6  3  6  77       
PG05  11228.575875  10410.891869 -21875.470596   -210.814426  4  9  5 109       
PG06   3465.410538  23272.365455  12254.706903   -375.691917  3  4  4  65       
PG07 -12109.738532   9284.646923 -21144.733766    -30.858675  4  3  3  66       
PG08 -24482.324761  -5807.862454  -9334.563723    521.593699  6  3  4  50       
PG09 -23046.070254   7957.693708 -10701.452048    668.419948  4  4  5  56       
PG10   9605.759583 -23893.956965   5974.726982   -434.583769  4  2  4  70       
PG11  11393.733112  24006.109933   1143.290038   -706.998672  4  3  4  80       
PG12  17341.709943   -867.486631  19807.460818   -586.031548  4  5  6  32       
PG13  17099.694321  13385.285510 -15707.992123    701.196468  3  4  6  78       
PG14 -11776.255965  23464.083728   2985.361498    650.702258  6  4  4  77       
PG15  24689.146254   3378.231173  -9884.992397    300.136589  5  3  5  79       
PG16  -6400.702886 -15879.555973 -20554.918025     23.810257  6  7  8  75       
PG17 -12105.891342  13206.664951  20073.632046    264.112329  5  4  4  99       
PG18  10668.473803 -11105.777739 -21580.162409   -620.315248  5  5  3  88       
PG19   -999.353135  15093.532691  21712.468951    631.910902  5  4  5  84       
PG20   4430.755872  20737.611453 -15973.826316    364.308415  4  5  6  58       
PG22  -7929.545681  23521.925109  10236.749443   -103.069068  5  3  5  94       
PG23  16783.482857 -18467.977779  -8684.361847    483.353374  3  5  5  96       
PG24  20042.611362  10569.427320  13682.856919   -395.457114  6  5  3  44       
PG25  18363.856551 -12859.073357  13680.812966    486.363348  5  4  5  53       
PG26    -90.044415 -22982.763968 -13164.520698   -255.125590  6  4  7  87       
PG27 -15089.155071 -12766.275240 -18269.129969    -25.360514  5  4  6  59       
PG28  -1836.631596 -22263.948169  14353.862548   -616.139530  4  6  6  81       
PG29  24261.334455  -4908.905287  -9868.403506   -502.506551  7  6  6  74       
PG30  -3588.968647  19464.937053 -17407.922233   -135.568662  4  6  5  56       
PG31  -8638.173818 -24237.832313   5545.451064   -205.996114  4  5  5  78       
PG32   6703.559050 -14758.284292  21249.561376   -441.662517  2  6  3  76       
*  2025  5 26  3  0  0.00000000
PG01 -18419.092264  -8218.782631  17291.909064    272.107510  4  6  4  75       
PG02 -20120.092551 -15573.795637   8806.308265   -161.097599  3  6  7  46       
PG03 -15731.495199    223.642362  21194.714113    692.256827  6  7  7  59       
PG04 -26491.705705  -1151.712286   2621.866340    570.991070  6  3  6  88       
PG05  10134.914319  12576.731765 -21252.529144   -210.815023  4  8  5 102       
PG06   2566.779058  22030.439629  14575.802237   -375.708611  3  4  4  88       
PG07 -13464.753325   7124.353040 -21201.363908    -30.861711  4  3  3  70       
PG08 -23323.767911  -6110.086235 -11782.088364    521.596245  6  3  3  65       
PG09 -24120.516572   7793.583513  -8127.995765    668.428665  4  4  5  65       
PG10  10011.897398 -24236.452880   3104.918694   -434.594335  4  2  4  76       
PG11  11047.357320  23868.095461   3984.303628   -706.992451  4  3  4  67       
PG12  16145.149319   1192.030359  20767.442812   -586.032815  5  5  5  31       
PG13  15245.699851  13291.115836 -17589.582652    701.196522  3  4  6  76       
PG14 -12143.597233  23457.175569    155.507201    650.707077  6  4  4  74       
PG15  23559.948393   3853.205436 -12292.242171    300.140245  5  3  5  82       
PG16  -5077.656937 -17672.950639 -19367.913885     23.817816  6  7  8  72       
PG17 -14239.147741  13043.046418  18727.205636    264.096512  5  4  4  94       
PG18  11962.474348  -8974.116911 -21911.787385   -620.310485  5  5  3  69       
PG19  -3494.168962  14875.795669  21562.818957    631.914005  4  4  5  88       
PG20   3723.617606  22316.751926 -13913.409336    364.308224  4  5  6  68       
PG22  -8638.380772  24214.550678   7649.688398   -103.069219  4  4  5  86       
PG23  16423.454394 -17357.142530 -11284.347242    483.359235  3  5  6  96       
PG24  20754.709709  11913.462359  11446.197834   -395.449878  6  5  3  71       
PG25  17772.087350 -11192.499538  15742.727675    486.362166  5  4  5  46       
PG26    728.842996 -24118.360481 -10842.236482   -255.141170  6  4  7  92       
PG27 -12997.679663 -12954.985882 -19676.338708    -25.359968  5  5  6  71       
PG28   -720.386436 -20892.555710  16373.705662   -616.143650  4  6  6  79       
PG29  25219.045901  -4653.592027  -7238.665235   -502.502569  6  6  6  38       
PG30  -4870.169431  17759.727519 -18868.705033   -135.559827  4  6  5  43       
PG31  -7969.607378 -23669.414565   8256.383052   -205.995020  4  4  5  50       
PG32   9037.380319 -14765.419476  20333.373385   -441.652950  2  5  3  65       
*  2025  5 26  3 15  0.00000000
PG01 -19234.171262  -9912.005650  15417.912052    272.118387  4  6  5  69       
PG02 -20487.616121 -16299.894733   6135.989754   -161.089339  3  6  7  65       
PG03 -14709.963156  -2053.064791  21825.841189    692.257729  5  7  6  79       
PG04 -26049.313877  -1397.572964   5433.479134    570.995225  6  3  6  86       
PG05   9195.861246  14716.824373 -20269.350390   -210.815774  5  7  5 101       
PG06   1461.483698  20634.543484  16645.501367   -375.725287  3  4  4  80       
PG07 -14911.819248   5049.605266 -20873.897170    -30.864587  4  4  4  85       
PG08 -21921.679331  -6504.803900 -14032.998293    521.598795  6  3  3  46       
PG09 -24905.950761   7651.842155  -5415.582896    668.437410  4  4  6  60       
PG10  10258.765168 -24301.142308    180.755945   -434.604866  3  3  3  83       
PG11  10524.449586  23480.464539   6757.058672   -706.986189  4  3  4  59       
PG12  15012.353121   3388.688484  21360.734620   -586.034415  5  5  5  41       
PG13  13195.317910  13287.923657 -19176.661140    701.196625  2  4  6  71       
PG14 -12369.161916  23179.212956  -2677.057898    650.711934  5  4  4  68       
PG15  22209.188457   4443.509694 -14494.768730    300.143909  5  4  5  80       
PG16  -3922.183081 -19405.724547 -17853.082374     23.825318  6  7  8  42       
PG17 -16211.779560  12989.061948  17070.536937    264.081085  5  4  4  90       
PG18  13377.291416  -6903.930110 -21865.043250   -620.305804  5  5  2  86       
PG19  -5962.952750  14788.166825  21036.585169    631.917251  4  4  6  85       
PG20   3162.425835  23690.767490 -11613.557695    364.307994  4  5  6  55       
PG22  -9163.239493  24687.294272   4934.819756   -103.069082  4  4  5  91       
PG23  16011.163978 -15966.564767 -13687.166839    483.365118  4  5  6  81       
PG24  21357.948698  13016.302190   9011.770373   -395.442657  6  5  3  58       
PG25  17173.699644  -9296.072783  17523.958409    486.361002  4  4  4  54       
PG26   1403.240174 -25035.210889  -8331.116273   -255.156650  6  4  7  83       
PG27 -10779.673069 -13267.941775 -20757.812000    -25.359427  5  5  5  85       
PG28    592.722896 -19410.484103  18111.578472   -616.147756  5  5  6  90       
PG29  25885.335467  -4445.625147  -4485.552168   -502.498270  6  6  6  77       
PG30  -6314.465529  15997.263194 -19997.585831   -135.551062  4  6  5  41       
PG31  -7104.970002 -22883.732731  10821.024566   -205.993936  4  4  4  74       
PG32  11248.570890 -14884.508961  19072.940002   -441.643398  2  5  4  70       
*  2025  5 26  3 30  0.00000000
PG01 -20008.211446 -11372.811015  13278.848402    272.129301  4  6  5  81       
PG02 -20682.873698 -16788.410823   3363.922241   -161.080932  4  5  7  75       
PG03 -13799.495766  -4429.569226  22074.571762    692.258600  5  7  6  81       
PG04 -25310.681128  -1703.212440   8152.478973    570.999388  6  3  5  80       
PG05   8416.580326  16783.090576 -18942.184045   -210.816917  5  7  5 103       
PG06    146.670329  19130.607497  18428.488657   -375.741942  3  4  4  80       
PG07 -16418.300489   3099.464173 -20169.931260    -30.867672  4  4  4  81       
PG08 -20307.002270  -7017.019357 -16049.567071    521.601366  5  3  3  60       
PG09 -25391.412596   7495.458015  -2610.503475    668.446094  4  4  6  47       
PG10  10380.421080 -24067.129732  -2746.560139   -434.615392  3  5  4  73       
PG11   9800.945029  22873.120818   9414.087628   -706.979964  4  4  4  65       
PG12  13973.751697   5682.697359  21576.674705   -586.035675  5  4  4  52       
PG13  10987.577424  13398.982896 -20442.631179    701.196764  2  4  6  85       
PG14 -12486.320434  22617.174151  -5462.744988    650.716741  5  4  4  63       
PG15  20671.648931   5168.994225 -16456.921582    300.147900  5  4  5  73       
PG16  -2937.550427 -21031.956446 -16034.448082     23.833077  6  7  9  67       
PG17 -17986.295719  13021.504739  15130.689331    264.065006  5  4  4  86       
PG18  14884.225623  -4936.333920 -21441.482601   -620.300967  4  4  2  91       
PG19  -8356.105050  14824.189250  20141.639589    631.920330  3  4  6  92       
PG20   2725.246144  24824.693343  -9114.110707    364.308227  4  5  6  80       
PG22  -9527.920155  24910.186045   2137.222301   -103.069273  4  4  5  90       
PG23  15588.062137 -14310.627166 -15850.995468    483.371015  4  6  6  70       
PG24  21815.441773  13881.812984   6422.637921   -395.435460  6  5  4  65       
PG25  16604.910559  -7196.814874  18992.418817    486.359862  4  4  4  47       
PG26   1955.002271 -25702.164146  -5674.386792   -255.172156  6  4  7  79       
PG27  -8479.027947 -13714.688787 -21495.084797    -25.358837  5  6  5  77       
PG28   2097.314004 -17862.469917  19537.586385   -616.152000  5  5  6  91       
PG29  26247.752000  -4248.513861  -1655.969597   -502.494230  5  6  6  77       
PG30  -7907.383112  14221.818202 -20775.121478   -135.542179  4  6  5  73       
PG31  -6029.548415 -21917.497371  13193.666493   -205.992776  4  4  4  65       
PG32  13295.308279 -15094.491084  17488.723685   -441.633833  3  5  4  79       
*  2025  5 26  3 45  0.00000000
PG01 -20700.010206 -12590.468147  10911.524154    272.140214  4  6  6  56       
PG02 -20671.868225 -17056.971519    535.844274   -161.072873  5  5  7  33       
PG03 -13022.337924  -6858.410691  21936.855307    692.259505  4  7  5  70       
PG04 -24295.278209  -2102.386835  10732.507960    571.003560  5  3  5  89       
PG05   7793.930471  18728.098510 -17293.086069   -210.817770  4  6  5 104       
PG06  -1371.746729  17565.696314  19894.479237   -375.758586  3  4  4  83       
PG07 -17946.515537   1306.377918 -19104.059823    -30.870359  4  4  4  64       
PG08 -18516.078112  -7665.785188 -17797.796674    521.603925  5  4  3  55       
PG09 -25574.641522   7286.731171    239.285438    668.454784  4  4  6  52       
PG10  10414.795941 -23522.379587  -5625.467795   -434.625924  3  5  4  88       
PG11   8859.628097  22081.467847  11909.923801   -706.973763  4  4  4  63       
PG12  13053.096132   8029.408823  21411.432428   -586.037074  4  4  4  55       
PG13   8665.990353  13640.614534 -21366.112332    701.196669  3  4  6  71       
PG14 -12531.097095  21766.486750  -8152.754632    650.721533  5  4  4  62       
PG15  18986.166390   6043.046970 -18147.161093    300.151510  5  5  5  68       
PG16  -2119.067873 -22506.784669 -13941.443162     23.840409  6  7  9  72       
PG17 -19530.803818  13111.411131  12939.351209    264.048842  5  5  4  81       
PG18  16448.453487  -3106.804237 -20649.140603   -620.296180  4  4  2  83       
PG19 -10626.136783  14969.466789  18892.509376    631.923627  3  5  6 104       
PG20   2384.345547  25689.974875  -6458.225549    364.308290  4  5  6  88       
PG22  -9761.617021  24859.629369   -696.325291   -103.068947  3  4  4  82       
PG23  15193.330965 -12412.537774 -17738.303873    483.376861  4  6  6  79       
PG24  22093.284191  14521.764521   3723.943272   -395.428214  6  5  4  76       
PG25  16097.710188  -4929.140286  20121.759373    486.358743  4  4  3  53       
PG26   2411.201659 -26094.601207  -2918.164358   -255.187651  6  4  6  65       
PG27  -6141.435991 -14297.075281 -21875.126816    -25.358246  5  6  5  72       
PG28   3779.678585 -16292.844548  20627.212694   -616.156140  5  4  6  88       
PG29  26302.526897  -4024.553344   1201.851769   -502.490406  5  6  5  80       
PG30  -9626.911006  12475.456667 -21188.209842   -135.533335  4  5  5  77       
PG31  -4736.668232 -20811.509478  15332.005809   -205.991856  4  4  4  72       
PG32  15140.794362 -15367.903899  15606.740984   -441.624260  3  5  4  76       
*  2025  5 26  4  0  0.00000000
PG01 -21268.574964 -13562.789983   8356.655210    272.151155  4  6  6  58       
PG02 -20425.698820 -17129.842892  -2301.165678   -161.064498  5  5  8  77       
PG03 -12392.580440  -9289.150837  21415.519753    692.260373  4  7  5  80       
PG04 -23030.202764  -2624.591092  13129.541299    571.007665  5  3  5  82       
PG05   7316.701744  20506.731420 -15349.592474   -210.818118  4  6  5  94       
PG06  -3079.143155  15986.237046  21018.711869   -375.775222  4  4  4  83       
PG07 -19455.231456   -304.873749 -17697.436992    -30.873352  4  5  4  68       
PG08 -16589.411644  -8463.318582 -19247.954400    521.606517  5  5  4  79       
PG09 -25462.109449   6988.907802   3084.964280    668.463488  3  4  6  71       
PG10  10402.010816 -22664.337641  -8405.014745   -434.636397  3  6  5 113       
PG11   7690.983028  21144.995755  14201.866705   -706.967546  3  5  5  64       
PG12  12266.581369  10380.904727  20868.081997   -586.038250  4  4  3  59       
PG13   6277.104613  14021.484425 -21931.280093    701.196819  3  4  6  78       
PG14 -12540.567762  20631.329217 -10699.977864    650.726339  4  4  4  79       
PG15  17194.267381   7071.983582 -19538.456008    300.155210  5  5  5  81       
PG16  -1454.359452 -23788.061396 -11608.531170     23.847846  6  8  9  78       
PG17 -20820.059922  13225.220909  10532.401152    264.033165  5  5  4  84       
PG18  18030.295397  -1444.005010 -19502.345931   -620.291458  3  3  3  84       
PG19 -12729.371296  15202.241621  17310.191632    631.926901  3  6  6 101       
PG20   2107.466697  26265.486865  -3691.624691    364.308292  4  5  6  73       
PG22  -9897.682173  24519.397126  -3518.056293   -103.068906  3  4  4  87       
PG23  14862.247098 -10303.580210 -19316.524079    483.382746  4  6  6  76       
PG24  22161.882025  14955.092105    962.100962   -395.421027  6  5  4  79       
PG25  15678.515055  -2533.678309  20891.897665    486.357587  4  4  2  32       
PG26   2802.873686 -26195.446936   -110.636118   -255.203187  6  4  6  73       
PG27  -3812.882617 -15009.069757 -21890.586213    -25.357649  6  7  5  67       
PG28   5618.122643 -14743.886935  21361.738079   -616.160234  5  4  6  83       
PG29  26054.681654  -3736.456985   4039.155170   -502.486281  5  6  5  73       
PG30 -11444.220214  10796.491968 -21230.294111   -135.524501  4  5  5  76       
PG31  -3228.193713 -19609.007963  17197.978672   -205.990760  4  4  4  87       
PG32  16754.507476 -15671.975760  13458.199922   -441.614698  3  5  3  75       
*  2025  5 26  4 15  0.00000000
PG01 -21674.766637 -14296.022832   5658.168225    272.162041  4  5  6  71       
PG02 -19921.807283 -17036.940489  -5099.389903   -161.056305  5  5  8  68       
PG03 -11915.692683 -11670.177509  20520.190255    692.261251  4  7  4  77       
PG04 -21549.198851  -3293.739790  15302.619627    571.011784  5  3  4  87       
PG05   6966.165195  22077.786804 -13144.303186   -210.818889  4  6  5  99       
PG06  -4952.581910  14436.292911  21782.342135   -375.791887  4  4  4  89       
PG07 -20901.292350  -1717.887430 -15977.208615    -30.876506  4  5  4  82       
PG08 -14570.289962  -9414.367724 -20375.058948    521.609128  5  6  4  72       
PG09 -25068.731168   6567.788480   5877.676710    668.472198  3  3  5  80       
PG10  10382.596325 -21500.181856 -11035.834654   -434.646847  3  6  6 102       
PG11   6293.752354  20105.725597  16250.700097   -706.961323  3  5  5  74       
PG12  11622.292168  12687.722970  19956.533127   -586.039993  4  4  4  64       
PG13   3868.948434  14542.189146 -22128.132306    701.197089  3  5  6  77       
PG14 -12551.222218  19224.591726 -13059.864841    650.731158  4  4  4  90       
PG15  15338.735731   8254.698464 -20608.615877    300.159069  6  5  5  67       
PG16   -923.947062 -24837.946641  -9074.725564     23.855339  6  8  8  87       
PG17 -21836.295409  13326.121095   7949.410603    264.017074  5  5  4  92       
PG18  19586.673746     31.107327 -18021.427592   -620.286691  3  3  3  83       
PG19 -14627.513249  15494.291615  15421.830844    631.930028  3  6  6  99       
PG20   1859.273700  26538.276072   -861.807503    364.307874  3  5  5  65       
PG22  -9972.219150  23881.381192  -6279.967928   -103.068922  3  4  4  96       
PG23  14624.718005  -8022.051462 -20558.614851    483.388647  4  6  6  90       
PG24  21997.103278  15206.911993  -1815.990861   -395.413833  5  5  5  70       
PG25  15367.068992    -55.836572  21289.409341    486.356487  4  4  2  61       
PG26   3163.587887 -25995.900847   2698.820479   -255.218732  5  4  6  72       
PG27  -1538.123656 -15836.870490 -21539.966196    -25.357072  6  7  4  91       
PG28   7583.620011 -13254.268894  21728.559823   -616.164343  5  3  6  84       
PG29  25517.814809  -3348.978062   6807.468890   -502.482143  5  6  5  79       
PG30 -13324.661761   9218.117002 -20901.435474   -135.515654  4  5  4  86       
PG31  -1514.674628 -18353.926528  18758.505425   -205.989544  4  4  4  76       
PG32  18113.235081 -15969.940675  11079.044356   -441.605146  3  5  4  71       
*  2025  5 26  4 30  0.00000000
PG01 -21882.883590 -14804.415725   2862.447086    272.172948  4  5  6  33       
PG02 -19145.024417 -16812.623048  -7811.213026   -161.047664  5  5  8  56       
PG03 -11588.414225 -13950.553682  19267.077670    692.262116  4  7  4  82       
PG04 -19891.436186  -4127.061595  17214.533888    571.015961  4  3  4  92       
PG05   6716.918614  23405.447331 -10714.379222   -210.819457  4  6  5  88       
PG06  -6961.532359  12955.947747  22172.731592   -375.808556  5  5  4  97       
PG07 -22241.306808  -2924.977302 -13975.835811    -30.878969  4  5  4  76       
PG08 -12503.301409 -10515.853704 -21159.309273    521.611710  6  7  4  96       
PG09 -24417.261752   5993.247871   8569.363243    668.480958  3  4  5  84       
PG10  10395.688945 -20046.686425 -13471.105731   -434.657169  4  6  7  81       
PG11   4675.181789  19006.570712  18021.351439   -706.955090  3  5  5  80       
PG12  11119.994286  14900.649213  18693.320848   -586.040726  3  4  4  29       
PG13   1489.419313  15195.146269 -21952.678055    701.196879  4  5  6  72       
PG14 -12597.359613  17567.497500 -15191.241850    650.736027  3  4  4  85       
PG15  13462.158627   9582.584160 -21340.560540    300.162724  6  6  5  73       
PG16   -502.126912 -25624.378074  -6383.002716     23.863050  6  8  8  89       
PG17 -22569.789811  13375.529451   5233.085134    264.001383  4  5  4  83       
PG18  21072.703832   1305.873385 -16232.325696   -620.281942  3  2  4  74       
PG19 -16289.016475  15812.114333  13260.261099    631.933073  3  7  6  94       
PG20   1602.912432  26504.000969   1982.760282    364.307410  3  6  5  62       
PG22 -10022.556281  22946.061427  -8934.605637   -103.068711  3  4  4  48       
PG23  14504.049981  -5611.931472 -21443.517322    483.394535  4  6  6  92       
PG24  21581.214774  15307.335572  -4563.707473   -395.406629  5  5  5  78       
PG25  15175.639695   2455.831330  21307.769738    486.355343  4  4  3  61       
PG26   3527.902843 -25495.851080   5460.561404   -255.234319  5  4  5  81       
PG27    640.804771 -16759.308527 -20827.728911    -25.356479  5  7  4  85       
PG28   9640.754519 -11857.652714  21721.405540   -616.168500  5  2  6  88       
PG29  24713.575387  -2830.459152   9459.416901   -502.478216  4  6  5  74       
PG30 -15228.999753   7767.259371 -20208.256051   -135.506807  5  5  4  69       
PG31    384.867659 -17089.135437  19986.128027   -205.988444  5  4  4  87       
PG32  19201.844842 -16222.532465   8509.407497   -441.595645  3  5  3  87       
*  2025  5 26  4 45  0.00000000
PG01 -21862.124774 -15109.486730     17.537784    272.183863  3  5  6  56       
PG02 -18088.371890 -16494.306209 -10389.897747   -161.039451  5  6  8  88       
PG03 -11399.006782 -16081.836342  17678.643668    692.262984  4  6  5  82       
PG04 -18100.094093  -5134.249900  18832.452365    571.020085  4  3  4  85       
PG05   6537.999082  24460.567597  -8100.957799   -210.820233  4  6  5 101       
PG06  -9068.882231  11579.861863  22183.630414   -375.825208  5  5  4 100       
PG07 -23433.320368  -3927.149157 -11730.337944    -30.882161  3  5  4  62       
PG08 -10432.804990 -11756.804478 -21586.449262    521.614317  6  7  4  81       
PG09 -23537.402329   5240.606104  11113.588828    668.489692  4  3  5  89       
PG10  10477.282334 -18329.700289 -15667.466940   -434.667545  5  7  7  58       
PG11   2850.941640  17889.677415  19483.482504   -706.948889  2  5  5  79       
PG12  10751.277603  16972.499140  17101.260987   -586.042282  3  4  4  67       
PG13   -815.326865  15964.795651 -21407.044948    701.197075  4  5  6  93       
PG14 -12709.583759  15688.900381 -17057.059005    650.740894  3  4  4  72       
PG15  11605.498188  11039.718679 -21722.528635    300.166514  6  6  6  84       
PG16   -158.113375 -26122.354218  -3579.612707     23.870838  6  8  8  74       
PG17 -23019.165787  13334.668209   2428.646194    263.985527  4  5  4  77       
PG18  22443.356102   2376.196042 -14166.115380   -620.277177  3  2  4  86       
PG19 -17690.190275  16118.350650  10863.419771    631.936225  3  7  6  95       
PG20   1301.624585  26167.054045   4793.465725    364.307223  3  7  5  74       
PG22 -10085.654065  21722.668996 -11435.869543   -103.068416  2  5  4  63       
PG23  14515.995895  -3121.339269 -21956.493893    483.400419  4  6  5  94       
PG24  20903.577927  15290.131917  -7235.414898   -395.399418  5  5  5  79       
PG25  15108.544851   4951.382452  20947.441503    486.354244  4  4  3  56       
PG26   3929.769563 -24703.949280   8125.621795   -255.249886  4  4  5  84       
PG27   2685.991491 -17748.536057 -19764.320367    -25.355915  5  8  4  79       
PG28  11748.915009 -10581.494660  21340.438063   -616.172642  5  2  6  89       
PG29  23670.841528  -2154.249875  11949.516601   -502.474003  5  6  4  85       
PG30 -17114.827355   6463.704750 -19163.757235   -135.497983  5  5  4  61       
PG31   2443.506032 -15854.744416  20859.524007   -205.987441  4  4  4  87       
PG32  20013.760469 -16389.603560   5792.978850   -441.586151  3  4  3  70       
*  2025  5 26  5  0  0.00000000
PG01 -21587.875365 -15239.015309  -2827.674788    272.194763  2  5  6  50       
PG02 -16753.581470 -16120.941926 -12790.385350   -161.030997  6  6  7  88       
PG03 -11327.852641 -18019.792837  15783.152180    692.263914  4  6  5  79       
PG04 -16220.802400  -6316.902982  20128.480024    571.024239  3  2  3  90       
PG05   6394.222741  25221.726424  -5348.491652   -210.821146  4  6  5  93       
PG06 -11232.202756  10336.052364  21815.252823   -375.841897  5  5  4 102       
PG07 -24438.403991  -4733.723614  -9281.481870    -30.885183  3  5  4  66       
PG08  -8401.403423 -13118.588116 -21648.060887    521.616916  6  8  4  60       
PG09 -22464.647020   4291.797144  13466.350064    668.498454  4  4  5  78       
PG10  10658.610237 -16383.259128 -17585.867804   -434.678011  5  7  8  79       
PG11    844.726955  16794.807988  20612.001905   -706.942619  2  5  5  75       
PG12  10500.042194  18859.817202  15208.981630   -586.044095  2  5  4  57       
PG13  -3002.430189  16828.108113 -20499.500696    701.197164  4  5  6  77       
PG14 -12913.460456  13624.288119 -18625.053016    650.745785  3  4  4  78       
PG15   9806.733611  12603.312836 -21748.226481    300.170236  6  6  6  79       
PG16    142.588801 -26314.972818   -713.295093     23.878336  6  8  7  75       
PG17 -23191.390667  13166.173847   -416.843603    263.969731  3  5  4  79       
PG18  23655.126629   3246.475524 -11858.453842   -620.272420  3  2  4  80       
PG19 -18815.994226  16373.388934   8273.643864    631.939221  3  7  6  89       
PG20    920.353262  25540.364079   7522.363298    364.307429  3  8  4  83       
PG22 -10196.505920  20229.029011 -13739.830676   -103.068501  2  4  4  72       
PG23  14668.118568   -600.838374 -22089.346476    483.406344  4  6  5  99       
PG24  19961.086034  15191.290688  -9787.141547   -395.392164  5  6  5  60       
PG25  15162.025808   7381.288656  20215.808898    486.353156  4  4  4  56       
PG26   4400.951999 -23637.338932  10646.660778   -255.265462  4  3  5  72       
PG27   4564.919943 -18770.982556 -18366.109930    -25.355350  5  8  4  76       
PG28  13863.697731  -9446.099944  20592.249921   -616.176631  5  2  6  96       
PG29  22424.634017  -1299.938037  14234.951054   -502.470397  5  6  4  67       
PG30 -18938.106761   5319.519566 -17787.021458   -135.489143  5  4  4  62       
PG31   4627.300308 -14686.539588  21363.885272   -205.986319  5  4  4  99       
PG32  20551.118874 -16431.807605   2976.291174   -441.576644  4  4  3  78       
*  2025  5 26  5 15  0.00000000
PG01 -21042.765049 -15225.800315  -5624.304094    272.205667  2  5  6  36       
PG02 -15151.301552 -15731.416885 -14970.108768   -161.022882  6  7  7  97       
PG03 -11348.371495 -19725.947492  13614.119187    692.264793  4  5  6  61       
PG04 -14299.997001  -7668.276510  21080.141071    571.028429  3  2  4  82       
PG05   6247.702835  25676.002136  -2504.020584   -210.822215  4  7  4  92       
PG06 -13405.218301   9244.942127  21074.246212   -375.858559  6  5  4  95       
PG07 -25222.097430  -5361.639171  -6672.942671    -30.888137  3  5  4  53       
PG08  -6448.474240 -14575.442619 -21341.778126    521.619544  6  8  4  84       
PG09 -21238.914146   3136.286738  15586.847568    668.507089  4  4  5  82       
PG10  10964.732127 -14248.366753 -19192.329395   -434.688449  5  7  8  77       
PG11  -1312.449362  15757.827285  21387.491444   -706.936347  2  5  5  83       
PG12  10343.303300  20524.422399  13050.344142   -586.045153  2  6  4  51       
PG13  -5033.768971  17755.387439 -19244.385079    701.197016  4  5  6  60       
PG14 -13228.391568  11414.533104 -19868.312004    650.750576  3  4  4  76       
PG15   8099.616582  14244.402666 -21416.917915    300.173743  6  6  6  69       
PG16    436.634886 -26194.173666   2165.588792     23.885826  6  8  6  67       
PG17 -23101.478320  12835.685418  -3255.206997    263.953971  3  4  5  85       
PG18  24667.653379   3929.220707  -9348.961038   -620.267644  3  3  5  82       
PG19 -19660.485106  16537.081355   5536.864622    631.942496  3  7  5  93       
PG20    427.278913  24644.887713  10122.972320    364.306846  3  8  4  96       
PG22 -10386.594685  18491.078937 -15805.542215   -103.068515  1  4  4  84       
PG23  14959.492196   1898.340730 -21840.513035    483.412270  3  6  4  92       
PG24  18758.334948  15047.537825 -12177.200423   -395.384958  5  5  6  52       
PG25  15324.470230   9698.210656  19126.964561    486.352057  4  3  5  39       
PG26   4969.533634 -22321.045410  12978.881485   -255.281012  4  3  5  64       
PG27   6251.554090 -19788.551224 -16655.237966    -25.354801  6  8  4  71       
PG28  15938.462638  -8463.964927  19489.747701   -616.180781  5  1  6  89       
PG29  21014.804520   -254.345737  16276.303154   -502.465863  4  6  3  76       
PG30 -20654.770389   4338.790996 -16102.807758   -135.480324  5  4  3  58       
PG31   6896.476946 -13614.620425  21491.154702   -205.985158  4  4  4  83       
PG32  20824.596975 -16312.280482    107.936731   -441.567140  4  4  3  71       
*  2025  5 26  5 30  0.00000000
PG01 -20217.457786 -15106.232151  -8324.299044    272.216544  2  6  6  69       
PG02 -13300.971008 -15362.929496 -16889.803021   -161.014772  6  7  7  92       
PG03 -11428.215061 -21168.899410  11209.674692    692.265713  4  5  6  70       
PG04 -12383.251256  -9173.359860  21670.776395    571.032613  2  1  4  77       
PG05   6059.489196  25819.437775    383.614832   -210.822410  3  7  4  84       
PG06 -15539.424758   8318.711067  19973.556288   -375.875215  6  5  4 102       
PG07 -25755.656399  -5834.477235  -3950.458411    -30.891293  3  5  4  57       
PG08  -4608.812904 -16095.289200 -20671.413865    521.622164  6  9  4  78       
PG09 -19903.013643   1771.701790  17438.209190    668.515815  5  4  5  83       
PG10  11413.383810 -11971.497597 -20458.596941   -434.699020  5  7  8  79       
PG11  -3583.244782  14809.350384  21796.539444   -706.929907  3  5  4  85       
PG12  10252.277556  21934.739390  10663.769905   -586.046760  2  7  5  60       
PG13  -6877.236887  18711.341203 -17661.948785    701.197323  4  5  6  95       
PG14 -13666.750852   9104.442473 -20765.732160    650.755419  3  4  4  94       
PG15   6512.579319  15928.765295 -20733.454688    300.177774  6  6  6  80       
PG16    761.174584 -25761.145686   5005.991000     23.893765  7  7  6  86       
PG17 -22771.895265  12313.352243  -6037.923817    263.938107  3  4  4  84       
PG18  25445.218661   4444.354775  -6680.544881   -620.262910  3  3  5  83       
PG19 -20226.895266  16570.497815   2701.719830    631.945552  4  6  5  96       
PG20   -204.772497  23508.810972  12551.045253    364.306981  3  8  5  90       
PG22 -10682.468019  16542.071842 -17595.828845   -103.068159  1  4  4  82       
PG23  15380.750230   4326.091091 -21215.044010    483.418193  3  6  4  87       
PG24  17307.527654  14894.855448 -14366.759938   -395.377728  5  5  6  57       
PG25  15576.968993  11858.667323  17701.359116    486.350972  3  2  5  67       
PG26   5658.576000 -20787.051660  15080.902576   -255.296570  4  2  5  72       
PG27   7727.196749 -20760.018582 -14659.365907    -25.354281  5  8  4  74       
PG28  17925.984229  -7639.431243  18051.928378   -616.184903  5  1  6  96       
PG29  19484.547077    987.749588  18038.239303   -502.461915  4  6  2  81       
PG30 -22222.319521   3517.688900 -14141.053316   -135.471460  5  4  3  70       
PG31   9206.843501 -12662.292585  21240.118220   -205.983969  4  4  4  96       
PG32  20852.909345 -15998.252276  -2762.275243   -441.557646  3  4  3  74       
*  2025  5 26  5 45  0.00000000
PG01 -19111.142205 -14918.734781 -10881.266658    272.227451  2  6  6  58       
PG02 -11230.352372 -15049.409441 -18514.295073   -161.006297  6  7  7  78       
PG03 -11530.688209 -22325.362615   8611.851951    692.266582  5  5  6  74       
PG04 -10513.645710 -10809.275742  21889.848499    571.036794  2  1  4  78       
PG05   5791.266419  25657.174503   3264.605574   -210.823994  3  8  3  84       
PG06 -17585.795944   7560.971912  18532.191882   -375.891917  6  5  4 100       
PG07 -26017.063669  -6181.259607  -1160.998018    -30.894115  2  5  4  46       
PG08  -2911.439723 -17640.805381 -19646.992209    521.624743  6  9  4  74       
PG09 -18501.009516    204.143902  18988.150227    668.524534  5  4  5  94       
PG10  12014.142858  -9602.884513 -21362.667856   -434.709531  5  7  8  81       
PG11  -5925.220467  13973.602686  21831.975472   -706.923684  2  4  4  89       
PG12  10193.701422  23066.863683   8091.490794   -586.047967  2  7  5  68       
PG13  -8507.806335  19656.385786 -15778.096326    701.197380  4  5  6  71       
PG14 -14233.314936   6741.167181 -21302.359114    650.760240  4  4  3  83       
PG15   5067.830667  17618.030421 -19708.246022    300.181476  6  6  6  75       
PG16   1152.140008 -25026.371540   7757.159287     23.901187  7  6  5  77       
PG17 -22231.685730  11575.202004  -8716.939052    263.922399  2  4  4  60       
PG18  25958.083031   4818.244141  -3898.681973   -620.258179  3  4  5  90       
PG19 -20527.338751  16437.640736   -181.393642    631.948746  4  6  4  82       
PG20   -997.101998  22166.491865  14765.295651    364.306810  2  8  5  81       
PG22 -11104.493986  14421.486739 -19078.035525   -103.067928  1  4  3  79       
PG23  15914.474184   6635.163523 -20224.462621    483.424091  3  6  5  91       
PG24  15628.121233  14767.055059 -16320.362678   -395.370511  5  5  6  78       
PG25  15894.177762  13824.532284  15965.327791    486.349915  3  2  5  54       
PG26   6484.988428 -19073.098085  16915.558724   -255.312220  4  3  5  70       
PG27   8981.082686 -21642.590821 -12411.324167    -25.353764  5  7  4  73       
PG28  19780.133913  -6968.664393  16303.551501   -616.189009  5  1  5  87       
PG29  17878.788498   2423.199259  19490.130580   -502.457593  4  7  2  81       
PG30 -23601.358268   2844.841318 -11936.294375   -135.462629  5  4  2  79       
PG31  11511.375988 -11845.259854  20616.354582   -205.982679  4  4  5  88       
PG32  20661.991413 -15462.523343  -5584.205218   -441.548165  3  4  2  69       
*  2025  5 26  6  0  0.00000000
PG01 -17731.703257 -14702.138205 -13251.266342    272.238353  2  7  6  48       
PG02  -8974.729983 -14820.045829 -19813.252692   -160.998007  6  8  7  67       
PG03 -11616.337310 -23180.891801   5865.819833    692.267495  5  4  6  72       
PG04  -8730.237677 -12545.990585  21733.147584    571.040970  1  2  4  67       
PG05   5407.044214  25203.243869   6089.038834   -210.824632  2  9  4  89       
PG06 -19496.514491   6966.780576  16774.894173   -375.908621  6  5  3  89       
PG07 -25991.775964  -6435.074186   1648.042321    -30.897180  2  5  4  53       
PG08  -1378.618129 -19170.723875 -18284.679275    521.627390  6  9  4  78       
PG09 -17076.540829  -1551.827976  20209.557617    668.533276  5  4  4  79       
PG10  12767.944051  -7194.665689 -21889.183277   -434.719999  5  7  8  87       
PG11  -8292.274166  13267.536014  21493.002262   -706.917425  3  4  4  86       
PG12  10131.323904  23905.322064   5378.742481   -586.049318  3  7  5  75       
PG13  -9908.335585  20548.141497 -13624.031364    701.197534  4  5  6  71       
PG14 -14925.010058   4372.534561 -21469.609951    650.765027  4  4  3  75       
PG15   3780.670829  19270.953766 -18357.164947    300.184945  6  7  7  55       
PG16   1642.561825 -24009.298797  10369.642566     23.909041  7  6  4  61       
PG17 -21515.341495  10604.312655 -11245.495909    263.906855  3  5  4  63       
PG18  26183.602582   5082.489118  -1050.664878   -620.253458  4  4  5  83       
PG19 -20582.158902  16107.045606  -3061.302406    631.952156  4  6  4  73       
PG20  -1964.136747  20657.184416  16728.075435    364.306483  2  8  5  85       
PG22 -11665.853357  12173.681550 -20224.715747   -103.068266  1  4  3  60       
PG23  16535.904490   8782.778841 -18886.515069    483.429985  3  6  5  68       
PG24  13746.231945  14694.449786 -18006.392279   -395.363271  5  5  6  58       
PG25  16245.440899  15564.299560  13950.511153    486.348827  2  2  5  54       
PG26   7458.658756 -17221.258033  18450.609779   -255.327797  4  3  5  48       
PG27  10010.676915 -22393.562216  -9948.655210    -25.353225  5  7  4  79       
PG28  21457.529634  -6439.956932  14274.712805   -616.193143  5  2  5  81       
PG29  16242.518407   4040.391332  20606.599946   -502.453466  4  7  3  66       
PG30 -24757.004833   2302.003006  -9527.020636   -135.453806  5  4  2  38       
PG31  13761.911058 -11171.144111  19632.049265   -205.981686  4  4  5  64       
PG32  20283.896477 -14684.741347  -8308.297100   -441.538656  2  4  3  68       
*  2025  5 26  6 15  0.00000000
PG01 -16095.567975 -14494.044645 -15393.562316    272.249314  3  7  5  78       
PG02  -6575.793343 -14697.989094 -20761.870165   -160.989734  6  8  6  86       
PG03 -11644.641037 -23730.270054   3019.074391    692.268383  5  4  6  82       
PG04  -7066.689034 -14347.311250  21202.893668    571.045140  2  2  4  93       
PG05   4874.772351  24480.023008   8807.779703   -210.825383  2  9  5  93       
PG06 -21226.663198   6522.978961  14731.716148   -375.925339  6  5  3  82       
PG07 -25673.190036  -6631.587054   4429.602656    -30.900169  2  4  4  72       
PG08    -25.125799 -20641.313387 -16606.606660    521.630118  6  8  4  86       
PG09 -15671.166907  -3473.547902  21080.986165    668.541989  5  4  4  90       
PG10  13666.963680  -4798.970241 -22029.675772   -434.730553  5  6  8  96       
PG11 -10636.219510  12700.234688  20785.222052   -706.911168  3  3  4  96       
PG12  10027.509804  24443.503122   2572.919954   -586.050716  4  7  5  85       
PG13 -11070.085262  21343.065252 -11235.804280    701.197527  4  5  5  72       
PG14 -15730.981850   2045.370908 -21265.374757    650.769882  4  4  3  69       
PG15   2659.049730  20844.813569 -16701.388225    300.188781  6  7  7  70       
PG16   2260.989479 -22737.644075  12796.292619     23.916731  7  5  4  72       
PG17 -20661.453323   9391.736393 -13578.979947    263.890733  2  5  4  60       
PG18  26107.089717   5272.522919   1815.173075   -620.248702  4  5  5  85       
PG19 -20418.947721  15553.197775  -5887.048608    631.955190  4  5  4  70       
PG20  -3112.693191  19023.592131  18405.992021    364.306507  2  8  5  79       
PG22 -12371.817461   9846.336829 -21014.238875   -103.067827  1  4  2  77       
PG23  17213.942361  10732.058239 -17224.818358    483.435884  3  6  5  72       
PG24  11693.820534  14702.667245 -19397.488880   -395.356012  5  5  6  81       
PG25  16596.125248  17054.071992  11693.188909    486.347750  1  3  6  57       
PG26   8581.882575 -15276.350428  19659.341353   -255.343348  5  4  5  68       
PG27  10821.658598 -22972.014045  -7313.051618    -25.352715  5  7  4  79       
PG28  22919.089717  -6034.343759  12000.326511   -616.197269  6  1  4  83       
PG29  14619.122597   5819.489059  21367.984854   -502.449540  4  7  3  70       
PG30 -25660.128287   1864.985694  -6954.977464   -135.444952  5  4  2  54       
PG31  15910.872095 -10639.347091  18305.682435   -205.980592  4  3  5  75       
PG32  19755.447711 -13652.422766 -10886.499844   -441.529197  2  4  3  85       
*  2025  5 26  6 30  0.00000000
PG01 -14227.230670 -14329.251915 -17271.321444    272.260253  4  7  5  89       
PG02  -4080.241097 -14699.287763 -21341.467805   -160.981285  6  7  6  72       
PG03 -11575.736259 -23977.548550    120.605547    692.269235  5  4  6  77       
PG04  -5550.105181 -16172.132575  20307.731034    571.049281  1  3  4  87       
PG05   4167.814200  23517.370467  11373.353135   -210.826528  3  9  5  89       
PG06 -22735.814487   6208.855917  12437.519043   -375.942047  5  5  2  79       
PG07 -25062.822185  -6807.499187   7137.674617    -30.903203  3  4  4  47       
PG08   1142.188120 -22007.988668 -14640.583492    521.632725  6  8  4  82       
PG09 -14322.801984  -5530.915135  21587.056359    668.550718  4  4  4  92       
PG10  14694.874599  -2466.023588 -21782.670575   -434.741129  5  5  7  92       
PG11 -12908.452797  12272.634763  19720.556056   -706.904935  3  3  4  87       
PG12   9844.886845  24683.747004   -277.285792   -586.052367  4  7  5  76       
PG13 -11992.919482  21998.161212  -8653.763792    701.197475  4  4  5  69       
PG14 -16632.982136   -196.120224 -20693.999347    650.774705  5  4  3  69       
PG15   1703.387577  22296.886494 -14767.166059    300.192273  6  6  6  76       
PG16   3030.088732 -21246.354513  14993.233538     23.924193  6  5  4  83       
PG17 -19711.191168   7937.131214 -15675.757875    263.875060  3  6  4  66       
PG18  25722.386897   5426.071972   4650.244646   -620.243914  4  5  4  65       
PG19 -20071.282251  14757.705099  -8608.866006    631.958549  4  5  3  69       
PG20  -4441.531933  17310.304864  19770.456772    364.306189  2  7  5 100       
PG22 -13219.349817   7488.749625 -21431.296590   -103.067900  1  4  2  81       
PG23  17912.400986  12453.220052 -15268.414832    483.441767  3  5  6  72       
PG24   9507.685540  14811.639750 -20470.913617   -395.348770  5  5  6  86       
PG25  16909.104213  18278.239722   9233.546667    486.346676  1  4  6  62       
PG26   9849.114681 -13284.258071  20521.043383   -255.358896  4  4  5  71       
PG27  11427.582600 -23340.487508  -4549.692167    -25.352241  6  6  4  67       
PG28  24131.431510  -5726.505067   9519.525078   -616.201420  6  1  3  75       
PG29  13048.783861   7732.993758  21760.705669   -502.445614  3  7  3  76       
PG30 -26288.367012   1504.809659  -4264.429986   -135.436100  5  4  2  33       
PG31  17912.958962 -10241.252599  16661.603791   -205.979543  4  3  5  77       
PG32  19116.697921 -12361.671989 -13273.176266   -441.519721  1  4  3  89       
*  2025  5 26  6 45  0.00000000
PG01 -12158.475154 -14238.295168 -18852.244712    272.271163  4  7  5  81       
PG02  -1538.155656 -14832.113591 -21539.982494   -160.973106  5  7  6  77       
PG03 -11372.111727 -23935.741836  -2779.945810    692.270138  6  5  6  88       
PG04  -4200.130631 -17975.890159  19062.612852    571.053453  2  3  4  86       
PG05   3266.217373  22351.473680  13740.808499   -210.827322  3  9  6  92       
PG06 -23989.459486   5997.100557   9931.393417   -375.958760  5  4  1  81       
PG07 -24170.205368  -6999.003951   9727.963674    -30.906149  3  4  4  40       
PG08   2124.536366 -23226.989827 -12419.695219    521.635323  5  8  4  97       
PG09 -13064.301404  -7687.364047  21718.745015    668.559474  4  5  4  88       
PG10  15827.457226   -242.351334 -21153.642282   -434.751727  5  4  7  79       
PG11 -15061.644735  11977.567812  18317.057363   -706.898690  3  3  4  93       
PG12   9547.970184  24637.097579  -3122.751948   -586.053819  5  7  5  76       
PG13 -12685.178203  22472.704673  -5921.916763    701.197541  4  4  4  52       
PG14 -17606.054092  -2311.861827 -19766.153275    650.779630  5  4  3  73       
PG15    906.668902  23585.955362 -12585.517556    300.195888  6  6  6  68       
PG16   3965.482828 -19576.268289  16920.770156     23.932162  6  4  4  77       
PG17 -18706.669533   6249.065373 -17497.992462    263.859412  3  6  4  82       
PG18  25032.133145   5581.535069   7406.496531   -620.239153  4  5  5  57       
PG19 -19577.235521  13710.178011 -11179.115972    631.961426  4  5  3  72       
PG20  -5941.221329  15562.177056  20798.157142    364.305786  2  7  4  93       
PG22 -14197.056621   5150.045902 -21467.289904   -103.067562  2  4  2  78       
PG23  18591.455641  13924.500814 -13051.243502    483.447622  4  5  6  62       
PG24   7228.297238  15034.803244 -21208.862135   -395.341571  5  5  6  78       
PG25  17146.328510  19229.830155   6614.895512    486.345664  1  5  6  70       
PG26  11247.051475 -11290.223579  21021.357393   -255.374454  5  5  4  73       
PG27  11849.223672 -23466.561791  -1706.482608    -25.351772  6  6  3  86       
PG28  25068.061295  -5485.921317   6874.986631   -616.205560  6  1  3  76       
PG29  11567.012512   9746.613324  21777.531630   -502.441606  3  6  4  54       
PG30 -26626.894212   1189.028989  -1501.402663   -135.427257  5  4  2  28       
PG31  19726.734809  -9960.753496  14729.509146   -205.978191  3  3  5  75       
PG32  18409.259360 -10817.563266 -15425.977531   -441.510262  1  3  3  81       
*  2025  5 26  7  0  0.00000000
PG01  -9927.323168 -14246.163683 -20109.121658    272.282069  5  8  5  83       
PG02    998.788176 -15096.317625 -21352.328084   -160.964446  5  7  6  86       
PG03 -11000.204964 -23626.195185  -5633.125919    692.271011  6  5  7  87       
PG04  -3028.337341 -19712.164349  17488.575631    571.057627  2  4  4  85       
PG05   2157.727217  21023.451596  15868.548494   -210.828218  2  9  6  90       
PG06 -24960.224087   5855.011601   7256.013290   -375.975503  4  4  1  74       
PG07 -23012.516716  -7240.298041  12158.496054    -30.909272  3  4  4  82       
PG08   2931.005894 -24257.065652  -9981.790132    521.637890  5  7  5  97       
PG09 -11922.255770  -9901.095454  21473.562033    668.568271  4  4  4  90       
PG10  17033.536315   1830.845709 -20154.833076   -434.762368  5  4  7  87       
PG11 -17051.393239  11800.128356  16598.619201   -706.892474  4  4  4  79       
PG12   9104.700737  24322.733459  -5914.772576   -586.055381  6  6  5  85       
PG13 -13163.219779  22729.911559  -3087.203079    701.197548  4  4  4  56       
PG14 -18619.485634  -4267.233103 -18498.589358    650.784459  5  4  4  65       
PG15    254.813225  24673.798111 -10191.848104    300.199590  6  6  5  63       
PG16   5074.892738 -17772.531498  18544.208001     23.939902  6  4  4  74       
PG17 -17689.261753   4344.972207 -19012.413230    263.843389  4  6  4  76       
PG18  24047.713992   5776.341509  10037.187714   -620.234415  4  5  4  49       
PG19 -18977.728775  12408.782768 -13553.161625    631.964629  4  5  2  83       
PG20  -7594.315631  13822.707294  21471.445822    364.305829  2  7  5  97       
PG22 -15285.495942   2877.386094 -21120.580795   -103.067636  2  4  2  70       
PG23  19209.235710  15132.769560 -10611.538981    483.453512  4  5  6  69       
PG24   4898.508967  15378.530439 -21598.726433   -395.334326  5  4  6  82       
PG25  17270.419024  19910.524947   3882.863443    486.344581  2  6  6  55       
PG26  12755.038033  -9337.194692  21152.487588   -255.389963  5  5  4  68       
PG27  12113.622101 -23324.268961   1166.788010    -25.351314  6  5  3  82       
PG28  25710.309962  -5278.234927   4112.201515   -616.209689  6  1  2  85       
PG29  10203.364408  11820.405476  21417.737636   -502.437323  3  6  4  73       
PG30 -26668.905994    883.177787   1287.092909   -135.418420  5  4  2  56       
PG31  21316.049861  -9775.074913  12543.834856   -205.976990  3  2  4  72       
PG32  17674.572767  -9034.164977 -17306.661838   -441.500754  1  3  3  88       
*  2025  5 26  7 15  0.00000000
PG01  -7576.748668 -14371.242574 -21020.298433    272.292975  6  8  4  89       
PG02   3479.206456 -15483.345682 -20780.607492   -160.956243  5  6  5  89       
PG03 -10431.842702 -23077.652376  -8390.488136    692.271899  6  5  7 108       
PG04  -2037.930964 -21334.374739  15612.405064    571.061710  3  4  4  66       
PG05    838.498769  19577.766761  17719.104271   -210.829088  3  9  6  81       
PG06 -25628.827029   5745.917050   4456.932665   -375.992193  3  4  1  74       
PG07 -21613.955727  -7562.193801  14390.170018    -30.912057  3  4  4  71       
PG08   3578.050451 -25061.092853  -7368.857907    521.640444  5  7  5  93       
PG09 -10916.041373 -12126.522291  20855.608776    668.577016  3  4  4  87       
PG10  18276.199814   3719.082032 -18804.942177   -434.772958  5  3  6  80       
PG11 -18837.774468  11718.351635  14594.582203   -706.886254  3  5  4  82       
PG12   8487.839023  23767.106254  -8605.877245   -586.056767  6  6  5  88       
PG13 -13450.645979  22738.485673   -198.695368    701.197726  4  4  4  81       
PG14 -19637.990953  -6034.176657 -16913.802629    650.789291  6  5  4  46       
PG15   -272.683420  25526.605495  -7625.485582    300.203289  5  6  5  82       
PG16   6357.617812 -15882.841386  19834.560135     23.947832  6  4  4  75       
PG17 -16697.931923   2250.746852 -20191.021663    263.827642  4  6  4  76       
PG18  22788.896630   6045.348974  12497.648033   -620.229709  4  5  4  55       
PG19 -18314.797196  10860.448934 -15690.161429    631.968010  4  5  2  82       
PG20  -9375.842175  12132.479113  21778.641110    364.305859  3  7  5 104       
PG22 -16457.838968    714.241010 -20396.596026   -103.067252  3  4  2  73       
PG23  19723.497208  16073.816117  -7991.169289    483.459405  5  5  5  65       
PG24   2562.186024  15841.817336 -21633.303374   -395.327099  5  4  6  86       
PG25  17246.218964  20330.352837   1084.576275    486.343467  2  6  5  57       
PG26  14345.779275  -7464.287029  20913.275201   -255.405497  5  5  4  69       
PG27  12252.863597 -22895.281311   4019.360499    -25.350847  6  5  3  84       
PG28  26047.978622  -5066.765316   1278.690542   -616.213801  6  1  2  85       
PG29   8980.397461  13910.153608  20687.146941   -502.433407  2  6  5  72       
PG30 -26415.818093    552.281494   4053.830184   -135.409598  5  4  2  49       
PG31  22651.250684  -9655.854151  10143.086723   -205.975850  3  2  4  66       
PG32  16952.188553  -7034.201288 -18881.836645   -441.491257  1  3  3  86       
*  2025  5 26  7 30  0.00000000
PG01  -5153.206526 -14624.520665 -21570.051522    272.303921  6  7  4  86       
PG02   5853.899569 -15976.525142 -19834.162667   -160.947953  5  6  5  93       
PG03  -9645.472349 -22325.062854 -11005.382886    692.272885  6  5  7  92       
PG04  -1223.788058 -22797.500146  13466.196949    571.065858  3  4  4  77       
PG05   -686.525223  18060.509951  19259.839244   -210.830109  3  8  6  74       
PG06 -25984.744299   5630.750831   1581.834416   -376.008883  3  4  1  82       
PG07 -20004.899619  -7990.875361  16387.252652    -30.914893  2  4  4  85       
PG08   4088.678329 -25607.563298  -4626.308118    521.643025  5  6  4  93       
PG09 -10057.165028 -14315.873560  19875.515951    668.585810  3  4  4  93       
PG10  19514.245295   5395.691982 -17128.699103   -434.783538  5  4  7  76       
PG11 -20386.732634  11704.176400  12339.246059   -706.880009  3  5  4  81       
PG12   7676.163631  23002.824653 -11150.607141   -586.058225  6  6  5  95       
PG13 -13577.235187  22473.978487   2693.263598    701.197692  4  4  3  78       
PG14 -20623.072150  -7592.044467 -15039.598049    650.794094  6  5  4  68       
PG15   -701.851443  26116.274639  -4929.133623    300.206711  5  5  4  70       
PG16   7804.381437 -13955.594852  20769.120368     23.955439  6  4  4  77       
PG17 -15767.655246     -0.008156 -21011.709479    263.811716  4  6  4  85       
PG18  21283.163148   6419.340493  14746.006843   -620.224875  4  5  5  81       
PG19 -17629.843176   9080.727824 -17553.767265    631.971016  4  5  2  94       
PG20 -11254.080820  10527.720753  21714.233709    364.305693  3  7  5 103       
PG22 -17680.859742  -1301.185975 -19307.775267   -103.067552  3  5  2  81       
PG23  20093.312404  16752.306326  -5234.924015    483.465258  5  6  5  71       
PG24    262.794934  16416.235578 -21310.947169   -395.319895  5  4  6  95       
PG25  17042.246769  20507.079259  -1732.156315    486.342365  3  5  5  66       
PG26  15986.321793  -5705.425551  20309.139551   -255.421012  5  5  4  73       
PG27  12302.639588 -22169.814209   6800.469059    -25.350415  6  4  3  78       
PG28  26079.669550  -4814.118014  -1576.811651   -616.217952  6  1  2  85       
PG29   7912.908745  15968.923390  19598.056916   -502.429241  2  6  4  57       
PG30 -25877.167918    162.376470   6752.129073   -135.400746  5  4  3  81       
PG31  23710.133691  -9570.429084   7569.119842   -205.974796  4  2  4  86       
PG32  16278.133324  -4848.362377 -20123.605537   -441.481775  1  3  3  91       
*  2025  5 26  7 45  0.00000000
PG01  -2705.031384 -15009.095562 -21748.860748    272.314872  6  7  3  93       
PG02   8077.671051 -16551.716840 -18529.454214   -160.939572  5  6  5  90       
PG03  -8627.140444 -21408.175526 -13433.706831    692.273935  7  6  8  99       
PG04   -572.824358 -24059.757136  11086.819058    571.070009  4  4  3  78       
PG05  -2403.588854  16517.626510  20463.565336   -210.830684  4  8  5  91       
PG06 -26026.554702   5469.727091  -1320.257653   -376.025568  3  3  1  66       
PG07 -18220.867332  -8546.835085  18117.824170    -30.917767  2  4  4  86       
PG08   4491.363979 -25871.874588  -1802.160493    521.645500  5  6  4  73       
PG09  -9348.929635 -16420.893801  18550.261447    668.594556  3  3  4  97       
PG10  20703.791447   6842.610377 -15156.335456   -434.794145  6  4  7  73       
PG11 -21671.254912  11724.656178   9871.292707   -706.873794  3  5  4  79       
PG12   6655.432261  22067.331097 -13506.238332   -586.059539  6  5  5  92       
PG13 -13577.622541  21919.901974   5537.970049    701.197884  4  4  3  82       
PG14 -21534.506919  -8928.154542 -12908.577230    650.798901  6  6  4  76       
PG15  -1063.120445  26421.526917  -2148.242179    300.210485  5  5  4  81       
PG16   9397.548272 -12038.025556  21331.887548     23.963324  6  5  4  84       
PG17 -14927.996266  -2367.065214 -21458.769468    263.795838  5  6  4  91       
PG18  19564.765317   6923.676508  16743.881827   -620.220132  4  5  5  77       
PG19 -16961.949383   7093.313741 -19112.715940    631.974181  4  5  2  85       
PG20 -13191.608226   9039.037515  21278.996100    364.305610  3  7  4  93       
PG22 -18916.213541  -3137.319906 -17873.360824   -103.067604  3  5  2  90       
PG23  20280.713324  17181.409270  -2389.764385    483.471173  6  7  4  37       
PG24  -1958.002207  17086.155850 -20635.661974   -395.312659  4  4  6  94       
PG25  16631.997401  20465.323992  -4519.636054    486.341254  3  5  4  44       
PG26  17639.262112  -4088.216602  19351.892783   -255.436507  5  5  4  71       
PG27  12300.645955 -21147.198302   9460.332498    -25.349956  6  4  3  66       
PG28  25812.789885  -4483.824902  -4405.194072   -616.222092  6  1  3  81       
PG29   7007.483412  17948.740466  18169.047248   -502.425328  2  6  4  81       
PG30 -25070.228943   -318.018057   9336.596882   -135.391973  5  4  3  76       
PG31  24478.612932  -9483.280584   4866.385153   -205.973788  3  2  3  79       
PG32  15683.431584  -2514.290290 -21010.103380   -441.472273  2  3  3  88       
*  2025  5 26  8  0  0.00000000
PG01   -280.767299 -15519.995496 -21553.576790    272.325824  6  7  3  97       
PG02  10110.988328 -17178.307229 -16889.768889   -160.931331  4  6  5  91       
PG03  -7371.184041 -20369.973440 -15634.601934    692.274922  7  6  8  97       
PG04    -64.681040 -25084.170937   8515.282059    571.074123  4  4  3  79       
PG05  -4290.454051  14993.156649  21309.057247   -210.831800  4  7  5  80       
PG06 -25761.952971   5224.049016  -4199.792168   -376.042277  3  3  1  74       
PG07 -16301.327738  -9244.020536  19554.171989    -30.920808  2  4  4  87       
PG08   4818.725268 -25837.365896   1053.837566    521.648036  5  5  4  90       
PG09  -8786.433771 -18394.571161  16902.871089    668.603326  2  3  4  93       
PG10  21799.987337   8050.805801 -12922.971305   -434.804671  6  4  7  64       
PG11 -22672.285592  11743.372543   7233.129956   -706.867603  4  6  4  69       
PG12   5419.073235  21001.423904 -15633.443897   -586.060793  7  5  5  83       
PG13 -13489.777804  21068.543719   8285.296476    701.197835  4  4  3  79       
PG14 -22331.904573 -10038.041576 -10557.555124    650.803749  6  6  4  73       
PG15  -1389.997141  26428.801903    669.701747    300.214144  5  5  4  78       
PG16  11111.701382 -10174.412760  21513.831501     23.971222  6  5  4  83       
PG17 -14201.909492  -4804.942869 -21523.280359    263.779995  5  6  4  72       
PG18  17673.534366   7577.152785  18457.018235   -620.215350  5  5  5  76       
PG19 -16346.318880   4929.253570 -20341.307024    631.977788  5  5  2  81       
PG20 -15146.569686   7690.364278  20479.991760    364.305741  3  7  4  94       
PG22 -20121.949506  -4770.297170 -16119.031909   -103.067370  4  5  2  52       
PG23  20252.228365  17382.113288    495.953305    483.477088  7  7  4  42       
PG24  -4061.702657  17829.239947 -19617.129726   -395.305417  4  4  6  89       
PG25  15995.047351  20235.446664  -7231.041435    486.340165  4  4  4  73       
PG26  19264.128823  -2633.091125  18059.438184   -255.452023  5  4  4  68       
PG27  12284.887825 -19836.088887  11951.147642    -25.349522  6  3  3  67       
PG28  25263.228182  -4041.951417  -7157.813243   -616.226192  6  1  3  77       
PG29   6262.374471  19802.324054  16424.672377   -502.421020  3  6  4  82       
PG30 -24019.354228   -916.528943  11763.840097   -135.383110  5  3  4  80       
PG31  24951.083901  -9357.570730   2081.157349   -205.972301  3  2  3  87       
PG32  15192.845761    -75.282081 -21525.906626   -441.462742  2  3  4  87       
*  2025  5 26  8 15  0.00000000
PG01   2072.508399 -16144.325385 -20987.480136    272.336762  6  7  3  84       
PG02  11921.408317 -17820.498232 -14944.760158   -160.923110  4  6  5  84       
PG03  -5880.611710 -19255.008280 -17571.096370    692.275907  7  6  8  94       
PG04    327.297028 -25839.976071   5796.029820    571.078326  4  4  3  75       
PG05  -6317.076700  13527.561835  21781.452666   -210.832735  4  7  4  90       
PG06 -25207.428877   4857.587382  -7007.516892   -376.058989  3  3  2  68       
PG07 -14288.390628 -10089.215738  20673.136693    -30.924024  3  4  4  81       
PG08   5106.019868 -25496.050809   3891.147202    521.650554  5  5  4  73       
PG09  -8356.904985 -20192.825802  14962.007869    668.612118  2  3  3  84       
PG10  22758.750371   9020.357905 -10467.932845   -434.815234  6  5  7  73       
PG11 -23379.343425  11721.995657   4470.166142   -706.861375  4  5  4  79       
PG12   3968.585970  19847.681607 -17496.888562   -586.062044  7  4  5  78       
PG13 -13353.341862  19921.445036  10886.636379    701.197968  4  4  3  97       
PG14 -22976.271176 -10925.396513  -8026.917973    650.808619  7  6  4  67       
PG15  -1717.593592  26132.884816   3475.957121    300.217778  5  5  4  67       
PG16  12914.550297  -8404.440172  21312.997377     23.979009  6  5  4  74       
PG17 -13604.818499  -7264.512098 -21203.350309    263.763666  6  6  4  93       
PG18  15653.488033   8391.107965  19855.869027   -620.210553  5  6  4  76       
PG19 -15812.901836   2625.882211 -21219.763696    631.980430  6  5  2  75       
PG20 -17074.132580   6498.178000  19330.482570    364.305632  3  7  5  73       
PG22 -21254.191203  -6184.721970 -14076.392083   -103.067343  5  6  2  67       
PG23  19980.255695  17382.258462   3373.269606    483.482947  7  7  4  37       
PG24  -6014.221518  18617.191089 -18270.667407   -395.298225  4  4  6  71       
PG25  15117.927454  19852.246390  -9821.154124    486.339044  4  4  5  83       
PG26  20818.880408  -1352.747022  16455.364208   -255.467544  5  4  4  71       
PG27  12291.964413 -18254.296541  14228.057710    -25.349031  5  3  2  67       
PG28  24454.716473  -3458.607827  -9787.328898   -616.230355  6  2  4  85       
PG29   5667.719140  21484.808373  14395.042456   -502.417131  3  6  4  81       
PG30 -22755.074771  -1655.707860  13993.139237   -135.374277  5  3  4  83       
PG31  25130.476844  -9156.717112   -739.242605   -205.971342  3  3  2  92       
PG32  14823.887796   2421.235417 -21662.309365   -441.453215  3  3  4  87       
*  2025  5 26  8 30  0.00000000
PG01   4310.803358 -16861.731994 -20060.230183    272.347693  6  7  3  92       
PG02  13484.701881 -18438.836478 -12729.833947   -160.914845  4  5  5  77       
PG03  -4167.161950 -18107.695973 -19210.680259    692.276792  7  6  8  95       
PG04    634.829093 -26303.790237   2976.161503    571.082452  4  4  3  83       
PG05  -8446.601784  12156.206003  21872.529156   -210.832782  4  6  4  84       
PG06 -24387.623120   4338.464696  -9695.306214   -376.075692  4  3  2  63       
PG07 -12225.421350 -11081.674067  21456.411376    -30.926880  3  4  4  82       
PG08   5389.523732 -24849.011456   6659.406223    521.653042  5  5  3  85       
PG09  -8040.352841 -21776.091879  12761.457587    668.620877  2  3  3  79       
PG10  23538.465148   9760.184329  -7834.017973   -434.825765  6  5  6  54       
PG11 -23790.817376  11621.931187   1630.027920   -706.855147  4  5  4  78       
PG12   2313.639667  18648.848027 -19065.751124   -586.063301  7  3  4  77       
PG13 -13207.890482  18489.516731  13295.834378    701.197998  4  5  4  96       
PG14 -23431.525240 -11601.701387  -5359.933942    650.813438  7  6  4  51       
PG15  -2081.059654  25537.232784   6221.375844    300.221240  4  4  4  88       
PG16  14768.125822  -6761.774139  20734.451122     23.986625  6  6  3  88       
PG17 -13144.017719  -9694.771317 -20504.207760    263.748044  6  6  4  71       
PG18  13551.284811   9368.815976  20916.106686   -620.205792  5  6  4  58       
PG19 -15385.258550    225.530918 -21734.476586    631.983438  6  5  2  76       
PG20 -18928.068382   5471.000754  17849.734072    364.305373  4  7  5  85       
PG22 -22268.910403  -7374.063552 -11782.323917   -103.067356  5  6  2  56       
PG23  19444.223403  17215.323052   6193.418143    483.488831  8  8  4  42       
PG24  -7787.009292  19416.743673 -16617.107319   -395.291004  4  4  6  75       
PG25  13994.736961  19353.526347 -12247.039456    486.337873  5  3  5  79       
PG26  22261.457723   -251.905608  14568.447859   -255.482997  5  5  4  74       
PG27  12355.410609 -16428.240989  16250.067955    -25.348536  5  3  3  72       
PG28  23417.902625  -2709.305428 -12248.517137   -616.234431  6  2  4  56       
PG29   5206.083921  22955.383671  12115.299641   -502.413109  3  6  4  81       
PG30 -21312.986337  -2552.003036  15987.079768   -135.365449  4  3  4  88       
PG31  25028.004241  -8845.944363  -3547.218662   -205.970366  3  3  2  66       
PG32  14586.143162   4925.394918 -21417.459793   -441.443684  3  3  4  78       
*  2025  5 26  8 45  0.00000000
PG01   6394.709016 -17645.170808 -18787.704947    272.358594  5  7  3  72       
PG02  14785.626178 -18991.911171 -10285.398148   -160.906510  3  5  5  91       
PG03  -2251.038349 -16970.635640 -20525.810426    692.277708  7  6  8  91       
PG04    893.261138 -26460.513571    104.599728    571.086584  5  3  2  80       
PG05 -10636.637769  10908.053785  21580.851553   -210.833970  4  6  4  85       
PG06 -23334.382831   3640.483803 -12216.976460   -376.092390  4  4  2  57       
PG07 -10155.621459 -12213.013493  21890.794961    -30.930042  2  4  3  94       
PG08   5704.861272 -23906.433134   9309.405199    521.655531  5  5  3  74       
PG09  -7810.514680 -23110.730602  10339.521141    668.629585  2  4  3  76       
PG10  24101.579154  10287.436107  -5066.725822   -434.836338  7  5  6  70       
PG11 -23913.928473  11405.988796  -1238.265245   -706.848882  4  4  4  56       
PG12    471.870090  17446.236467 -20314.171354   -586.064785  7  2  4  82       
PG13 -13091.198587  16792.782705  15470.078857    701.198188  4  5  4  89       
PG14 -23665.908161 -12085.576684  -2602.027775    650.818234  7  6  4  82       
PG15  -2513.980897  24653.975676   8857.299894    300.225231  4  4  4  78       
PG16  16630.205123  -5272.918232  19790.074288     23.994359  6  6  3  75       
PG17 -12818.426613 -12044.714301 -19438.133314    263.731879  6  7  3  89       
PG18  11414.581274  10505.188630  21619.057870   -620.200997  4  5  4  75       
PG19 -15079.697226  -2225.937323 -21878.133463    631.987021  6  6  3  76       
PG20 -20662.404754   4609.213325  16062.719606    364.305289  5  7  5  92       
PG22 -23123.715008  -8340.678806  -9278.229652   -103.067165  6  6  2  56       
PG23  18631.494214  16919.009740   8908.615398    483.494608  8  8  4  62       
PG24  -9357.986369  20190.865095 -14682.593759   -395.283773  4  4  6  80       
PG25  12627.481890  18778.576734 -14468.675812    486.336770  5  3  5  86       
PG26  23551.329962    672.615972  12432.081919   -255.498522  5  5  4  75       
PG27  12504.170559 -14392.048512  17980.881847    -25.348019  4  3  3  68       
PG28  22189.168923  -1776.104465 -14499.047050   -616.238524  6  3  5  75       
PG29   4853.316949  24178.791413   9624.998987   -502.409267  3  5  4  89       
PG30 -19732.465079  -3614.960288  17712.132699   -135.356585  4  2  4  89       
PG31  24662.617622  -8393.756746  -6295.654457   -205.969275  3  3  2  72       
PG32  14480.933882   7386.671051 -20796.355931   -441.434119  4  3  5  68       
*  2025  5 26  9  0  0.00000000
PG01   8290.722848 -18461.945453 -17191.733701    272.369530  5  6  4  74       
PG02  15818.312026 -19438.141550  -7655.999843   -160.898286  3  4  4  74       
PG03   -160.331796 -15883.012274 -21494.339044    692.278542  7  6  8  85       
PG04   1139.980817 -26303.916236  -2768.779347    571.090782  4  3  2  82       
PG05 -12840.758501   9804.638625  20911.787006   -210.834239  5  6  4  74       
PG06 -22085.550912   2744.345052 -14529.075813   -376.109047  5  3  3  72       
PG07  -8120.618571 -13467.378354  21968.398862    -30.932744  2  3  3  81       
PG08   6085.360084 -22687.274917  11794.046537    521.658073  5  5  2  84       
PG09  -7636.055180 -24170.218871   7738.325664    668.638286  2  4  3  87       
PG10  24416.037355  10626.592160  -2213.465270   -434.846876  8  5  6  76       
PG11 -23764.358503  11040.006176  -4085.155243   -706.842812  4  3  4  85       
PG12  -1531.615469  16278.209368 -21221.619127   -586.066149  7  2  4  82       
PG13 -13037.579505  14859.758184  17370.734563    701.198221  5  4  4  94       
PG14 -23653.238140 -12401.868496    199.969372    650.823048  7  6  3  64       
PG15  -3046.808330  23503.579729  11336.490839    300.228771  4  4  4  77       
PG16  18455.901753  -3956.386547  18498.220995     24.002213  6  6  3  69       
PG17 -12618.709324 -14265.209629 -18024.231839    263.716434  6  6  3  88       
PG18   9290.352580  11786.802773  21952.052536   -620.196225  4  5  4  65       
PG19 -14904.712892  -4680.706732 -21649.739821    631.990417  7  6  3  44       
PG20 -22233.085912   3905.187971  13999.725917    364.305295  5  6  6  82       
PG22 -23779.572033  -9095.462983  -6609.180408   -103.067062  6  6  2  49       
PG23  17537.981834  16533.684392  11472.833579    483.500490  8  7  5 117       
PG24 -10712.256327  20900.133672 -12498.289760   -395.276574  4  5  6  81       
PG25  11026.130228  18166.630363 -16449.529142    486.335659  5  3  6  74       
PG26  24650.975189   1431.526778  10083.640774   -255.514024  5  5  3  82       
PG27  12761.272873 -12186.330745  19389.633422    -25.347483  4  3  3  71       
PG28  20809.242533   -648.508691 -16500.207527   -616.242675  6  4  5  76       
PG29   4579.673514  25126.613733   6967.405520   -502.405252  4  5  4  80       
PG30 -18055.257718  -4846.681782  19139.178958   -135.347682  4  2  4  75       
PG31  24060.198250  -7773.280065  -8938.643058   -205.967957  3  3  2  55       
PG32  14501.331830   9755.681437 -19810.703479   -441.424548  4  3  5  82       
*  2025  5 26  9 15  0.00000000
PG01   9972.343628 -19274.979903 -15299.726639    272.380421  5  6  4  76       
PG02  16586.253206 -19737.571197  -4889.378243   -160.890031  2  4  4  75       
PG03   2069.849273 -14879.140344 -22099.861834    692.279393  7  5  8  99       
PG04   1412.748639 -25836.889794  -5594.036998    571.094934  4  3  2  81       
PG05 -15010.171345   8859.341947  19877.388156   -210.835552  5  6  4  66       
PG06 -20683.533786   1638.603577 -16591.635565   -376.125714  5  4  3  79       
PG07  -6159.108773 -14821.865065  21686.805044    -30.935882  2  3  3  92       
PG08   6560.502595 -21218.588646  14069.261574    521.660536  4  4  2  72       
PG09  -7481.970552 -24936.067168   5003.068410    668.646982  3  4  3  74       
PG10  24456.505575  10808.293428    677.243882   -434.857423  8  6  6  81       
PG11 -23365.559475  10494.363916  -6861.412614   -706.836606  5  3  4  93       
PG12  -3665.005459  15178.786146 -21773.184326   -586.067619  7  2  4  96       
PG13 -13076.371167  12726.485912  18964.093764    701.198124  5  4  4  90       
PG14 -23373.962540 -12580.511553   2998.584107    650.827855  7  6  3  49       
PG15  -3705.388616  22114.176582  13614.070188    300.232462  4  4  4  87       
PG16  20199.350232  -2822.222017  16883.253434     24.009656  7  6  3  82       
PG17 -12527.755376 -16310.808877 -16288.049756    263.700391  7  6  3  71       
PG18   7223.238389  13192.254578  21908.679899   -620.191429  4  5  4  77       
PG19 -14860.741527  -7090.641316 -21054.537113    631.993064  8  6  3  71       
PG20 -23599.578267   3343.736943  11695.864462    364.304839  5  6  6  68       
PG22 -24202.390756  -9657.148922  -3822.999095   -103.067106  6  6  1  77       
PG23  16168.456139  16100.725001  13842.546417    483.506416  7  7  5 120       
PG24 -11842.565390  21504.248436 -10099.988579   -395.269360  4  5  5  79       
PG25   9208.385793  17555.344443 -18157.069971    486.334531  5  2  6  82       
PG26  25527.241030   2042.400252   7563.799289   -255.529551  5  5  3  82       
PG27  13142.767593  -9856.698446  20451.495034    -25.346913  4  3  4  92       
PG28  19321.651464    675.928776 -18217.571841   -616.246770  6  4  5  81       
PG29   4351.169225  25778.305423   4188.721094   -502.401206  4  5  4  72       
PG30 -16323.996033  -6241.562259  20243.971946   -135.338812  4  2  4  88       
PG31  23252.514357  -6963.426942 -11432.184474   -205.966935  3  4  2  67       
PG32  14632.518042  11985.932431 -18478.642474   -441.415006  4  4  5  76       
*  2025  5 26  9 30  0.00000000
PG01  11420.897918 -20044.274523 -13144.207484    272.391345  5  6  4  89       
PG02  17101.904771 -19853.587701  -2035.463652   -160.881576  2  4  4  67       
PG03   4398.509734 -13987.200434 -22331.982075    692.280234  6  5  8  95       
PG04   1748.013077 -25071.351510  -8322.066199    571.099035  4  3  2  87       
PG05 -17095.483506   8077.011091  18496.148227   -210.835750  5  6  4  68       
PG06 -19173.700887    320.327545 -18368.869590   -376.142384  5  3  3  81       
PG07  -4305.594321 -16247.202373  21049.172030    -30.938799  3  3  3  91       
PG08   7154.542847 -19534.515105  16094.861918    521.663090  3  4  2  68       
PG09  -7311.140131 -25398.431567   2181.208561    668.655720  3  5  3  83       
PG10  24205.341736  10867.965155   3556.564837   -434.867915  9  6  6  72       
PG11 -22747.770553   9745.330536  -9519.000929   -706.830424  5  3  4  83       
PG12  -5890.795346  14176.426887 -21959.786592   -586.068975  7  3  4  88       
PG13 -13230.635190  10435.269381  20222.026709    701.198513  5  4  5  93       
PG14 -22815.971239 -12655.211727   5746.468534    650.832665  7  5  3  66       
PG15  -4509.662417  20520.575738  15648.445883    300.236279  4  4  4  92       
PG16  21815.413431  -1871.869608  14974.974750     24.017637  7  5  3  73       
PG17 -12521.499472 -18141.404027 -14261.048074    263.683802  7  6  3  82       
PG18   5253.976456  14692.831456  21488.944402   -620.186622  3  5  4  96       
PG19 -14940.231428  -9408.910726 -20103.826395    631.996356  8  7  4  85       
PG20 -24726.359554   2902.861238   9190.494486    364.304538  5  5  6  61       
PG22 -24364.399228 -10051.291324   -969.303422   -103.067022  6  6  1  65       
PG23  14536.525422  15660.841603  15977.438017    483.512359  7  6  5  63       
PG24 -12749.482743  21963.618977  -7527.626261   -395.262153  4  5  5  84       
PG25   7199.191231  16979.359953 -19563.230984    486.333441  5  2  6  77       
PG26  26152.537303   2528.759980   4915.818483   -255.545057  5  4  3  79       
PG27  13656.972240  -7452.076560  21148.144462    -25.346349  4  3  4  87       
PG28  17771.085518   2191.312463 -19621.588749   -616.250875  5  4  5  69       
PG29   4131.105854  26121.927171   1337.256383   -502.397129  4  4  4  95       
PG30 -14580.687908  -7786.313296  21007.532949   -135.329922  4  2  4  90       
PG31  22275.984471  -5949.846434 -13734.844851   -205.965780  3  4  3  63       
PG32  14852.468839  14035.439205 -16824.352698   -441.405468  4  3  5  78       
*  2025  5 26  9 45  0.00000000
PG01  12626.066240 -20728.489678 -10762.256672    272.402241  4  6  4  82       
PG02  17385.916483 -19754.491893    854.646613   -160.873425  2  4  3  77       
PG03   6780.120020 -13228.214326 -22186.487201    692.281043  6  4  7  90       
PG04   2179.278121 -24027.804943 -10905.471218    571.103227  4  3  2  88       
PG05 -19048.494805   7453.929169  16792.634927   -210.837317  5  6  5  71       
PG06 -17602.676216  -1204.570763 -19829.809277   -376.159050  6  3  3  65       
PG07  -2589.258016 -17708.669717  20064.283992    -30.941864  3  3  3  86       
PG08   7885.348875 -17675.001098  17835.303488    521.665641  3  4  3  72       
PG09  -7085.962451 -25556.397232   -678.376961    668.664344  3  4  2  86       
PG10  23653.284141  10844.281675   6376.122174   -434.878316  9  6  6  68       
PG11 -21946.780868   8776.183498 -12011.922091   -706.824220  5  3  4  77       
PG12  -8167.007035  13293.033248 -21778.304301   -586.070641  7  3  5  81       
PG13 -13516.125319   8033.156019  21122.515104    701.198583  5  4  5  70       
PG14 -21975.142187 -12661.997445   8397.161450    650.837519  7  5  3  63       
PG15  -5472.593835  18762.994283  17402.198099    300.239877  4  3  4  98       
PG16  23261.343154  -1098.398553  12807.979373     24.025382  7  5  3  62       
PG17 -12570.042175 -19723.661994 -11979.946852    263.668371  6  6  3  88       
PG18   3417.983873  16253.479929  20699.316085   -620.181841  3  4  4  91       
PG19 -15128.022507 -11591.551353 -18814.705753    631.999362  9  7  4  61       
PG20 -25584.233236   2554.772243   6526.565782    364.304474  6  5  6  59       
PG22 -24245.258588 -10308.986287   1901.464679   -103.067073  5  5  1  55       
PG23  12664.295195  15252.429049  17841.065184    483.518227  6  6  5  54       
PG24 -13441.285393  22240.977057  -4824.694095   -395.254951  4  6  4  73       
PG25   5029.978796  16468.986593 -20644.803632    486.332324  4  2  6  89       
PG26  26505.820066   2918.952574   2184.810796   -255.560572  5  4  3  71       
PG27  14304.058889  -5022.895930  21468.080655    -25.345768  5  2  4  78       
PG28  16201.725287   3883.436557 -20688.090100   -616.254912  5  5  5  66       
PG29   3881.707680  26154.550987  -1537.435380   -502.393132  5  4  4  85       
PG30 -12865.238200  -9460.276553  21416.474125   -135.321063  3  2  4  79       
PG31  21170.291752  -4725.626725 -15808.372204   -205.964700  3  4  3  71       
PG32  15132.935956  15868.156627 -14877.550533   -441.395927  4  4  4  84       
*  2025  5 26 10  0  0.00000000
PG01  13586.088969 -21286.595518  -8194.874405    272.413146  4  5  3  79       
PG02  17466.044328 -19414.850575   3729.705576   -160.865314  2  4  2  77       
PG03   9166.142381 -12615.295868 -21665.435201    692.281828  6  3  7  75       
PG04   2735.589705 -22734.574352 -13299.414855    571.107376  3  4  2  72       
PG05 -20823.944714   6978.135060  14797.012750   -210.837907  5  5  5  73       
PG06 -16016.587020  -2921.346948 -20948.861821   -376.175699  6  3  3  71       
PG07  -1033.013333 -19167.230113  18746.536721    -30.944704  3  3  3  74       
PG08   8763.520368 -15684.293832  19260.344894    521.668209  3  4  4  76       
PG09  -6770.009964 -25417.924100  -3526.257186    668.672988  3  4  2  87       
PG10  22799.836570  10777.531830   9088.755510   -434.888740  9  6  6  78       
PG11 -21002.486887   7578.060836 -14297.026609   -706.817946  5  4  3  70       
PG12 -10448.574090  12543.200586 -21231.622273   -586.071887  7  3  5  78       
PG13 -13940.569460   5570.234618  21650.055925    701.198556  5  3  5  83       
PG14 -20855.599929 -12637.693686  10905.833328    650.842321  7  4  3  68       
PG15  -6599.385430  16885.552750  18842.896541    300.243640  5  4  4  81       
PG16  24498.329464   -487.053403  10420.941121     24.033370  7  5  3  73       
PG17 -12639.019169 -21032.175534  -9485.961080    263.652658  6  6  3  74       
PG18   1744.141343  17834.036063  19552.671071   -620.177048  3  5  4  81       
PG19 -15402.013795 -13598.908755 -17209.730028    632.002853  9  7  4  76       
PG20 -26151.415873   2267.147915   3749.890943    364.304382  6  5  6  69       
PG22 -23832.873229 -10465.386819   4738.998191   -103.066961  5  5  1  75       
PG23  10581.714413  14910.013535  19401.463950    483.524129  5  5  6  51       
PG24 -13933.541934  22302.947059  -2037.553041   -395.247757  3  6  3  64       
PG25   2737.694909  16049.056860 -21383.772289    486.331213  4  3  6  80       
PG26  26573.335142   3244.853466   -583.003452   -255.576067  5  4  2  68       
PG27  15075.997491  -2619.241831  21406.783168    -25.345182  6  2  4  88       
PG28  14655.603413   5730.141540 -21398.706385   -616.259026  5  5  5  85       
PG29   3565.801750  25882.322247  -4385.445426   -502.389038  5  2  4  75       
PG30 -11214.052038 -11236.017305  21463.243997   -135.312213  3  3  4  76       
PG31  19976.898273  -3291.727960 -17618.264197   -205.963339  3  4  4  75       
PG32  15440.676205  17455.166829 -12672.892018   -441.386368  4  3  4  85       
*  2025  5 26 10 15  0.00000000
PG01  14307.644372 -21679.523701  -5486.274389    272.424014  4  5  3  60       
PG02  17375.796600 -18816.579377   6539.300008   -160.856694  3  4  2  66       
PG03  11506.677554 -12153.205639 -20777.148561    692.282614  5  3  6  80       
PG04   3440.202501 -21226.743775 -15462.416452    571.111578  3  4  3  52       
PG05 -22381.144141   6630.077181  12544.465753   -210.838659  5  6  5  85       
PG06 -14459.337000  -4806.782331 -21706.280671   -376.192375  6  3  3  82       
PG07    347.233989 -20580.846737  17115.853203    -30.947586  4  3  3  73       
PG08   9791.818128 -13609.278496  20345.585680    521.670791  3  3  5  84       
PG09  -6329.636317 -24999.459041  -6313.313745    668.681716  2  4  1  68       
PG10  21653.340671  10707.944922  11649.240624   -434.899248  9  6  6 102       
PG11 -19957.301295   6150.508655 -16334.773549   -706.811606  5  4  3  80       
PG12 -12688.845153  11933.747097 -20328.597800   -586.073465  7  3  5  77       
PG13 -14503.295129   3097.819283  21795.927024    701.198645  5  3  5  57       
PG14 -19469.677843 -12618.374652  13230.005718    650.847135  6  4  3  67       
PG15  -7887.021252  14934.599317  19943.822014    300.247337  4  4  3  77       
PG16  25492.881840    -16.101310   7855.858636     24.040743  7  4  3  63       
PG17 -12691.155745 -22050.284109  -6823.951164    263.636569  6  5  3  63       
PG18    253.829096  19390.674303  18068.119632   -620.172300  3  5  4  80       
PG19 -15734.090277 -15396.913082 -15316.501168    632.005758  9  6  5  76       
PG20 -26414.353351   2004.575350    908.358791    364.304009  6  5  6  79       
PG22 -23123.869865 -10558.082037   7494.050065   -103.066665  4  5  1  76       
PG23   8325.631143  14662.850860  20631.691314    483.529965  4  4  6  70       
PG24 -14248.401664  22121.509861    785.343903   -395.240549  3  6  3  77       
PG25    363.631076  15737.987320 -21767.584294    486.330097  4  3  6  89       
PG26  26349.098462   3540.455813  -3341.038063   -255.591591  5  3  2  89       
PG27  15956.853441   -289.039911  20966.716024    -25.344559  6  1  4  86       
PG28  13171.060974   7701.982573 -21741.183242   -616.263067  5  5  5  89       
PG29   3148.473817  25320.176877  -7157.399484   -502.384843  4  2  4  83       
PG30  -9658.770980 -13080.179917  21146.290435   -135.303335  3  3  4  82       
PG31  18737.510732  -1657.131111 -19134.283870   -205.962231  3  3  4  71       
PG32  15738.876949  18775.580729 -10249.298220   -441.376819  4  3  3  86       
*  2025  5 26 10 30  0.00000000
PG01  14805.403916 -21871.756586  -2683.120436    272.434945  4  5  3  59       
PG02  17152.880796 -17949.717087   9234.776468   -160.848271  3  4  2  58       
PG03  13752.173637 -11838.227173 -19536.114001    692.283427  6  3  5  84       
PG04   4309.480985 -19544.843695 -17357.085063    571.115752  3  5  3  80       
PG05 -23685.428107   6383.571042  10074.534665   -210.839809  5  5  5  73       
PG06 -12970.971204  -6829.877027 -22088.538120   -376.209080  6  3  3  87       
PG07   1543.081732 -21905.945132  15197.520787    -30.950688  4  3  2  81       
PG08  10964.927111 -11497.731039  21072.874287    521.673393  4  3  5  85       
PG09  -5735.472619 -24325.231951  -8991.594390    668.690395  2  4  1  84       
PG10  20230.736690  10674.036958  14014.971468   -434.909762  9  6  6  74       
PG11 -18854.476291   4501.701923 -18089.925857   -706.805359  6  4  3  78       
PG12 -14841.154004  11463.536787 -19083.944591   -586.074926  7  4  5  72       
PG13 -15195.212434    666.596697  21558.310308    701.198728  5  2  4  71       
PG14 -17837.585136 -12637.851807  15330.236041    650.851996  6  3  3  78       
PG15  -9324.165277  12956.934996  20684.567137    300.251010  4  5  3  89       
PG16  26217.994661    342.067085   5157.276336     24.048577  7  4  3  67       
PG17 -12687.935739 -22770.534752  -4041.513169    263.620940  5  5  2  79       
PG18  -1039.745917  20877.521081  16270.721258   -620.167580  4  5  4  98       
PG19 -16091.272309 -16958.145967 -13167.197186    632.008974  9  6  5  81       
PG20 -26368.231936   1730.123581  -1948.897649    364.303780  7  5  5  71       
PG22 -22123.733932 -10625.411033  10119.304658   -103.066838  3  4  2  52       
PG23   5938.590124  14533.729360  21510.293631    483.535821  4  4  5  70       
PG24 -14413.608454  21675.295123   3594.310917   -395.233336  3  6  2  79       
PG25  -2047.900453  15547.078865 -21789.353833    486.329004  3  3  6  86       
PG26  25835.100118   3840.395292  -6043.072287   -255.607063  5  3  2  75       
PG27  16923.420894   1923.643728  20157.182035    -25.343953  7  2  4  81       
PG28  11781.358188   9763.184785 -21709.593529   -616.267164  5  5  5  84       
PG29   2598.633048  24491.226312  -9805.333180   -502.380742  4  1  4  55       
PG30  -8225.188600 -14954.577646  20470.136420   -135.294527  3  3  3  79       
PG31  17492.550247    161.302273 -20330.919355   -205.961125  3  3  4  70       
PG32  15988.717091  19817.123591  -7649.219788   -441.367243  4  3  3  81       
*  2025  5 26 10 45  0.00000000
PG01  15101.282607 -21832.791651    166.280753    272.445779  4  5  3  74       
PG02  16837.523222 -16812.868432  11770.091025   -160.840113  4  4  2  76       
PG03  15855.136023 -11658.371400 -17962.786973    692.284199  6  3  4  82       
PG04   5352.078847 -17733.338267 -18950.773866    571.119897  2  5  3  76       
PG05 -24709.373688   6207.018630   7430.383686   -210.840638  5  5  5  88       
PG06 -11586.196844  -8952.854278 -22088.591479   -376.225765  6  3  3  75       
PG07   2553.859171 -23098.976028  13021.941800    -30.953633  4  3  2  79       
PG08  12269.559425  -9396.560438  21430.580096    521.675994  5  3  5  84       
PG09  -4963.754173 -23426.265533 -11515.138028    668.699054  2  3  1  75       
PG10  18557.023681  10711.035067  16146.597391   -434.920305  8  7  7  65       
PG11 -17736.407609   2648.328983 -19532.168086   -706.799090  6  4  3  68       
PG12 -16860.402210  11123.603645 -17518.034355   -586.076563  7  4  5  69       
PG13 -15999.152522  -1675.185924  20942.272629    701.198735  6  2  4  61       
PG14 -15986.789830 -12726.252765  17170.758998    650.856807  5  3  3  75       
PG15 -10891.425320  10998.019201  21051.494761    300.254770  3  5  3  80       
PG16  26654.059967    619.633216   2371.497040     24.056064  7  3  3  74       
PG17 -12591.310689 -23194.770341  -1188.034617    263.605280  4  5  2  83       
PG18  -2131.902646  22248.371965  14191.088430   -620.162832  4  5  4 101       
PG19 -16437.044489 -18262.665013 -10798.047141    632.012238  9  6  5  84       
PG20 -26017.161903   1406.984499  -4772.363714    364.303543  7  4  5  69       
PG22 -20846.606745 -10704.782135  12570.179700   -103.066508  3  4  3  82       
PG23   3467.414274  14538.023679  22021.693455    483.541674  4  4  5  65       
PG24 -14461.272157  20950.640620   6339.354995   -395.226109  3  6  1  78       
PG25  -4451.003137  15480.080650 -21447.997092    486.327949  3  3  5  87       
PG26  25041.228515   4178.464372  -8643.963514   -255.622562  5  3  3  64       
PG27  17946.158506   3980.119099  18994.038205    -25.343362  7  2  4  69       
PG28  10513.492615  11872.849557 -21304.441337   -616.271253  4  6  5  79       
PG29   1890.422725  23425.836243 -12283.535887   -502.376660  4  1  4  71       
PG30  -6932.386665 -16817.480474  19445.364236   -135.285656  2  4  3  73       
PG31  16279.678642   2139.255534 -21187.783597   -205.960041  3  3  4  70       
PG32  16150.999534  20576.388082  -4917.857560   -441.357684  4  3  3  81       
*  2025  5 26 11  0  0.00000000
PG01  15223.414027 -21538.423643   3012.816375    272.456754  3  5  3  77       
PG02  16470.734909 -15413.307758  14102.568577   -160.831911  4  3  3  78       
PG03  17771.776379 -11593.904498 -16083.300728    692.284987  6  4  4  75       
PG04   6568.429254 -15838.973849 -20216.143888    571.124109  2  5  3  81       
PG05 -25433.738010   6064.837719   4658.013106   -210.841900  6  5  5  80       
PG06 -10333.118783 -11132.439578 -21706.036054   -376.242476  6  3  3  80       
PG07   3386.569457 -24118.027311  10624.289921    -30.956572  5  3  2  80       
PG08  13684.888437  -7350.113386  21413.728341    521.678606  5  2  6  83       
PG09  -3997.426418 -22339.139368 -13840.757057    668.707692  2  3  1  73       
PG10  16664.439826  10849.434538  18008.610644   -434.930867  8  7  7  52       
PG11 -16642.986208    615.143679 -20636.635175   -706.792837  6  4  3  69       
PG12 -18704.599251  10897.574497 -15656.615930   -586.078136  8  4  5  73       
PG13 -16890.543761  -3883.417838  19959.608609    701.198987  6  2  4  67       
PG14 -13951.138848 -12908.743522  18720.076054    650.861635  4  3  3  74       
PG15 -12561.974168   9100.237426  21038.037707    300.258484  3  5  3  74       
PG16  26789.501529    851.897711   -454.199763     24.063599  6  3  3  52       
PG17 -12365.375364 -23333.849980   1686.258937    263.589027  3  4  2  90       
PG18  -3026.501799  23458.445750  11864.883224   -620.158097  4  5  3 101       
PG19 -16732.815847 -19298.560415  -8248.759079    632.015260  8  5  6  65       
PG20 -25374.024367   1000.116344  -7513.020109    364.303281  8  4  5  70       
PG22 -19314.760558 -10831.064884  14805.546754   -103.066303  2  4  3  72       
PG23    961.620458  14683.036980  22156.487262    483.547568  4  3  5  79       
PG24 -14426.443244  19942.364424   8971.148151   -395.218895  3  6  1  83       
PG25  -6799.697642  15533.034637 -20748.295595    486.326864  2  3  5  91       
PG26  23984.920285   4586.168845 -11100.334368   -255.638111  4  3  4  61       
PG27  18990.381717   5848.347003  17499.286560    -25.342786  7  3  4  55       
PG28   9387.270039  13986.366227 -20532.656046   -616.275354  4  6  5  87       
PG29   1004.420921  22160.437334 -14549.347156   -502.372488  4  1  3  85       
PG30  -5792.126096 -18625.056853  18088.504395   -135.276821  2  4  3  74       
PG31  15132.432011   4245.654726 -21689.949827   -205.958854  3  4  4  69       
PG32  16187.790117  21058.751831  -2102.355720   -441.348135  4  2  2  77       
*  2025  5 26 11 15  0.00000000
PG01  15204.890545 -20971.793955   5807.419026    272.467629  3  5  4  80       
PG02  16092.595500 -13766.750640  16193.562539   -160.823622  4  3  3  80       
PG03  19463.539671 -11618.182631 -13929.080853    692.285811  6  4  4  82       
PG04   7950.565563 -13909.054704 -21131.627354    571.128296  2  5  3  70       
PG05 -25848.083009   5919.041704   1805.434304   -210.842598  7  5  4  76       
PG06  -9232.240450 -13321.366688 -20947.140114   -376.259205  6  3  3  68       
PG07   4055.537579 -24924.428244   8044.065950    -30.959618  5  3  2  84       
PG08  15183.290982  -5398.609564  21024.000722    521.681203  6  2  5  81       
PG09  -2826.988038 -21104.557917 -15928.764117    668.716344  2  3  1  85       
PG10  14591.392137  11113.738042  19569.879707   -434.941363  7  7  7  66       
PG11 -15610.062504  -1565.797793 -21384.342807   -706.786571  6  4  3  81       
PG12 -20336.305586  10762.378027 -13530.452349   -586.079579  8  4  5  76       
PG13 -17838.393465  -5919.638931  18628.553378    701.198771  6  2  4  59       
PG14 -11769.745561 -13204.441797  19951.484675    650.866450  4  3  3  71       
PG15 -14302.501392   7301.310338  20644.829525    300.262079  3  5  3  84       
PG16  26621.115335   1075.736632  -3272.322491     24.071214  5  3  3  62       
PG17 -11977.939875 -23207.022351   4531.243053    263.573382  3  4  1  80       
PG18  -3735.621674  24466.106113   9332.213589   -620.153380  4  5  4  93       
PG19 -16939.459794 -20062.227060  -5561.907329    632.018220  8  5  6  66       
PG20 -24459.985476    477.823406 -10123.217426    364.303401  8  4  5  72       
PG22 -17557.780719 -11035.115930  16788.361912   -103.066257  3  4  3  73       
PG23  -1528.273404  14967.659116  21911.647147    483.553451  4  3  4  69       
PG24 -14345.547952  18654.206408  11442.022101   -395.211675  3  6  2  81       
PG25  -9049.438599  15694.409259 -19700.884139    486.325778  1  3  5  84       
PG26  22690.550399   5091.377089 -13371.228041   -255.653621  4  3  4  59       
PG27  20017.656172   7503.926154  15700.557396    -25.342195  7  3  4  56       
PG28   8414.663502  16056.975645 -19407.476342   -616.279438  4  6  5  77       
PG29    -71.415948  20736.116504 -16563.891387   -502.368646  4  2  3  86       
PG30  -4808.518504 -20332.918597  16421.826548   -135.267979  2  4  3  60       
PG31  14079.009386   6443.617239 -21828.218271   -205.957732  4  4  4  66       
PG32  16063.999676  21277.969429    749.017003   -441.338598  3  1  2  71       
*  2025  5 26 11 30  0.00000000
PG01  15082.318409 -20124.165823   8501.917709    272.478544  3  5  4  83       
PG02  15740.621835 -11896.813343  18009.010079   -160.815159  4  2  4  75       
PG03  20898.451459 -11698.765555 -11536.367537    692.286655  6  3  4  64       
PG04   9482.278660 -11989.714041 -21681.783379    571.132461  2  5  3  81       
PG05 -25951.066697   5730.905772  -1078.176506   -210.843848  7  5  4  73       
PG06  -8295.770781 -15470.053136 -19824.759285   -376.275938  5  2  4  70       
PG07   4581.765510 -25484.284997   5324.548800    -30.962333  5  2  1  83       
PG08  16731.362128  -3576.767996  20269.608180    521.683806  6  2  5  80       
PG09  -1451.039804 -19765.779038 -17743.631915    668.725020  2  3  2  79       
PG10  12381.172544  11521.420470  20804.124155   -434.951924  6  6  7  83       
PG11 -14668.083325  -3856.185724 -21762.511875   -706.780331  6  4  3  76       
PG12 -21723.926311  10689.217495 -11174.876852   -586.081224  9  3  5  61       
PG13 -18806.530523  -7752.312553  16973.376300    701.198678  6  2  4  59       
PG14  -9485.683521 -13625.562921  20843.539242    650.871273  3  4  3  77       
PG15 -16074.452471   5632.916613  19879.662766    300.265634  3  6  3  81       
PG16  26154.112307   1328.024866  -6035.905629     24.078810  5  3  3  73       
PG17 -11401.935756 -22840.987094   7297.798348    263.557618  2  3  1  74       
PG18  -4278.904588  25234.481519   6636.938709   -620.148640  4  4  4  89       
PG19 -17018.880209 -20558.344553  -2782.285178    632.021401  7  5  5  61       
PG20 -23303.695734   -186.792383 -12557.530817    364.303057  8  4  5  83       
PG22 -15611.493966 -11342.491911  18486.201970   -103.066267  3  4  3  92       
PG23  -3952.487952  15382.357046  21290.620532    483.559356  5  3  3  89       
PG24 -14254.750598  17098.909535  13706.957974   -395.204477  4  6  2  83       
PG25 -11158.595222  15945.521757 -18322.159422    486.324705  1  2  5  86       
PG26  21188.585024   5717.108863 -15418.726312   -255.669115  4  3  5  84       
PG27  20987.330442   8930.761261  13630.503567    -25.341586  7  3  4  51       
PG28   7599.484832  18037.426096 -17948.225924   -616.283612  4  6  5  79       
PG29  -1341.102963  19197.045515 -18292.738115   -502.364518  4  3  3  89       
PG30  -3977.994429 -21897.712981  14473.030837   -135.259185  2  5  2  74       
PG31  13141.259976   8691.621380 -21599.309183   -205.956685  4  4  4  83       
PG32  15748.849912  21255.460730   3587.683775   -441.329065  3  1  2  71       
*  2025  5 26 11 45  0.00000000
PG01  14894.244656 -18995.394562  11049.873141    272.489410  4  5  5  73       
PG02  15448.280634  -9834.190978  19519.882042   -160.806813  4  2  4  74       
PG03  22052.233030 -11798.770190  -8945.649380    692.287505  6  3  4  70       
PG04  11139.603503 -10124.248038 -21857.541099    571.136648  3  6  4  68       
PG05 -25750.394031   5462.653032  -3943.329897   -210.844656  8  5  4  76       
PG06  -7527.265797 -17528.380311 -18358.130218   -376.292680  5  2  4  81       
PG07   4992.007807 -25769.884509   2512.140747    -30.965359  5  2  1  80       
PG08  18291.156677  -1912.674913  19165.045147    521.686336  6  2  5  76       
PG09    123.480632 -18366.964168 -19254.576434    668.733654  3  3  2  91       
PG10  10080.503996  12082.155608  21690.326859   -434.962476  6  6  7  79       
PG11 -13840.954644  -6212.750558 -21764.781749   -706.774092  6  4  4  83       
PG12 -22842.807003  10644.775024  -8629.269879   -586.082591  9  2  4  74       
PG13 -19755.054296  -9357.810303  15023.869251    701.198750  6  3  3  48       
PG14  -7144.532343 -14176.831913  21380.435833    650.876127  3  4  3  75       
PG15 -17835.497559   4119.590586  18757.278117    300.269426  4  6  3  65       
PG16  25401.869097   1644.083138  -8699.214429     24.086466  5  3  4  60       
PG17 -10616.602997 -22268.690962   9938.661533    263.542064  2  3  2  75       
PG18  -4682.598312  25732.917172   3825.895599   -620.143883  4  4  4  88       
PG19 -16935.549504 -20799.566828     43.771271    632.024885  6  5  6  62       
PG20 -21940.205321  -1014.567566 -14773.577656    364.302229  7  4  6  85       
PG22 -13516.689500 -11772.392743  19871.704336   -103.065966  3  4  3  79       
PG23  -6263.703957  15909.501520  20303.323054    483.565175  5  3  2  77       
PG24 -14188.315949  15297.927912  15724.541423   -395.197256  4  6  3  82       
PG25 -13089.844144  16261.239420 -16634.105363    486.323644  1  1  5  72       
PG26  19514.527047   6480.505572 -17208.525066   -255.684597  4  4  5  73       
PG27  21858.143011  10121.395286  11326.124999    -25.341057  7  3  4  70       
PG28   6937.381001  19881.658392 -16179.984427   -616.287701  4  6  4  79       
PG29  -2800.294230  17588.809394 -19706.477282   -502.360517  3  4  3  82       
PG30  -3289.573737 -23278.702721  12274.839852   -135.250362  3  5  2  84       
PG31  12333.906773  10944.859340 -21005.977036   -205.955561  4  4  4  45       
PG32  15217.169754  21019.327875   6365.560900   -441.319557  3  1  3  75       
*  2025  5 26 12  0  0.00000000
PG01  14679.517811 -17594.074049  13407.382447    272.500253  5  4  5  65       
PG02  15243.695704  -7615.593794  20702.529786   -160.798489  4  2  5  80       
PG03  22909.139389 -11878.415298  -6201.014440    692.288362  6  4  4  92       
PG04  12891.614448  -8351.577209 -21656.327802    571.140871  3  6  4  74       
PG05 -25262.433706   5079.094867  -6741.065296   -210.845922  8  5  4  92       
PG06  -6921.620071 -19447.508472 -16572.545938   -376.309407  5  2  4  80       
PG07   5317.593510 -25760.904245   -344.389980    -30.968587  6  2  1  89       
PG08  19821.603797   -426.931965  17730.736853    521.688974  6  2  5  56       
PG09   1881.385650 -16951.513532 -20436.055491    668.742331  2  4  2  82       
PG10   7737.965685  12797.332665  22213.079124   -434.972979  5  5  7  81       
PG11 -13145.173940  -8588.751043 -21391.309222   -706.767881  6  4  4  77       
PG12 -23676.089001  10592.606343  -5936.460349   -586.083946  9  2  4  75       
PG13 -20641.927979 -10721.075281  12814.744779    701.198934  6  3  4  64       
PG14  -4792.827528 -14855.186288  21552.313444    650.880984  3  4  3  87       
PG15 -19541.161466   2777.941215  17298.994357    300.273163  4  6  3  73       
PG16  24385.401900   2056.202057 -11218.410908     24.094086  5  4  4  70       
PG17  -9608.416356 -21527.914252  12409.209342    263.526402  2  2  2  79       
PG18  -4978.329988  25938.198783    948.061420   -620.139149  4  4  4  96       
PG19 -16657.965373 -20805.932078   2869.082307    632.028122  5  4  6  39       
PG20 -20409.637772  -2019.253084 -16732.781433    364.302724  7  4  6  83       
PG22 -11317.684753 -12336.868318  20922.911434   -103.065835  2  4  3  86       
PG23  -8418.700617  16524.021385  18966.021223    483.571016  5  3  2  80       
PG24 -14177.046998  13280.766927  17457.852867   -395.190046  4  6  3  86       
PG25 -14811.424078  16610.940297 -14664.031390    486.322531  3  1  5  94       
PG26  17707.690548   7392.017972 -18710.462302   -255.700188  4  4  5  78       
PG27  22589.838401  11077.003435   8828.042361    -25.340518  7  4  3  57       
PG28   6416.155061  21546.455664 -14133.158867   -616.291811  4  6  4  86       
PG29  -4436.279547  15956.700326 -20781.200930   -502.356483  3  4  3  68       
PG30  -2725.432133 -24439.273174   9864.493273   -135.241568  3  5  2  74       
PG31  11664.037359  13156.729072 -20057.040524   -205.954444  4  5  4  66       
PG32  14450.476587  20603.142320   9035.832609   -441.310055  3  2  3  75       
*  2025  5 26 12 15  0.00000000
PG01  14475.646837 -15937.353304  15533.838940    272.511176  5  4  5  83       
PG02  15148.590065  -5282.487437  21538.933528   -160.790255  4  2  4  65       
PG03  23462.484546 -11896.699963  -3349.426237    692.289185  6  4  4  77       
PG04  14701.496961  -6704.893710 -21082.081861    571.145070  4  6  4  78       
PG05 -24511.519724   4549.162798  -9423.769659   -210.846712  8  4  4  90       
PG06  -6465.409204 -21181.654976 -14498.917844   -376.326155  5  3  4  67       
PG07   5593.033056 -25445.368958  -3194.761241    -30.971662  6  1  1  88       
PG08  21280.036084    867.889109  15992.592742    521.691594  5  2  5  59       
PG09   3799.641742 -15560.449512 -21268.176325    668.751014  3  4  3  70       
PG10   5402.350706  13659.881630  22362.854156   -434.983554  5  5  6  82       
PG11 -12589.265168 -10935.599024 -20648.752237   -706.761610  6  4  4  86       
PG12 -24215.288764  10494.676815  -3142.056125   -586.085649  9  2  3  81       
PG13 -21424.650489 -11835.944402  10384.960487    701.198756  6  2  4  76       
PG14  -2476.470256 -15649.784010  21355.464744    650.885830  3  4  3  80       
PG15 -21146.539739   1616.222007  15532.194870    300.276404  3  5  4  81       
PG16  23132.586333   2592.292185 -13552.177455     24.101867  5  4  4  55       
PG17  -8371.721578 -20659.708733  14668.164829    263.510629  3  1  2  90       
PG18  -5201.661639  25835.496826  -1946.331833   -620.134410  3  4  4  91       
PG19 -16159.975242 -20604.012670   5646.340932    632.031220  4  4  5  61       
PG20 -18755.674763  -3206.772580 -18401.066323    364.302478  6  4  6  78       
PG22  -9060.790790 -13040.310734  21623.522183   -103.065698  2  4  2  87       
PG23 -10379.847234  17194.364030  17301.103173    483.576907  4  3  3  88       
PG24 -14246.871627  11083.979567  18875.263706   -395.182825  5  6  4  79       
PG25 -16298.204709  16959.704371 -12444.220661    486.321435  4  1  5  87       
PG26  15809.845999   8454.840415 -19898.993574   -255.715685  4  4  5  63       
PG27  23144.729849  11807.059831   6179.737738    -25.340008  7  4  4  71       
PG28   6016.398869  22992.994585 -11842.962674   -616.295928  4  6  4  86       
PG29  -6228.308759  14344.043073 -21498.884868   -502.352633  3  5  3  87       
PG30  -2261.746099 -25348.307078   7283.149640   -135.232733  4  5  2  73       
PG31  11130.884466  15280.414663 -18767.323146   -205.953300  4  5  4  62       
PG32  13437.805561  20044.550162  11553.689674   -441.300468  3  3  3  84       
*  2025  5 26 12 30  0.00000000
PG01  14317.222809 -14050.429867  17392.633589    272.522063  6  3  5  87       
PG02  15177.492987  -2879.687135  22016.858367   -160.782030  4  2  4  81       
PG03  23714.829780 -11813.151957   -439.934597    692.290041  7  4  5  89       
PG04  16527.852827  -5210.545190 -20145.152452    571.149281  4  6  3  71       
PG05 -23528.968172   3847.274523 -11945.960406   -210.847807  8  4  5  83       
PG06  -6137.570026 -22689.765026 -12173.231960   -376.342906  5  3  4  83       
PG07   5854.461387 -24820.302584  -5988.110213    -30.974522  6  1  1  99       
PG08  22623.771979   1967.472107  13981.479862    521.694214  5  1  4  45       
PG09   5848.074436 -14230.908748 -21737.007450    668.759691  3  4  3  84       
PG10   3121.012237  14654.416756  22136.203929   -434.994123  5  5  6  85       
PG11 -12173.537179 -13204.557936 -19550.139601   -706.755417  5  4  4  70       
PG12 -24460.574965  10312.982849   -293.710475   -586.087093  8  3  3  77       
PG13 -22061.939728 -12705.124656   7776.986396    701.198894  6  3  4  82       
PG14   -239.155560 -16542.320010  20792.450175    650.890673  2  4  3  90       
PG15 -22608.023549    634.263586  13489.691075    300.280121  4  5  4  87       
PG16  21677.153389   3274.703740 -15662.295455     24.109563  5  5  4  64       
PG17  -6909.064724 -19706.751063  16678.218886    263.494838  3  1  2  96       
PG18  -5390.486134  25418.991180  -4806.711963   -620.129736  3  4  4  98       
PG19 -15421.921123 -20225.833136   8328.839941    632.034474  4  4  5  84       
PG20 -17023.912423  -4574.794041 -19749.468332    364.302154  6  4  6  82       
PG22  -6792.733310 -13879.243501  21963.054456   -103.065466  3  4  2  90       
PG23 -12116.389415  17883.728099  15336.737803    483.582724  4  3  3  82       
PG24 -14417.645479   8749.861087  19951.112114   -395.175582  5  6  4  66       
PG25 -17532.526862  17269.696761 -10011.486350    486.320342  5  1  4  86       
PG26  13863.782192   9664.613022 -20753.609618   -255.731133  4  4  5  82       
PG27  23489.150927  12328.699741   3426.778611    -25.339483  6  5  4  84       
PG28   5712.412674  24188.238366  -9348.810989   -616.300024  4  6  4  93       
PG29  -8148.229639  12790.615899 -21847.665930   -502.348668  3  5  3  89       
PG30  -1869.786838 -25981.370560   4575.202249   -135.223910  4  5  1  92       
PG31  10725.909503  17270.500154 -17157.499540   -205.952105  5  5  4  81       
PG32  12176.259941  19383.749110  13877.023609   -441.290946  3  4  4  69       
*  2025  5 26 12 45  0.00000000
PG01  14234.465184 -11965.739322  18951.785933    272.532946  6  3  5  92       
PG02  15337.231467   -453.857985  22129.924920   -160.773855  4  3  4  80       
PG03  23677.823153 -11589.577725   2477.166554    692.290927  7  4  5  75       
PG04  18326.187343  -3887.195967 -18862.089993    571.153439  4  5  3  57       
PG05 -22351.849199   2954.484074 -14265.021516   -210.848402  8  3  6  78       
PG06  -5910.391355 -23937.008226  -9635.909487   -376.359664  5  3  4  91       
PG07   6137.979529 -23892.033981  -8673.988673    -30.977588  5  1  1  90       
PG08  23811.690540   2875.661798  11732.630318    521.696917  5  1  4  56       
PG09   7990.346756 -12994.798879 -21834.791588    668.768371  3  4  4  72       
PG10    938.255669  15757.697196  21535.874345   -435.004718  5  6  5  76       
PG11 -11890.173605 -15348.449478 -18114.630006   -706.749144  5  4  4  64       
PG12 -24420.727447  10011.197771   2559.666581   -586.088343  8  3  2  63       
PG13 -22515.361680 -13339.831876   5036.031765    701.198976  5  2  4  67       
PG14   1879.122289 -17507.643315  19872.110159    650.895486  2  4  3  91       
PG15 -23884.958111   -176.237224  11208.986408    300.283991  4  5  4  64       
PG16  20057.497371   4119.253327 -17514.177062     24.117417  5  5  4  77       
PG17  -5231.210081 -18711.675737  18406.563005    263.479365  3  1  2  89       
PG18  -5583.329593  24692.149369  -7583.091117   -620.125012  3  4  4  89       
PG19 -14431.562661 -19707.592223  10871.202780    632.037811  4  3  5  77       
PG20 -15260.155105  -6112.632856 -20754.650902    364.302096  6  4  6  63       
PG22  -4559.084432 -14842.408836  21936.923100   -103.065195  3  3  2  91       
PG23 -13605.477804  18551.523106  13106.424885    483.588568  4  3  3  78       
PG24 -14702.228003   6324.900157  20666.236470   -395.168345  6  5  5  70       
PG25 -18504.777370  17501.695847  -7406.635881    486.319278  6  2  4  69       
PG26  11911.834038  11009.404772 -21259.190666   -255.746666  4  4  5  76       
PG27  23594.745162  12665.810365    616.039466    -25.338979  6  5  5  83       
PG28   5473.375435  25106.117870  -6693.642472   -616.304148  4  7  4 101       
PG29 -10161.413372  11331.226393 -21822.012392   -502.344480  4  5  4  89       
PG30  -1517.222922 -26321.660118   1787.518934   -135.215111  4  5  1  90       
PG31  10433.191837  19084.558641 -15253.843552   -205.951054  5  5  4  89       
PG32  10671.265637  18661.893642  15967.069590   -441.281426  3  4  4  79       
*  2025  5 26 13  0  0.00000000
PG01  14251.949532  -9721.872033  20184.493563    272.543819  7  4  5  79       
PG02  15626.715643   1948.026077  21877.601749   -160.765306  4  3  4  64       
PG03  23371.692187 -11191.744052   5351.220214    692.291790  7  5  5  90       
PG04  20050.520539  -2745.295152 -17255.332965    571.157569  5  5  3  56       
PG05 -21021.562631   1859.374821 -16341.883328   -210.849017  8  3  6 101       
PG06  -5750.775235 -24896.041108  -6931.083966   -376.376401  4  3  3  67       
PG07   6477.965751 -22676.129268 -11203.395809    -30.980567  5  1  1  99       
PG08  24805.740032   3604.060566   9284.996576    521.699481  4  2  4  70       
PG09  10185.174071 -11877.669217 -21560.057862    668.777055  3  4  4  79       
PG10  -1106.166227  16939.393287  20570.833433   -435.015238  5  5  5  98       
PG11 -11723.649203 -17323.302912 -16367.165578   -706.742901  5  4  5  78       
PG12 -24112.773833   9556.278261   5368.740874   -586.090180  7  4  2  82       
PG13 -22750.843944 -13759.113274   2209.247166    701.198836  5  2  5  73       
PG14   3843.430085 -18514.655281  18609.471416    650.900311  2  4  3  93       
PG15 -24941.165355   -831.094440   8731.466238    300.287487  5  5  4  58       
PG16  18315.336477   5134.488243 -19077.348621     24.125097  5  5  4  53       
PG17  -3356.853630 -17715.449275  19825.331889    263.462816  4  1  2  90       
PG18  -5817.630488  23667.646133 -10226.980323   -620.120290  4  4  4  84       
PG19 -13184.742639 -19088.232092  13230.110365    632.041044  5  3  5  90       
PG20 -13508.714668  -7801.490693 -21399.314959    364.301511  5  5  5  76       
PG22  -2402.758114 -15911.144514  21546.438360   -103.064980  3  3  2  99       
PG23 -14832.896603  19155.000603  10648.441208    483.594415  4  4  3  92       
PG24 -15105.874873   3858.057283  21008.350192   -395.161128  6  5  5  73       
PG25 -19213.670369  17616.711508  -4673.845249    486.318166  6  3  4  81       
PG26   9994.427148  12469.981583 -21406.291577   -255.762181  5  4  5  74       
PG27  23439.550818  12847.891326  -2205.066770    -25.338459  6  5  5  79       
PG28   5264.719965  25728.455239  -3923.179236   -616.308251  4  7  4  92       
PG29 -12227.931048   9994.494962 -21422.787017   -502.340694  5  6  4  84       
PG30  -1169.581546 -26360.668642  -1031.381741   -135.206300  4  5  1  97       
PG31  10230.115537  20684.657179 -13087.875341   -205.950026  5  5  4  81       
PG32   8936.523403  17919.486072  17788.992307   -441.271881  3  5  4  85       
*  2025  5 26 13 15  0.00000000
PG01  14387.566373  -7362.258723  21069.590865    272.554697  7  4  5  88       
PG02  16037.018135   4280.213005  21265.126409   -160.756817  5  4  4  44       
PG03  22824.405724 -10590.922579   8132.109983    692.292722  7  5  5  77       
PG04  21655.060280  -1786.869225 -15352.798317    571.161722  5  5  2  57       
PG05 -19582.271758    558.664104 -18141.637914   -210.850533  8  3  7  82       
PG06  -5621.717360 -25547.985238  -4105.809370   -376.393130  5  3  3  76       
PG07   6905.432939 -21196.940469 -13529.819378    -30.983493  5  1  1  91       
PG08  25572.326190   4171.338491   6680.567702    521.702087  4  3  3  64       
PG09  12387.729770 -10897.836380 -20917.632802    668.785788  3  4  4  65       
PG10  -2978.400047  18163.136227  19256.207489   -435.025770  6  5  5  83       
PG11 -11651.454889 -19089.883996 -14338.026963   -706.736703  5  4  5  79       
PG12 -23561.312052   8919.966894   8084.617247   -586.091327  6  4  3  69       
PG13 -22740.018551 -13988.886206   -655.083489    701.198787  4  1  5  74       
PG14   5625.068462 -19527.458213  17025.544966    650.905097  2  4  3  91       
PG15 -25746.270690  -1352.713061   6101.539429    300.291135  5  5  4  66       
PG16  16494.270412   6321.211690 -20325.884162     24.132874  5  5  4  64       
PG17  -1312.049385 -16755.843061  20911.956610    263.447623  4  1  3  91       
PG18  -6128.066828  22366.927340 -12692.274285   -620.115523  4  5  4  81       
PG19 -11685.766850 -18407.903779  15365.015079    632.044244  5  3  4  83       
PG20 -11810.783005  -9615.020826 -21672.495918    364.301817  5  5  5  70       
PG22   -362.618449 -17060.032919  20798.729420   -103.064808  3  3  3  98       
PG23 -15793.460437  19650.993456   8005.190434    483.600286  5  4  3  83       
PG24 -15625.973654   1398.949808  20972.248356   -395.153903  6  5  5  68       
PG25 -19666.216746  17577.632545  -1859.948305    486.317031  6  3  3  76       
PG26   8148.690462  14020.354097 -21191.351671   -255.777633  5  4  4  80       
PG27  23008.846932  12908.732144  -4989.337403    -25.337958  6  5  5  81       
PG28   5049.658868  26045.594328  -1085.137726   -616.312390  4  7  3  79       
PG29 -14303.935568   8801.890251 -20657.203781   -502.336844  6  6  5  86       
PG30   -791.810376 -26098.539197  -3832.202709   -135.197489  5  5  1  94       
PG31  10088.333672  22038.718850 -10695.906606   -205.948931  4  5  4  82       
PG32   6993.662340  17194.810745  19312.409925   -441.262354  3  5  4  54       
*  2025  5 26 13 30  0.00000000
PG01  14651.751624  -4933.675356  21591.909401    272.565622  7  5  4  87       
PG02  16551.738587   6499.643779  20303.361222   -160.748500  5  5  3  55       
PG03  22070.534851  -9765.232529  10771.168623    692.293651  7  6  5 127       
PG04  23095.873431  -1005.644050 -13187.383927    571.165878  5  5  2  52       
PG05 -18079.253876   -942.500996 -19634.083249   -210.851608  7  3  6  85       
PG06  -5483.946364 -25883.082160  -1209.215022   -376.409834  5  3  2  73       
PG07   7446.510326 -19486.779223 -15610.252652    -30.986345  4  1  1  74       
PG08  26083.532045   4602.288496   3963.658702    521.704665  4  4  4  56       
PG09  14551.189498 -10065.796340 -19918.550899    668.794524  3  4  5  76       
PG10  -4651.629236  19387.818415  17613.120534   -435.036387  6  5  5  90       
PG11 -11645.101807 -20615.045537 -12062.298583   -706.730479  5  3  4  90       
PG12 -22797.539890   8080.128331  10659.717744   -586.092876  5  5  3  85       
PG13 -22461.346942 -14060.735009  -3508.347671    701.198799  4  1  5  94       
PG14   7202.510045 -20506.713200  15147.015254    650.909953  3  4  3  86       
PG15 -26276.785250  -1768.920792   3365.756242    300.294745  6  5  4  94       
PG16  14638.282082   7672.284537 -21238.787107     24.140579  5  6  4  61       
PG17    870.625023 -15866.056357  21649.430549    263.431776  4  1  3  84       
PG18  -6545.000644  20819.436295 -14936.087529   -620.110744  5  5  4  85       
PG19  -9947.479254 -17706.382902  17238.832080    632.047491  5  3  4  88       
PG20 -10202.942209 -11520.197216 -21569.742718    364.301986  4  5  4  72       
PG22   1527.754646 -18257.797029  19706.597313   -103.064816  4  2  3  90       
PG23 -16491.061066  19997.694204   5222.467048    483.606169  5  4  3  71       
PG24 -16252.131879  -1003.973450  20559.843473   -395.146683  6  4  5  64       
PG25 -19877.375026  17350.838267    986.350901    486.315904  6  3  3  71       
PG26   6407.187075  15628.590384 -20616.822958   -255.793052  5  4  4  80       
PG27  22295.736083  12884.958103  -7690.500727    -25.337467  5  5  5  74       
PG28   4790.801348  26056.713590   1771.595674   -616.316507  4  7  3  71       
PG29 -16343.196143   7767.050790 -19538.680946   -502.332583  6  6  5  84       
PG30   -349.876239 -25544.087754  -6565.771521   -135.188698  5  5  1  95       
PG31   9974.978738  23121.686393  -8118.485363   -205.947897  4  5  4  79       
PG32   4871.608199  16522.466312  20511.851988   -441.252851  3  5  4  68       
*  2025  5 26 13 45  0.00000000
PG01  15047.018469  -2484.624630  21742.534097    272.576554  7  5  4  87       
PG02  17147.636725   8567.317855  19008.588949   -160.740133  5  6  3  69       
PG03  21149.855923  -8700.724096  13222.072621    692.294490  7  6  5 105       
PG04  24332.491870   -387.488824 -10796.392701    571.169999  6  5  2  74       
PG05 -16557.228498  -2630.565955 -20794.190645   -210.852321  7  3  6  84       
PG06  -5297.655184 -25900.999726   1708.375580   -376.426558  5  3  2  55       
PG07   8121.124522 -17584.744212 -17406.152914    -30.989454  3  1  1  73       
PG08  26318.128545   4926.665985   1180.183963    521.707226  4  5  4  80       
PG09  16628.356839  -9383.943722 -18579.866643    668.803205  3  4  4  86       
PG10  -6106.956927  20569.101625  15668.433269   -435.047004  6  4  5  94       
PG11 -11671.364105 -21872.848711  -9579.254080   -706.724281  5  3  4  77       
PG12 -21858.025231   7021.861563  13048.657380   -586.094080  4  5  4  93       
PG13 -21900.989189 -14010.515183  -6302.393846    701.198900  3  1  6  63       
PG14   8562.063997 -21411.156761  13005.822017    650.914811  4  4  2  92       
PG15 -26516.907948  -2111.608059    571.925219    300.298151  6  5  4  75       
PG16  12790.232026   9172.711375 -21800.317702     24.148250  5  6  4  74       
PG17   3153.129576 -15073.534002  22026.491300    263.416341  4  2  3  86       
PG18  -7093.103794  19061.534714 -16919.524428   -620.105957  6  5  4  83       
PG19  -7991.023256 -17021.492895  18818.596927    632.050681  6  3  3  87       
PG20  -8715.870712 -13478.452393 -21093.176613    364.301531  3  5  4  48       
PG22   3241.103447 -19468.411116  18288.300900   -103.064717  4  3  3  86       
PG23 -16938.359618  20156.400642   2348.647327    483.612047  5  5  3  89       
PG24 -16966.608918  -3305.186019  19780.034682   -395.139458  6  4  5  62       
PG25 -19869.389767  16907.707633   3815.331218    486.314761  5  2  2  78       
PG26   4796.810631  17257.869229 -19691.210523   -255.808491  5  4  4  61       
PG27  21301.448881  12814.498200 -10263.902654    -25.336979  5  4  5  81       
PG28   4451.797287  25769.809328   4597.809808   -616.320633  4  7  3  80       
PG29 -18298.727381   6895.416213 -18086.594408   -502.328736  7  7  6  81       
PG30    187.665975 -24714.489872  -9183.954948   -135.179905  5  5  1  88       
PG31   9854.076635  23916.437405  -5399.744459   -205.946805  4  5  4  83       
PG32   2605.689110  15932.047275  21367.147586   -441.243198  3  5  4  72       
*  2025  5 26 14  0  0.00000000
PG01  15567.808684    -63.656005  21518.951257    272.587495  6  6  4  85       
PG02  17795.510108  10449.510965  17402.252416   -160.731810  6  6  3  70       
PG03  20105.750233  -7392.154814  15441.703274    692.295350  7  6  5  97       
PG04  25329.393203     88.837555  -8220.888721    571.174167  6  5  2  70       
PG05 -15058.723858  -4483.907208 -21602.490883   -210.853148  6  4  6  81       
PG06  -5024.254115 -25610.778725   4596.344287   -376.443273  5  3  2  88       
PG07   8941.946891 -15535.250299 -18884.307679    -30.992202  3  1  1  81       
PG08  26262.343442   5177.858550  -1623.075343    521.709779  5  5  4  87       
PG09  18573.310467  -8846.607960 -16924.371039    668.811918  3  4  4  81       
PG10  -7333.996441  21661.081029  13454.379078   -435.057565  6  4  6  85       
PG11 -11693.711084 -22845.413359  -6931.673178   -706.718100  4  3  4  71       
PG12 -20783.262485   5738.338144  15209.098682   -586.095769  4  5  4  76       
PG13 -21053.389737 -13876.819540  -8990.295704    701.198909  3  1  6  76       
PG14   9698.238091 -22199.218352  10638.638991    650.919640  4  4  2  89       
PG15 -26459.025215  -2415.237981  -2231.751184    300.301851  6  5  4  80       
PG16  10990.394815  10800.010492 -22000.262912     24.156090  5  6  5  83       
PG17   5493.209892 -14399.015421  22037.722198    263.400393  4  2  4  88       
PG18  -7790.221026  17135.163271 -18608.367633   -620.101197  6  5  4  84       
PG19  -5845.290770 -16387.594633  20076.077508    632.054136  6  3  3  91       
PG20  -7373.295340 -15447.038489 -20251.430028    364.301647  3  6  4  75       
PG22   4757.301550 -20652.388004  16567.278933   -103.064333  4  3  3  94       
PG23 -17156.134675  20093.157085   -566.177341    483.617911  6  5  2  79       
PG24 -17745.066246  -5463.689819  18648.420829   -395.132227  6  4  5  71       
PG25 -19670.836949  16225.960629   6577.157909    486.313590  5  2  3  82       
PG26   3337.890252  18867.740458 -18429.019158   -255.823908  5  4  4  74       
PG27  20035.364513  12735.029455 -12667.154485    -25.336494  4  4  5  83       
PG28   3998.943928  25201.350096   7344.819766   -616.324729  5  7  3  90       
PG29 -20124.451968   6184.179677 -16325.936528   -502.324595  7  7  6  86       
PG30    848.200813 -23634.640856 -11640.564391   -135.171084  4  5  1  89       
PG31   9688.111622  24414.409115  -2586.661216   -205.945437  4  5  4  78       
PG32    236.509830  15447.020802  21863.740388   -441.233636  3  4  4  79       
*  2025  5 26 14 15  0.00000000
PG01  16200.669008   2282.311625  20925.086285    272.598383  6  6  3  58       
PG02  18461.286421  12118.808080  15510.641019   -160.723257  5  7  4  83       
PG03  18983.464367  -5843.423539  17390.954898    692.296247  7  6  5  81       
PG04  26057.301155    450.668288  -5504.996554    571.178291  6  5  2  85       
PG05 -13622.540514  -6473.473752 -22045.375385   -210.853983  6  5  5  84       
PG06  -4628.074672 -25030.423416   7404.678222   -376.459978  5  3  1  62       
PG07   9913.661818 -13386.324558 -20017.577350    -30.995133  3  1  1  79       
PG08  25910.364826   5391.435738  -4399.201190    521.712326  5  6  4  88       
PG09  20343.012046  -8440.404339 -14980.216723    668.820670  2  4  4  74       
PG10  -8331.141322  22618.045240  11008.096422   -435.068061  5  3  6  78       
PG11 -11673.872338 -23523.466068  -4165.102152   -706.711906  4  3  4  35       
PG12 -19616.070959   4231.326561  17102.565226   -586.097008  4  5  4  76       
PG13 -19921.562426 -13699.364212 -11527.082166    701.199026  3  1  6  80       
PG14  10613.780963 -22830.675382   8086.256161    650.924484  4  4  2  84       
PG15 -26103.899642  -2715.289775  -4997.505763    300.305656  6  5  4  73       
PG16   9275.086134  12524.859064 -21834.144631     24.163639  6  6  5  71       
PG17   7845.787370 -13855.843184  21683.577254    263.384614  4  2  4  75       
PG18  -8646.515803  15086.297108 -19973.671811   -620.096436  6  6  5  86       
PG19  -3546.072198 -15834.200920  20988.327366    632.057373  5  3  2  86       
PG20  -6191.228891 -17380.557133 -19059.468294    364.301132  3  6  4  74       
PG22   6063.908584 -21768.199783  14571.810558   -103.064369  4  3  3  95       
PG23 -17172.311163  19780.223164  -3471.107447    483.623807  6  5  2  73       
PG24 -18557.596130  -7444.406953  17186.873213   -395.125033  6  3  5  63       
PG25 -19315.409355  15290.771042   9222.818228    486.312431  4  1  4  76       
PG26   2043.540848  20415.550101 -16850.601086   -255.839282  5  3  4  85       
PG27  18514.750631  12682.450957 -14860.738293    -25.335995  3  3  5  73       
PG28   3402.691886  24375.615794   9965.308711   -616.328859  5  7  3  59       
PG29 -21776.835065   5622.561256 -14286.886670   -502.320728  7  7  6  87       
PG30   1653.739518 -22336.213322 -13892.230877   -135.162228  4  5  2  82       
PG31   9439.681254  24615.901154    271.761001   -205.944612  3  5  4  64       
PG32  -2191.366962  15083.838340  21992.927278   -441.224105  3  4  3  64       
*  2025  5 26 14 30  0.00000000
PG01  16924.745530   4509.600745  19971.230873    272.609275  5  6  3  75       
PG02  19107.294557  13554.919792  13364.525991   -160.715161  5  7  4  74       
PG03  17828.301977  -4067.640806  19035.471524    692.297108  6  5  5  85       
PG04  26494.257703    730.179125  -2695.155320    571.182415  6  4  2  60       
PG05 -12282.367060  -8563.708571 -22115.309568   -210.854897  5  5  5  77       
PG06  -4077.955785 -24186.154075  10084.852526   -376.476608  5  3  1  61       
PG07  11032.594127 -11187.748083 -20785.487683    -30.998326  3  2  1  74       
PG08  25264.564853   5603.631646  -7101.858288    521.714862  4  6  5  83       
PG09  21898.815449  -8144.886497 -12780.456867    668.829393  3  4  4  55       
PG10  -9105.498018  23396.266391   8371.059301   -435.078599  5  3  6  73       
PG11 -11573.474721 -23906.566534  -1327.070853   -706.705685  4  3  3  60       
PG12 -18399.899120   2511.375330  18695.194259   -586.098284  4  4  4  87       
PG13 -18517.068256 -13517.353694 -13870.425696    701.199210  2  1  6  73       
PG14  11319.400033 -23268.279482   5392.875008    650.929275  5  4  3  90       
PG15 -25460.551205  -3046.697954  -7678.787624    300.309582  6  5  4  65       
PG16   7675.427555  14311.996519 -21303.361146     24.171197  6  6  5  80       
PG17  10164.443553 -13449.550684  20970.332944    263.368794  4  2  4  87       
PG18  -9663.932108  12963.259572 -20992.252333   -620.091646  7  6  5  98       
PG19  -1134.932035 -15384.771731  21538.166922    632.060605  5  3  2  86       
PG20  -5177.520976 -19232.597563 -17538.299365    364.301300  3  6  3  74       
PG22   7156.452431 -22773.784990  12334.616103   -103.064355  4  3  3  88       
PG23 -17020.708689  19197.308638  -6315.363773    483.629630  6  4  2  71       
PG24 -19369.977036  -9219.303452  15422.987667   -395.117779  6  3  5  74       
PG25 -18840.487711  14095.597527  11705.067783    486.311279  3  1  4  81       
PG26    919.287821  21857.980566 -14981.900810   -255.854689  5  4  5  85       
PG27  16764.234330  12689.438746 -16808.567151    -25.335467  3  3  5  75       
PG28   2638.991162  23323.747275  12414.145637   -616.333059  5  7  3  84       
PG29 -23216.429991   5192.390282 -12004.300665   -502.316755  7  7  6  87       
PG30   2619.824099 -20856.449765 -15899.228703   -135.153433  4  5  2  73       
PG31   9073.174196  24530.037263   3125.375056   -205.943364  3  4  4  83       
PG32  -4630.887391  14851.314007  21752.017411   -441.214553  3  3  3  86       
*  2025  5 26 14 45  0.00000000
PG01  17712.576782   6579.258390  18673.861273    272.620215  5  6  3  80       
PG02  19693.673956  14745.256312  10998.745424   -160.706958  4  6  4  81       
PG03  16683.821360  -2086.829730  20346.294840    692.297970  6  5  6  91       
PG04  26626.427765    962.956123    160.660534    571.186537  6  4  2  72       
PG05 -11065.597471 -10713.717050 -21810.956140   -210.855716  5  6  4  65       
PG06  -3348.649185 -23111.353099  12590.679106   -376.493262  5  3  1  67       
PG07  12286.714957  -8989.131345 -21174.651841    -31.001196  3  2  1  74       
PG08  24335.438509   5849.814221  -9685.996530    521.717330  4  5  5  67       
PG09  23207.821301  -7933.475888 -10362.504115    668.838157  2  4  5  81       
PG10  -9672.476997  23955.750495   5588.410252   -435.089096  5  3  5  93       
PG11 -11355.687495 -24003.005049   1533.720282   -706.699494  3  3  3  60       
PG12 -17177.104225    597.641620  19958.409015   -586.099721  4  5  4  84       
PG13 -16859.689741 -13367.883463 -15981.282609    701.199237  2  1  6  57       
PG14  11833.163866 -23479.287650   2605.328906    650.934092  5  4  3  93       
PG15 -24545.845943  -3442.346261 -10230.985661    300.312981  6  5  4  60       
PG16   6216.293108  16121.360615 -20415.255985     24.178811  6  7  5  84       
PG17  12402.948893 -13177.739680  19909.969916    263.353057  4  3  4  84       
PG18 -10835.991965  10814.962408 -21647.061351   -620.086886  6  6  4  92       
PG19   1342.153666 -15055.741223  21714.578918    632.063627  5  3  2  85       
PG20  -4331.737120 -20957.418545 -15714.578716    364.301344  3  6  4  81       
PG22   8038.428920 -23628.092417   9892.399629   -103.064214  4  4  3  86       
PG23 -16739.560208  18332.522101  -9049.217361    483.635501  6  4  3  91       
PG24 -20145.095803 -10768.205993  13389.438260   -395.110570  6  3  5  80       
PG25 -18285.554696  12642.690671  13979.364189    486.310120  3  2  4  83       
PG26    -37.014137  23152.649650 -12854.094780   -255.870089  5  3  5  86       
PG27  14815.023749  12784.129267 -18478.497918    -25.334924  2  3  4  67       
PG28   1690.424102  22082.543553  14649.164674   -616.337163  5  7  4  97       
PG29 -24409.278128   4868.973421  -9517.127281   -502.312692  7  7  6  74       
PG30   3754.696121 -19236.739667 -17626.227899   -135.144580  4  5  3  73       
PG31   8556.400475  24174.380990   5923.818570   -205.942436  3  4  4  85       
PG32  -7034.071013  14750.293140  21144.408521   -441.204989  3  2  2  84       
*  2025  5 26 15  0  0.00000000
PG01  18531.154705   8458.355522  17055.351006    272.631095  5  6  3  72       
PG02  20179.877587  15685.239851   8451.739406   -160.698656  4  6  5  66       
PG03  15590.113458     68.732527  21300.408235    692.298829  6  4  6  86       
PG04  26448.607287   1186.435846   3013.741649    571.190684  6  5  2  60       
PG05  -9992.392541 -12878.640979 -21137.206708   -210.856334  5  5  4  75       
PG06  -2421.988732 -21845.248279  14879.105793   -376.510016  5  3  1  80       
PG07  13656.025135  -6838.014359 -21179.009552    -31.004087  3  3  2  78       
PG08  23141.261424   6162.994768 -12108.530162    521.719863  3  5  5  55       
PG09  24244.026213  -7774.633475  -7767.516948    668.846861  2  5  5  63       
PG10 -10055.051760  24261.877071   2708.203532   -435.099656  5  4  5  81       
PG11 -10986.812026 -23829.376460   4368.229506   -706.693239  3  3  2  68       
PG12 -15987.279225  -1482.632444  20869.492764   -586.100948  5  5  4  88       
PG13 -14976.815660 -13284.436433 -17824.479971    701.199112  3  1  6  81       
PG14  12179.611172 -23436.834696   -227.756698    650.938924  4  4  2  82       
PG15 -23383.816552  -3931.669931 -12612.088166    300.316680  6  4  4  56       
PG16   4915.477480  17909.422621 -19183.107655     24.186285  6  7  5  77       
PG17  14516.785442 -13030.249706  18519.987027    263.337336  4  3  4  89       
PG18 -12147.934386   8689.142604 -21927.446665   -620.082127  6  6  4 103       
PG19   3836.351000 -14855.820269  21513.004722    632.066820  5  3  3  89       
PG20  -3645.367931 -22511.608574 -13620.118430    364.301053  4  6  3  75       
PG22   8721.017297 -24292.610027   7285.334664   -103.064022  4  4  3  90       
PG23 -16369.861979  17182.993483 -11624.900928    483.641374  6  4  4  98       
PG24 -20844.471931 -12079.288266  11123.255994   -395.103326  6  3  5  60       
PG25 -17690.517859  10943.247375  16004.763205    486.308951  3  2  4  83       
PG26   -834.959252  24259.707735 -10503.125830   -255.885484  5  3  5  74       
PG27  12703.906953  12988.974663 -19842.794345    -25.334338  2  3  4  79       
PG28    547.080566  20693.053405  16631.892294   -616.341261  5  7  4  83       
PG29 -25328.111531   4622.214880  -6867.760570   -502.308746  6  7  6  69       
PG30   5058.766559 -17521.040499 -19042.957555   -135.135730  3  5  4  72       
PG31   7862.103610  23574.215582   8617.468299   -205.941168  3  4  4  75       
PG32  -9353.619468  14773.625028  20179.577412   -441.195399  3  1  2  83       
*  2025  5 26 15 15  0.00000000
PG01  19343.212339  10121.053657  15143.583170    272.641974  5  6  3  86       
PG02  20526.220725  16378.343163   5765.035275   -160.690419  3  5  5  60       
PG03  14582.231717   2361.507164  21881.164400    692.299671  6  4  5  91       
PG04  25964.416587   1438.277514   5815.453163    571.194841  6  5  2  78       
PG05  -9075.019550 -15011.189585 -20105.120658   -210.857119  6  5  4  81       
PG06  -1287.778399 -20431.386797  16910.951899   -376.526707  4  2  1  81       
PG07  15113.295095  -4778.080597 -20799.879196    -31.007171  3  3  2  86       
PG08  21707.479529   6572.429331 -14328.987973    521.722362  3  4  4  72       
PG09  24989.223300  -7633.229785  -5039.721961    668.855508  2  5  5  52       
PG10 -10282.709302  24286.858929   -219.430496   -435.110162  5  5  5  87       
PG11 -10437.754779 -23409.848162   7127.905582   -706.687028  3  4  2  49       
PG12 -14865.697864  -3694.977998  21412.048732   -586.102116  5  4  3  92       
PG13 -12902.559226 -13295.525508 -19369.244411    701.199228  3  2  6  69       
PG14  12388.601356 -23121.089166  -3056.847448    650.943707  4  4  2  96       
PG15 -22004.747167  -4539.413136 -14783.275033    300.320278  6  4  4  51       
PG16   3783.119986  19630.680099 -17626.033489     24.194086  6  7  5  91       
PG17  16464.613534 -12989.612675  16823.149509    263.321588  4  3  4  87       
PG18 -13577.187534   6630.665036 -21829.291517   -620.077322  6  6  4 104       
PG19   6297.656545 -14785.608766  20935.529109    632.070135  5  4  3  90       
PG20  -3102.357145 -23855.660312 -11291.311022    364.300679  4  6  3  97       
PG22   9222.518455 -24732.826985   4556.494722   -103.064075  4  4  3  92       
PG23 -15953.622943  15755.143905 -13997.481874    483.647260  6  5  4  87       
PG24 -21429.818149 -13149.219269   8665.055723   -395.096085  6  3  5  59       
PG25 -17094.013530   9017.199528  17744.752348    486.307770  3  2  4  80       
PG26  -1491.068708  25143.370130  -7969.134960   -255.900935  5  4  5  64       
PG27  10472.061115  13319.807878 -20878.538110    -25.333782  2  4  4  84       
PG28   -792.859320  19199.016123  18328.209821   -616.345339  5  7  5  81       
PG29 -25953.313880   4417.946056  -4101.337705   -502.304860  6  7  6  55       
PG30   6524.409752 -15754.208812 -20124.764646   -135.126920  3  4  4  87       
PG31   6969.287450  22761.513645  11158.397661   -205.940227  3  4  4  82       
PG32 -11544.512918  14906.443828  18872.981798   -441.185851  3  1  1  81       
*  2025  5 26 15 30  0.00000000
PG01  20108.688384  11549.398742  12971.469061    272.652825  5  6  3  77       
PG02  20695.425299  16835.849638   2982.683084   -160.682194  2  5  5  85       
PG03  13688.838751   4747.980022  22078.586996    692.300549  6  4  5  91       
PG04  25186.172328   1754.728850   8518.041010    571.198941  6  4  2  71       
PG05  -8317.494785 -17063.273319 -18731.770876   -210.857841  6  5  5  71       
PG06     55.634623 -18915.961134  18651.567917   -376.543336  4  2  2  88       
PG07  16625.122108  -2847.565873 -20045.826982    -31.010266  4  3  2  74       
PG08  20065.851744   7102.360400 -16310.129036    521.724918  3  4  4  70       
PG09  25433.619429  -7472.061836  -2225.681635    668.864148  1  5  5  69       
PG10 -10390.129557  24010.958064  -3143.185270   -435.120703  5  5  4  77       
PG11  -9685.327034 -22775.151166   9765.508534   -706.680812  3  4  3  83       
PG12 -13841.944549  -5998.859184  21576.332998   -586.103741  5  4  3  93       
PG13 -10676.641085 -13423.529279 -20589.668638    701.199273  4  3  5  54       
PG14  12493.952969 -22520.143413  -5832.408035    650.948512  3  4  3  87       
PG15 -20444.060691  -5284.580808 -16709.441261    300.324012  6  4  5  47       
PG16   2821.411299  21239.258596 -15768.800975     24.201507  6  7  6  71       
PG17  18209.634192 -13031.777593  14847.172518    263.305536  4  4  4  83       
PG18 -15094.152668   4679.956177 -21355.036109   -620.072531  6  5  4  92       
PG19   8676.656062 -14837.540322  19990.942784    632.073465  5  4  3  89       
PG20  -2679.925038 -24955.399232  -8768.479726    364.300733  4  6  3  74       
PG22   9567.531697 -24919.577598   1751.230820   -103.063715  4  4  3  95       
PG23 -15532.085979  14064.591553 -16125.678157    483.653160  7  5  5  82       
PG24 -21864.573439 -13982.980473   6058.233235   -395.088858  6  4  4  74       
PG25 -16531.766199   6892.640915  19167.997966    486.306604  4  3  4  87       
PG26  -2027.983780  25773.321735  -5295.796195   -255.916387  5  4  6  32       
PG27   8163.710538  13785.149351 -21567.984894    -25.333195  2  5  3  85       
PG28  -2322.858082  17645.211850  19708.939843   -616.349420  5  6  5  66       
PG29 -26273.604211   4219.414296  -1264.992583   -502.300621  5  7  6  75       
PG30   8136.090087 -13980.311362 -20853.056165   -135.118072  3  4  5  65       
PG31   5864.297390  21773.636822  13501.313359   -205.939003  4  4  4  81       
PG32 -13565.537403  15126.751158  17245.871060   -441.176278  4  1  1  92       
*  2025  5 26 15 45  0.00000000
PG01  20786.311958  12733.812789  10576.381409    272.663728  5  5  3  65       
PG02  20654.108211  17076.338369    150.641799   -160.673847  2  4  5  69       
PG03  12931.125277   7180.189150  21889.540253    692.301423  5  4  5  89       
PG04  24134.443292   2169.047445  11075.423166    571.203070  6  4  2  64       
PG05  -7715.543143 -18987.682042 -17039.996594   -210.858538  6  5  5  75       
PG06   1601.122533 -17346.053095  20071.409149   -376.559963  4  2  2  90       
PG07  18153.250291  -1077.931038 -18932.364973    -31.012778  4  3  3  77       
PG08  18253.374585   7770.942972 -18018.518504    521.727486  4  4  3  64       
PG09  25576.144864  -7253.459548    626.481696    668.872867  1  5  5  54       
PG10 -10415.644252  23423.401975  -6011.524487   -435.131210  5  6  5  57       
PG11  -8713.321501 -21961.333565  12235.906132   -706.674662  3  5  3  72       
PG12 -12938.787764  -8349.087604  21359.450916   -586.105205  4  4  2  91       
PG13  -8343.075889 -13683.761321 -21465.111689    701.199436  4  3  5  65       
PG14  12531.925937 -21630.599381  -8505.815227    650.953302  3  4  3  73       
PG15 -18741.051428  -6179.615906 -18359.652101    300.327705  6  4  5  68       
PG16   2024.601257  22690.567290 -13641.540625     24.208984  6  8  6  75       
PG17  19720.801843 -13127.082196  12624.340898    263.289861  4  4  4  66       
PG18 -16663.266475   2871.627797 -20513.583947   -620.067787  6  5  4  92       
PG19  10926.283918 -14996.168610  18694.674297    632.076708  5  5  3  77       
PG20  -2349.652488 -25783.212713  -6095.167939    364.300335  4  6  3  77       
PG22   9785.894680 -24830.218278  -1083.500858   -103.063745  4  4  3  82       
PG23 -15143.994471  12135.697720 -17972.599950    483.659040  7  6  5  88       
PG24 -22115.349302 -14593.371803   3348.152344   -395.081673  6  4  4  81       
PG25 -16035.076414   4604.913553  20248.983965    486.305455  4  3  3  83       
PG26  -2473.401839  26125.934156  -2529.563573   -255.931820  5  4  6  52       
PG27   5824.676800  14385.780209 -21898.862000    -25.332581  2  6  3  75       
PG28  -4028.080414  16075.785338  20750.346587   -616.353505  5  6  5  78       
PG29 -26286.417910   3988.874564   1592.923948   -502.296442  5  6  5  82       
PG30   9870.815336 -12240.986573 -21215.615845   -135.109217  3  4  5  72       
PG31   4541.605831  20651.818964  15604.446671   -205.937803  4  4  4  59       
PG32 -15380.687309  15406.283247  15325.004197   -441.166707  3  1  1  76       
*  2025  5 26 16  0  0.00000000
PG01  21335.246297  13673.265396   7999.511924    272.674584  4  5  3  72       
PG02  20374.161824  17124.906123  -2683.882282   -160.665635  2  4  6  72       
PG03  12322.044818   9607.430906  21317.763894    692.302279  4  5  5  76       
PG04  22837.306544   2710.037341  13443.954167    571.207199  5  4  2  65       
PG05  -7256.878020 -20739.747020 -15058.064526   -210.859232  6  5  5  84       
PG06   3332.882641 -15767.864404  21146.515081   -376.576577  4  2  3  96       
PG07  19656.087508    507.148560 -17481.496143    -31.015971  4  3  3  75       
PG08  16311.024591   8589.393348 -19425.057772    521.730047  4  4  3  72       
PG09  25424.442218  -6940.920399   3467.893983    668.881594  1  5  5  72       
PG10 -10399.536883  22522.956152  -8773.654454   -435.141644  5  6  5  88       
PG11  -7513.324582 -21008.324485  14496.833414   -706.668492  3  5  4  77       
PG12 -12171.345216 -10697.432913  20765.411614   -586.106562  4  4  2  81       
PG13  -5948.707423 -14083.805954 -21980.529037    701.199449  4  3  5  82       
PG14  12539.610530 -20457.824504 -11030.255765    650.958132  2  4  4  77       
PG15 -16937.508615  -7229.824783 -19707.531349    300.331461  6  4  5  83       
PG16   1379.315990  23942.948740 -11279.355833     24.216734  6  8  6  66       
PG17  20973.845858 -13241.440564  10191.065793    263.273881  4  4  4  68       
PG18 -18244.298068   1233.341002 -19320.098207   -620.063031  6  4  4  58       
PG19  13003.511126 -15238.790154  17068.586114    632.079992  5  5  3  87       
PG20  -2078.781371 -26319.034031  -3317.381074    364.300496  4  6  3  85       
PG22   9911.419807 -24449.592372  -3899.856666   -103.063798  3  4  4  86       
PG23 -14823.975098  10000.772212 -19506.402129    483.664917  6  6  5  85       
PG24 -22153.236855 -15000.237378    581.339110   -395.074454  6  4  4  32       
PG25 -15629.504866   2195.391085  20968.523714    486.304288  4  4  3  80       
PG26  -2858.794900  26185.241274    281.157169   -255.947266  4  4  6  78       
PG27   3500.868017  15114.599194 -21864.603223    -25.332009  2  6  3  88       
PG28  -5885.777577  14532.607780  21434.541877   -616.357580  5  6  6  56       
PG29 -25997.970376   3689.223942   4423.645790   -502.292590  4  6  5  63       
PG30  11698.896363 -10573.923652 -21206.790544   -135.100366  3  4  5  85       
PG31   3004.264717  19439.496950  17430.375688   -205.936829  4  4  4  84       
PG32 -16960.390098  15711.634913  13142.274276   -441.157134  4  1  2  74       
*  2025  5 26 16 15  0.00000000
PG01  21716.727805  14375.119533   5285.164078    272.685497  4  5  4  70       
PG02  19833.975963  17012.146942  -5473.141994   -160.657217  2  3  5  73       
PG03  11865.893820  11978.074618  20373.774242    692.303138  3  5  4  79       
PG04  21329.331543   3400.756292  15583.151582    571.211326  5  4  2  59       
PG05  -6921.793332 -22278.925850 -12819.240444   -210.860073  6  5  5  79       
PG06   5226.880344 -14225.001890  21858.888376   -376.593185  4  2  2  90       
PG07  21090.346324   1892.441939 -15721.129402    -31.018980  4  4  4  61       
PG08  14282.360511   9561.392330 -20505.462974    521.732624  5  4  3  71       
PG09  24994.533573  -6500.709400   6249.757075    668.890326  2  4  5  79       
PG10 -10382.254340  21318.122875 -11380.499581   -435.152069  5  7  6  67       
PG11  -6085.233055 -19958.363569  16509.603322   -706.662242  3  5  4  95       
PG12 -11546.575739 -12994.362087  19805.039288   -586.107970  3  4  2  95       
PG13  -3541.642229 -14623.144826 -22126.728654    701.199431  4  3  5  62       
PG14  12553.290260 -19015.866216 -13361.589174    650.962951  2  4  4  63       
PG15 -15076.277926  -8433.065047 -20731.584822    300.335367  6  4  4  82       
PG16    865.181285  24959.259783  -8721.827192     24.224021  5  8  6  58       
PG17  21952.064531 -13337.708649   7587.378866    263.258213  3  5  5  77       
PG18 -19793.828666   -215.049210 -17795.694989   -620.058329  6  3  4  64       
PG19  14870.890635 -15536.383221  15140.633357    632.083084  5  6  3  79       
PG20  -1831.679188 -26551.045569   -482.794437    364.300241  5  7  3  68       
PG22   9980.468509 -23770.743148  -6649.862409   -103.063329  3  4  4  82       
PG23 -14601.102462   7698.971679 -20700.835327    483.670816  6  5  5  80       
PG24 -21954.930532 -15229.450631  -2195.302610   -395.067245  6  5  4  31       
PG25 -15333.811263   -289.988495  21314.130922    486.303157  4  4  2  84       
PG26  -3217.961182  25943.628031   3086.896279   -255.962708  4  4  6  81       
PG27   1236.756996  15956.772305 -21464.515943    -25.331418  2  7  3  95       
PG28  -7865.982401  13053.739744  21749.789973   -616.361652  5  6  6  74       
PG29 -25423.000351   3285.617043   7178.803379   -502.288518  4  7  5  79       
PG30  13584.979899  -9011.520630 -20827.545037   -135.091536  3  3  6  82       
PG31   1264.003135  18180.561060  18946.756635   -205.935888  4  4  3  81       
PG32 -18282.505377  16005.602533  10734.240047   -441.147549  4  1  2  71       
*  2025  5 26 16 30  0.00000000
PG01  21895.637086  14854.658486   2479.993185    272.696332  3  5  4  86       
PG02  19019.453426  16772.919030  -8169.595892   -160.648894  2  4  5  69       
PG03  11558.251864  14241.411876  19074.635783    692.304000  2  5  5  88       
PG04  19650.329627   4257.443027  17456.373579    571.215533  4  4  2  80       
PG05  -6684.048077 -23570.251172 -10361.274637   -210.861141  6  5  5 107       
PG06   7251.610625 -12756.882245  22196.769401   -376.609798  4  3  3  94       
PG07  22412.733710   3071.453473 -13684.390556    -31.021908  4  4  4  41       
PG08  12212.032297  10682.766749 -21240.685292    521.735237  5  6  3  71       
PG09  24310.176774  -5903.362170   8924.182388    668.899033  3  4  4  78       
PG10 -10402.606078  19826.952280 -13785.656686   -435.162468  5  7  7  94       
PG11  -4437.455120 -18854.355863  18239.757300   -706.656031  3  6  5  84       
PG12 -11063.118246 -15190.834224  18495.744288   -586.109113  3  3  2  85       
PG13  -1169.635307 -15293.089398 -21900.549005    701.199675  4  3  5  81       
PG14  12606.847056 -17327.028227 -15459.156456    650.967768  1  4  4  72       
PG15 -13199.808286  -9779.702184 -21415.461206    300.339053  6  4  4  89       
PG16    455.736865  25708.319721  -6012.411575     24.231696  5  9  7  71       
PG17  22646.861345 -13377.183088   4856.365312    263.242361  3  5  5  71       
PG18 -21266.855855  -1462.040148 -15967.041701   -620.053541  6  2  4  63       
PG19  16497.892824 -15854.827725  12944.387962    632.086152  5  6  4  87       
PG20  -1571.410205 -26476.076522   2360.059226    364.300222  5  7  3  76       
PG22  10030.412305 -22795.342326  -9286.201276   -103.063321  3  5  5  88       
PG23 -14497.702615   5274.936590 -21535.686017    483.676686  6  5  5  89       
PG24 -21503.633316 -15311.704756  -4935.243185   -395.060015  6  5  4  49       
PG25 -15159.194420  -2802.376613  21280.240224    486.302026  5  4  2  85       
PG26  -3585.468949  25402.198555   5838.048064   -255.978222  3  4  5  90       
PG27   -926.100385  16890.175274 -20703.874672    -25.330831  2  7  3  88       
PG28  -9932.488603  11672.054182  21690.706361   -616.365720  5  6  6  75       
PG29 -24584.201619   2747.000839   9811.233301   -502.284485  4  7  5  81       
PG30  15489.309888  -7579.773886 -20085.387571   -135.082708  3  3  6  76       
PG31   -659.035625  16917.600722  20126.945221   -205.934629  4  4  3  76       
PG32 -19333.057177  16248.698837   8141.567176   -441.138003  4  1  2  93       
*  2025  5 26 16 45  0.00000000
PG01  21841.941149  15134.313058   -367.793319    272.707202  4  5  5  87       
PG02  17924.775487  16444.937385 -10726.687875   -160.640580  2  5  5  77       
PG03  11386.281188  16349.465828  17443.610488    692.304853  1  5  5  95       
PG04  17843.914971   5288.705863  19031.437224    571.219695  4  4  3  77       
PG05  -6512.012845 -24585.587894  -7725.806087   -210.862137  6  5  5  99       
PG06   9369.147523 -11397.315895  22154.804040   -376.626441  4  3  3  85       
PG07  23581.616029   4046.347974 -11408.856361    -31.025152  4  5  4  61       
PG08  10144.247791  11941.464618 -21617.266119    521.737831  6  6  3  86       
PG09  23401.933871  -5125.031902  11445.016629    668.907765  4  4  4  80       
PG10 -10496.028919  18076.469462 -15946.303600   -435.172885  5  8  7  95       
PG11  -2586.787567 -17738.214650  19657.645749   -706.649711  3  6  5  94       
PG12 -10711.482310 -17240.075678  16861.161085   -586.110726  3  4  3  90       
PG13   1121.516371 -16077.024561 -21304.954911    701.199679  4  2  5  82       
PG14  12730.275037 -15421.126258 -17286.517216    650.972598  2  4  4  82       
PG15 -11348.730525 -11252.833453 -21748.152143    300.342879  6  4  4  87       
PG16    119.613520  26166.163743  -3197.739707     24.239395  4  9  7  78       
PG17  23058.000730 -13321.183115   2043.537699    263.226473  2  5  5  69       
PG18 -22618.460647  -2504.701804 -13865.869903   -620.048736  5  3  4  68       
PG19  17861.971895 -16156.357334  10518.435515    632.089499  4  6  4  79       
PG20  -1261.351996 -26099.682120   5162.609021    364.299615  5  7  4  76       
PG22  10098.035739 -21533.810275 -11763.022403   -103.063401  3  5  5  92       
PG23 -14528.442003   2777.222898 -21997.099144    483.682584  6  4  4  82       
PG24 -20789.717922 -15281.158572  -7593.038549   -395.052804  6  5  4  76       
PG25 -15108.865341  -5291.781809  20868.273534    486.300905  5  4  2  84       
PG26  -3995.058196  24570.803247   8485.817903   -255.993694  2  4  5  75       
PG27  -2950.454945  17886.119601 -19593.934781    -25.330257  2  7  3  77       
PG28 -12044.077232  10414.072123  21258.347371   -616.369789  5  6  6  65       
PG29 -23511.363319   2047.509994  12275.773274   -502.280415  4  7  5  70       
PG30  17369.164032  -6297.440871 -18994.171731   -135.073911  3  3  6  70       
PG31  -2736.906424  15690.221626  20950.492650   -205.933274  5  4  3  84       
PG32 -20106.667110  16400.784335   5408.383650   -441.128448  4  1  3  77       
*  2025  5 26 17  0  0.00000000
PG01  21531.950913  15242.619613  -3209.261769    272.718062  3  5  5  80       
PG02  16552.880187  16067.238976 -13099.650100   -160.632165  3  5  5  65       
PG03  11329.369740  18258.688546  15509.694963    692.305717  1  5  6  99       
PG04  15955.930120   6495.004651  20281.167809    571.223811  4  3  3  84       
PG05  -6370.037303 -25304.649578  -4957.691875   -210.862629  6  6  4  94       
PG06  11536.440577 -10173.322015  21734.104327   -376.643034  5  2  3  94       
PG07  24558.591170   4827.528305  -8935.738383    -31.027980  4  5  5  67       
PG08   8121.250542  13317.829810 -21627.619628    521.740467  6  7  3  85       
PG09  22305.985971  -4148.626400  13768.645195    668.916474  4  4  4  72       
PG10 -10692.993527  16101.738939 -17824.038215   -435.183300  6  8  7  85       
PG11   -557.972932 -16649.255102  20738.929240   -706.643448  3  6  5  96       
PG12 -10474.579285 -19099.261905  14930.663881   -586.112154  3  4  4  91       
PG13   3289.516159 -16950.958337 -20349.047171    701.199731  4  2  5  85       
PG14  12948.364200 -13334.454441 -18812.099951    650.977425  1  4  4  87       
PG15  -9560.512691 -12828.770144 -21724.132849    300.346642  6  4  4  67       
PG16   -178.067607  26317.044208   -326.820017     24.247280  4  8  7  58       
PG17  23193.568959 -13132.660850   -803.846126    263.210381  2  5  5  66       
PG18 -23805.474180  -3348.567226 -11528.412680   -620.043947  5  4  4  81       
PG19  18949.314942 -16401.183267   7905.656626    632.092436  4  6  4  86       
PG20   -866.795216 -25435.903401   7877.058942    364.299622  5  8  5  68       
PG22  10217.941083 -20005.114335 -14036.757324   -103.063240  2  5  6  79       
PG23 -14699.735922    256.591965 -22077.779770    483.688491  5  4  4  75       
PG24 -19811.127880 -15173.989905 -10124.995209   -395.045585  6  5  4  77       
PG25 -15177.969020  -7708.874285  20086.553574    486.299794  5  4  3  86       
PG26  -4478.069051  23467.719545  10983.165056   -256.009181  3  3  5  67       
PG27  -4804.611643  18910.343202 -18151.859900    -25.329687  2  8  3  80       
PG28 -14155.943524   9299.055369  20460.189335   -616.373858  5  6  7  87       
PG29 -22240.250049   1167.668528  14530.029873   -502.276272  3  7  5  64       
PG30  19180.405913  -5175.505378 -17573.783014   -135.065051  4  3  6  68       
PG31  -4934.796835  14533.506388  21403.505251   -205.932410  5  4  3  68       
PG32 -20606.666480  16422.753762   2581.556328   -441.118926  4  1  3  77       
*  2025  5 26 17 15  0.00000000
PG01  20949.345239  15212.949855  -5995.590312    272.728919  3  6  5  72       
PG02  14915.624600  15678.574704 -15246.316572   -160.623889  3  6  5  66       
PG03  11360.087891  19931.480221  13307.057696    692.306634  2  5  6  95       
PG04  14032.794428   7868.447355  21183.870159    571.227930  3  3  3  82       
PG05  -6219.988550 -25715.732644  -2104.270081   -210.863742  6  7  4  83       
PG06  13706.808459  -9104.217475  20942.203002   -376.659658  5  2  4  95       
PG07  25309.907998   5432.897939  -6309.041592    -31.030993  4  5  5  74       
PG08   6181.863193  14785.172113 -21270.235046    521.743064  6  8  4  86       
PG09  21062.738906  -2964.688923  15854.758784    668.925210  5  4  4  67       
PG10 -11017.622692  13944.604648 -19385.625855   -435.193749  6  8  8  97       
PG11   1617.047531 -15622.699659  21464.992571   -706.637203  3  5  5  91       
PG12 -10328.567936 -20731.037426  12738.773848   -586.113675  3  5  4  86       
PG13   5296.990535 -17884.362174 -19047.982095    701.199908  4  3  5  46       
PG14  13279.607584 -11108.505655 -20009.752817    650.982286  1  4  4  76       
PG15  -7868.234269 -14477.762312 -21343.443698    300.350442  6  4  5  68       
PG16   -474.126049  26154.130307   2549.839114     24.254805  3  8  7  68       
PG17  23069.635288 -12777.782147  -3637.516135    263.194759  2  5  5  79       
PG18 -24788.081867  -4007.200921  -8994.777119   -620.039193  5  5  4  71       
PG19  19755.239315 -16549.220302   5152.408983    632.095730  4  6  4  75       
PG20   -356.465679 -24506.718401  10457.182096    364.299441  5  8  5  75       
PG22  10421.017407 -18236.243406 -16066.929240   -103.063443  2  5  6  86       
PG23 -15009.497015  -2235.772950 -21777.073044    483.694357  5  4  3  80       
PG24 -18573.511579 -15026.908902 -12489.785465   -395.038350  6  5  4  70       
PG25 -15353.854124 -10006.749826  18950.071033    486.298671  4  4  3  94       
PG26  -5061.965604  22118.996780  13285.717360   -256.024673  3  3  5  80       
PG27  -6463.487020  19924.236888 -16400.556658    -25.329145  2  8  4  74       
PG28 -16221.269787   8338.390504  19309.997807   -616.377959  5  6  7  64       
PG29 -20811.262842     95.350444  16535.106464   -502.272047  3  7  5  73       
PG30  20879.089618  -4216.961566 -15849.720739   -135.056245  4  4  6  46       
PG31  -7212.242244  13476.683517  21478.861307   -205.931072  5  4  3  76       
PG32 -20844.877402  16278.211730   -290.101758   -441.109380  3  1  4  80       
*  2025  5 26 17 30  0.00000000
PG01  20085.921635  15082.061980  -8678.904810    272.739859  3  6  6  72       
PG02  13033.612631  15315.788417 -17127.931858   -160.615626  3  7  5  68       
PG03  11445.416611  21337.472312  10874.390433    692.307530  2  4  6  98       
PG04  12119.836893   9392.911112  21723.713742    571.232091  3  2  3  83       
PG05  -6022.902561 -25816.136810    785.433618   -210.864518  6  7  3  97       
PG06  15831.573237  -8201.011836  19792.904501   -376.676310  5  3  4  83       
PG07  25807.683479   5886.851935  -3574.719787    -31.034035  4  6  5  82       
PG08   4360.150225  16310.618114 -20549.790833    521.745667  6  8  4  65       
PG09  19715.272722  -1571.986041  17667.068933    668.933929  5  4  4  72       
PG10 -11486.582195  11652.159111 -20603.635841   -435.204160  6  8  8  82       
PG11   3900.157873 -14688.351843  21823.264972   -706.630954  3  5  5  95       
PG12 -10243.975295 -22104.813532  10324.474443   -586.114778  3  6  5  74       
PG13   7112.739873 -18841.275941 -17422.797483    701.200015  4  3  5  62       
PG14  13735.375406  -8788.498912 -20859.185081    650.987109  2  3  4  71       
PG15  -6299.518195 -16164.943478 -20611.712254    300.353690  6  4  5  69       
PG16   -805.646028  25679.867574   5381.172077     24.262491  4  8  7  79       
PG17  22709.618690 -12227.418723  -6408.967357    263.178719  1  5  5  75       
PG18 -25531.305949  -4501.464937  -6308.262803   -620.034440  5  6  4  87       
PG19  20284.219873 -16561.839944   2307.630003    632.098722  4  5  4  79       
PG20    296.088781 -23341.206893  12859.084244    364.299324  4  8  5  83       
PG22  10733.037089 -16261.369633 -17816.937939   -103.063161  2  4  6  94       
PG23 -15447.230295  -4650.053624 -21100.924462    483.700241  4  4  3  86       
PG24 -17090.090923 -14875.682439 -14649.011083   -395.031124  6  4  4  94       
PG25 -15616.673700 -12142.579186  17480.116310    486.297578  4  4  3  86       
PG26  -5769.020324  20557.491164  15352.634201   -256.040176  3  3  5  83       
PG27  -7909.433542  20886.268212 -14368.411130    -25.328587  2  7  4  78       
PG28 -18192.884292   7535.287258  17827.589203   -616.382095  5  6  7  70       
PG29 -19267.930651  -1173.539451  18256.278957   -502.267965  3  7  5  79       
PG30  22423.053152  -3416.919534 -13852.587692   -135.047435  4  4  5  75       
PG31  -9524.567720  12542.058957  21176.283407   -205.929922  5  4  3  66       
PG32 -20841.065947  15935.069984  -3156.681008   -441.099907  3  1  4  69       
*  2025  5 26 17 45  0.00000000
PG01  18942.044303  14888.529667 -11213.098430    272.750726  3  6  6  75       
PG02  10935.682102  15012.247397 -18709.936602   -160.607205  3  7  5  72       
PG03  11548.194628  22454.527413   8254.188917    692.308391  3  3  6  89       
PG04  10259.675878  11044.485618  21891.024314    571.236279  3  2  4  84       
PG05  -5740.685300 -25612.251671   3661.543583   -210.865480  5  8  3 101       
PG06  17861.774000  -7466.128984  18306.036175   -376.692991  5  3  4  76       
PG07  26030.879213   6219.047702   -779.846477    -31.037300  4  6  5  84       
PG08   2684.251367  17856.217811 -19477.173264    521.748294  6  8  4  87       
PG09  18307.694580     22.223139  19173.958745    668.942687  5  4  4  75       
PG10 -12108.292194   9275.007426 -21456.951576   -435.214603  6  8  8  99       
PG11   6248.330877 -13869.488979  21807.441064   -706.624715  3  5  4  81       
PG12 -10187.042279 -23197.794009   7730.453015   -586.116656  4  7  5  76       
PG13   8712.769265 -19781.641652 -15500.142391    701.200134  4  3  4  54       
PG14  14319.387900  -6421.774208 -21346.292554    650.991938  2  4  3  77       
PG15  -4875.655449 -17851.466628 -19540.114202    300.357806  6  5  5  72       
PG16  -1208.263859  24905.972484   8116.542926     24.270241  4  7  7  65       
PG17  22143.376405 -11458.492781  -9070.272044    263.163252  1  4  5  76       
PG18 -26006.312526  -4858.512925  -3514.637333   -620.029728  4  6  5  84       
PG19  20549.544827 -16403.573975   -578.117003    632.102110  4  5  5  81       
PG20   1111.298738 -21974.461120  15041.925599    364.298691  4  7  5  81       
PG22  11173.440555 -14120.721272 -19254.801462   -103.063287  2  3  6  75       
PG23 -15994.467297  -6939.518290 -20061.724680    483.706148  3  4  3  88       
PG24 -15381.274152 -14753.718290 -16567.714913   -395.023885  6  5  5  82       
PG25 -15940.285431 -14079.076141  15703.790492    486.296504  4  5  3  91       
PG26  -6615.217195  18821.631371  17147.395488   -256.055680  4  3  5  78       
PG27  -9132.794158  21753.555116 -12088.922643    -25.328039  1  7  4  64       
PG28 -20024.942852   6884.802110  16038.488971   -616.386189  5  6  7  70       
PG29 -17655.288812  -2634.693099  19663.607454   -502.263916  3  6  5  85       
PG30  23773.438922  -2763.022359 -11617.501031   -135.038632  5  4  5  51       
PG31 -11824.493769  11744.251552  20502.269155   -205.928905  5  3  2  78       
PG32 -20622.083900  15366.999795  -5968.066791   -441.090394  2  1  4  67       
*  2025  5 26 18  0  0.00000000
PG01  17526.771765  14671.110014 -13554.620996    272.761659  4  6  6  56       
PG02   8658.058687  14796.390406 -19962.709160   -160.599120  4  7  5  72       
PG03  11628.724361  23269.420744   5491.978903    692.309280  3  3  6  87       
PG04   8490.706969  12792.224616  21682.475921    571.240402  3  2  4  83       
PG05  -5337.796702 -25119.301909   6474.202178   -210.866096  4  9  4 100       
PG06  19749.896119  -6893.463798  16507.104658   -376.709653  5  3  4  89       
PG07  25966.010825   6463.011795   2028.183910    -31.040243  4  6  5  74       
PG08   1175.432526  19380.271516 -18069.392612    521.750886  6  8  5  70       
PG09  16883.459036   1802.249741  20349.055869    668.951416  5  3  4  81       
PG10 -12882.492201   6865.400983 -21931.142838   -435.224994  5  7  8  93       
PG11   8615.084224 -13182.016117  21417.598543   -706.618430  4  4  4  91       
PG12 -10121.235231 -23995.691899   5002.287881   -586.117735  4  7  6  93       
PG13  10081.057928 -20662.820629 -13311.909189    701.200220  4  4  4  66       
PG14  15027.505707  -4056.119849 -21463.363324    650.996977  2  4  4  85       
PG15  -3610.952080 -19495.797116 -18145.270689    300.361281  6  5  5  80       
PG16  -1714.493754  23853.053468  10706.751939     24.277875  4  7  7  85       
PG17  21406.041647 -10455.118100 -11574.915063    263.147120  1  4  5  71       
PG18 -26191.496033  -5110.551853   -661.379912   -620.024976  4  6  5  69       
PG19  20572.616220 -16043.693825  -3453.628312    632.105049  4  6  5  87       
PG20   2102.605787 -20446.283978  16968.590619    364.298582  4  7  5  82       
PG22  11754.364910 -11859.204036 -20353.834470   -103.062969  2  3  5  90       
PG23 -16625.518744  -9062.112463 -18678.045185    483.712060  3  5  4  79       
PG24 -13474.029431 -14690.754299 -18214.840661   -395.016631  6  4  5  74       
PG25 -16293.407566 -15785.727486  13653.412961    486.295420  3  5  3  96       
PG26  -7609.421780  16953.967682  18638.496692   -256.071185  4  2  4  81       
PG27 -10132.158781  22483.533647  -9600.232542    -25.327535  1  7  4  68       
PG28 -21674.568856   6374.185459  13973.492114   -616.390295  5  6  7  74       
PG29 -16018.205760  -4275.352254  20732.472423   -502.259812  3  6  5  90       
PG30  24896.084018  -2236.152494  -9183.438632   -135.029827  5  5  5  60       
PG31 -14063.837282  11089.759306  19469.887159   -205.927834  5  3  2  83       
PG32 -20220.729234  14554.677021  -8674.855492   -441.080875  2  1  4  75       
*  2025  5 26 18 15  0.00000000
PG01  15857.658610  14467.113840 -15663.224726    272.772518  4  7  6  39       
PG02   6243.198994  14690.458084 -20862.241022   -160.590775  4  7  5  70       
PG03  11646.471382  23778.181501   2635.503527    692.310175  3  3  5  72       
PG04   6845.756715  14599.179500  21101.178333    571.244565  3  3  5  91       
PG05  -4782.849970 -24360.757054   9174.452494   -210.867072  4  9  4 103       
PG06  21451.552192  -6468.769994  14426.863330   -376.726340  5  3  4  86       
PG07  25607.575130   6654.641085   4802.413405    -31.042907  4  6  5  70       
PG08   -152.605320  20838.831898 -16349.391323    521.753491  6  8  5  69       
PG09  15483.721485   3744.370173  21171.716005    668.960143  5  3  4  80       
PG10 -13800.176199   4475.320880 -22018.693572   -435.235556  5  6  7  86       
PG11  10952.075329 -12633.913777  20660.210007   -706.612173  4  3  4  81       
PG12 -10008.859019 -24493.114053   2187.600215   -586.118985  4  7  6  88       
PG13  11210.033994 -21441.240483 -10894.767974    701.200126  4  4  3  74       
PG14  15847.843237  -1738.098788 -21209.163081    651.001849  3  4  4  81       
PG15  -2512.322826 -21055.122847 -16449.078762    300.365128  6  5  5  81       
PG16  -2352.167817  22549.867132  13105.034706     24.285393  5  7  6  90       
PG17  20536.648741  -9209.486637 -13878.638268    263.131637  1  4  4  74       
PG18 -26073.302478  -5293.418933   2203.096045   -620.020240  4  6  5  74       
PG19  20381.927508 -15457.597297  -6268.051207    632.108227  5  5  5  92       
PG20   3275.763491 -18799.723582  18606.296486    364.298437  3  6  5  94       
PG22  12479.964022  -9524.820711 -21093.242921   -103.063095  3  2  5  98       
PG23 -17308.513118 -10981.860331 -16974.272756    483.717986  3  5  5  96       
PG24 -11401.042184 -14711.693476 -19563.641339   -395.009420  6  4  5  73       
PG25 -16640.976898 -17239.740526  11365.844793    486.294358  3  6  3  93       
PG26  -8752.853933  14999.567405  19800.033200   -256.086666  4  2  4  89       
PG27 -10914.304569  23035.657369  -6944.548161    -25.327012  2  7  4  82       
PG28 -23103.389068   5983.538244  11668.133534   -616.394415  5  6  7  56       
PG29 -14399.721863  -6074.591950  21444.024915   -502.255694  4  5  6  88       
PG30  25762.729496  -1811.394863  -6592.535189   -135.020966  5  5  5  66       
PG31 -16195.236687  10576.868120  18098.448701   -205.926675  5  3  2  92       
PG32 -19674.368171  13486.764549 -11229.275644   -441.071361  1  1  4  72       
*  2025  5 26 18 30  0.00000000
PG01  13960.238367  14310.841644 -17502.653766    272.783366  4  7  6  50       
PG02   3738.360207  14709.465988 -21390.722909   -160.582158  4  7  5  65       
PG03  11561.789865  23986.085885   -266.112118    692.311052  4  3  5  82       
PG04   5350.954275  16423.678054  20156.656407    571.248696  3  3  5  82       
PG05  -4050.060659 -23367.425371  11715.118976   -210.868246  3  9  5 112       
PG06  22927.052732  -6170.363231  12100.797754   -376.743017  5  3  4  82       
PG07  24958.190763   6830.656345   7497.028859    -31.046018  3  6  5  77       
PG08  -1294.127247  22187.327384 -14345.740361    521.756073  6  7  5  75       
PG09  14145.789727   5817.540523  21627.406675    668.968850  5  2  5  77       
PG10 -14843.897468   2154.592091 -21719.083192   -435.246019  5  5  7  94       
PG11  13210.775305 -12225.001094  19548.047846   -706.605853  4  2  4  80       
PG12  -9812.704910 -24693.604540   -664.810378   -586.120567  5  6  6  70       
PG13  12100.731429 -22074.111532  -8289.605444    701.200442  4  4  3  76       
PG14  16761.197249    488.560614 -20588.902031    651.006693  3  5  5  87       
PG15  -1579.148951 -22486.837533 -14478.471054    300.368957  6  6  5  92       
PG16  -3143.062781  21032.236446  15268.025073     24.293118  5  7  6  90       
PG17  19576.594209  -7722.457389 -15940.277140    263.115431  1  4  4  74       
PG18 -25646.762288  -5445.027472   5030.230498   -620.015474  4  6  6  51       
PG19  20011.765360 -14627.943716  -8971.856024    632.111329  5  5  5  83       
PG20   4628.432970 -17079.498815  19927.131829    364.298069  3  5  4  92       
PG22  13346.056596  -7166.949766 -21458.615205   -103.062726  3  3  5  77       
PG23 -18006.678158 -12670.026131 -14980.151956    483.723918  2  5  5  98       
PG24  -9199.684612 -14835.621072 -20592.036781   -395.002158  6  4  5  92       
PG25 -16945.648473 -18426.677233   8881.747882    486.293165  3  7  3  88       
PG26 -10038.884833  13004.325795  20612.161085   -256.102124  4  2  4  75       
PG27 -11493.813725  23373.061512  -4167.465456    -25.326544  3  6  5  75       
PG28 -24278.906464   5686.751901   9162.077177   -616.398498  5  6  7  70       
PG29 -12839.464420  -8003.926524  21785.541396   -502.251753  4  5  6  92       
PG30  26352.005996  -1459.215137  -3889.342124   -135.012124  5  5  4  43       
PG31 -18173.831348  10195.899648  16413.068223   -205.925384  5  3  3  77       
PG32 -19023.373046  12160.586735 -13586.093296   -441.061831  1  1  4  58       
*  2025  5 26 18 45  0.00000000
PG01  11867.206715  14232.145937 -19041.265847    272.794261  4  7  6  67       
PG02   1193.948245  14860.472481 -21537.018935   -160.573823  5  7  5  72       
PG03  11337.606977  23907.307204  -3163.204022    692.311878  4  4  5  81       
PG04   4024.865289  18220.801483  18864.719460    571.252869  3  3  5  90       
PG05  -3120.484870 -22176.264697  14051.668130   -210.868951  3  9  6 107       
PG06  24142.808801  -5970.112184   9568.536856   -376.759743  4  3  4  86       
PG07  24028.457655   7027.064037  10068.016765    -31.049097  3  6  5  62       
PG08  -2251.453764  23382.246060 -12092.222257    521.758624  6  7  5  71       
PG09  12901.735150   7984.404446  21707.982779    668.977575  5  3  5  86       
PG10 -15988.426129    -50.893504 -21038.723896   -435.256610  5  3  7  88       
PG11  15344.159182 -11947.024141  18099.982700   -706.599564  5  2  4  59       
PG12  -9497.666984 -24609.351962  -3505.828868   -586.122058  5  6  6  85       
PG13  12762.617259 -22521.147369  -5540.872720    701.200365  4  4  3  80       
PG14  17741.770342   2584.447922 -19614.087817    651.011536  3  5  5  91       
PG15   -803.410481 -23750.048961 -12265.100684    300.372617  6  5  4  93       
PG16  -4101.778547  19341.674836  17156.653294     24.300859  5  6  6  95       
PG17  18567.991306  -6003.814338 -17722.570845    263.099912  1  4  5  85       
PG18 -24915.714020  -5603.739645   7772.103889   -620.010671  4  6  6  59       
PG19  19500.694683 -13545.490945 -11517.764953    632.114691  5  5  4  82       
PG20   6150.088654 -15330.374229  20908.518194    364.298083  4  4  4  87       
PG22  14340.125388  -4834.552426 -21442.291516   -103.062782  3  2  5  81       
PG23 -18679.813830 -14105.994919 -12730.245877    483.729869  3  5  5  91       
PG24  -6910.830645 -15075.034192 -21282.920152   -394.994979  5  4  6  79       
PG25 -17169.373109 -19340.758486   6244.799562    486.292069  4  7  4  82       
PG26 -11453.164960  11013.264604  21061.425615   -256.117571  5  2  4  74       
PG27 -11892.375677  23464.122854  -1317.197579    -25.326103  4  6  4  93       
PG28 -25175.657571   5452.694661   6498.434362   -616.402620  6  6  7  60       
PG29 -11372.200565 -10028.217762  21750.675129   -502.247663  4  5  6  94       
PG30  26650.162477  -1146.804739  -1120.064775   -135.003243  5  5  4  71       
PG31 -19958.829393   9929.780726  14444.127700   -205.924288  5  3  3  63       
PG32 -18309.439410  10582.462963 -15703.480062   -441.052312  1  2  4  51       
*  2025  5 26 19  0  0.00000000
PG01   9617.335688  14255.175809 -20252.575600    272.805120  5  7  6  67       
PG02  -1338.290618  15142.182301 -21297.007959   -160.565635  5  6  5  70       
PG03  10941.002129  23564.241193  -6006.405658    692.312711  4  4  5  81       
PG04   2877.922641  19944.004651  17247.220583    571.257043  3  4  4 101       
PG05  -1982.993532 -20828.955293  16143.031070   -210.870030  3  9  6 110       
PG06  25072.514892  -5834.679831   6873.198440   -376.776440  4  3  3  76       
PG07  22836.549276   7277.678355  12473.762579    -31.051982  3  6  5  59       
PG08  -3034.728525  24382.814272  -9627.302251    521.761144  5  6  6  71       
PG09  11777.218989  10202.556697  21411.847502    668.986221  5  3  5  94       
PG10 -17201.727249  -2100.773681 -19990.760620   -435.267229  5  1  7  96       
PG11  17308.348498 -11784.066803  16340.677659   -706.593340  5  1  3  63       
PG12  -9032.264057 -24260.578822  -6286.870211   -586.123306  5  5  6  68       
PG13  13213.089886 -22746.221774  -2695.849367    701.200463  3  4  2  87       
PG14  18758.157773   4515.772752 -18302.270913    651.016336  3  6  6  77       
PG15   -170.094834 -24807.061322  -9844.947590    300.376280  6  5  3  94       
PG16  -5234.922268  17523.775386  18736.952206     24.308758  5  6  6  90       
PG17  17551.982593  -4072.172770 -19192.925254    263.084104  2  4  5  85       
PG18 -23892.711111  -5806.726535  10382.213350   -620.005946  4  6  6  84       
PG19  18889.894570 -12209.602019 -13861.616200    632.117924  5  5  4  94       
PG20   7822.238527 -13595.544365  21533.587685    364.297863  4  3  3  90       
PG22  15441.675178  -2574.383346 -21043.595912   -103.062676  3  3  5  85       
PG23 -19285.899027 -15277.843229 -10263.326022    483.735758  3  5  5  88       
PG24  -4577.553608 -15435.308632 -21624.412620   -394.987726  5  4  6  71       
PG25 -17274.988247 -19984.835782   3500.881629    486.290993  4  7  4  75       
PG26 -12974.074723   9068.889732  21140.953246   -256.133034  5  2  4  85       
PG27 -12137.794339  23283.847374   1556.279251    -25.325644  4  5  4  91       
PG28 -25776.110031   5246.597625   3723.022942   -616.406753  6  6  7  19       
PG29 -10026.585083 -12106.852654  21339.597606   -502.243602  4  4  6 104       
PG30  26651.514973   -839.539285   1668.210498   -134.994411  5  5  4  45       
PG31 -21514.904920   9754.904204  12226.661137   -205.923104  5  3  3  63       
PG32 -17573.852256   8767.681885 -17543.822400   -441.042813  1  2  4  74       
*  2025  5 26 19 15  0.00000000
PG01   7254.159822  14397.352533 -21115.710336    272.815997  5  7  6  64       
PG02  -3807.159273  15544.912165 -20673.774470   -160.557314  5  6  5  80       
PG03  10344.622301  22986.536411  -8747.464603    692.313608  4  4  6  97       
PG04   1912.177712  21546.818112  15331.707710    571.261212  3  4  4  95       
PG05   -634.939904 -19370.290398  17952.369792   -210.871196  2  8  6 105       
PG06  25698.068302  -5726.968139   4060.678411   -376.793121  3  4  4  71       
PG07  21407.558832   7612.750778  14675.594480    -31.055050  3  6  5  56       
PG08  -3661.367532  25152.601665  -6993.492346    521.763704  5  5  6  64       
PG09  10790.580685  12426.013877  20743.994399    668.994992  5  3  5  86       
PG10 -18446.214190  -3961.570184 -18594.743771   -435.277757  6  1  7  83       
PG11  19064.143721 -11713.269234  14300.182073   -706.587084  5  1  3  58       
PG12  -8390.009765 -23674.642813  -8960.692899   -586.124954  6  5  6  79       
PG13  13476.662545 -22718.894276    196.166190    701.200587  4  4  2  75       
PG14  19774.556332   6255.438587 -16676.690658    651.021153  4  7  6  80       
PG15    342.125243 -25624.778992  -7257.843341    300.379620  6  5  2 102       
PG16  -6540.637164  15626.436605  19980.747262     24.316860  4  6  6  84       
PG17  16567.079738  -1954.527510 -20324.107545    263.067811  2  5  5  84       
PG18 -22598.614989  -6088.376096  12816.227729   -620.001222  4  6  6  89       
PG19  18221.417861 -10628.404637 -15963.145310    632.121093  4  5  4  91       
PG20   9618.951789 -11915.087224  21791.471124    364.297538  4  2  3  77       
PG22  16622.940557   -429.282170 -20268.919214   -103.062475  3  3  4  83       
PG23 -19782.770193 -16182.582026  -7621.702627    483.741609  4  6  5  88       
PG24  -2243.747141 -15914.421194 -21610.064409   -394.980474  5  4  6  90       
PG25 -17227.759788 -20370.041033    697.261095    486.289906  4  7  4  83       
PG26 -14573.475269   7209.675252  20850.507110   -256.148435  4  2  4  84       
PG27 -12262.735119  22815.022083   4402.146984    -25.325208  5  5  4  83       
PG28 -26071.266066   5031.586325    883.579952   -616.410846  6  6  6  66       
PG29  -8824.153048 -14195.147196  20559.025410   -502.239586  4  4  6 103       
PG30  26358.602928   -502.494360   4428.287631   -134.985647  5  5  3  59       
PG31 -22813.374429   9642.240342   9799.675811   -205.922137  5  3  3  69       
PG32 -16855.774552   6740.113608 -19074.451692   -441.033305  1  3  4  82       
*  2025  5 26 19 30  0.00000000
PG01   4824.483905  14668.616173 -21615.770540    272.826879  5  7  6  67       
PG02  -6163.898111  16050.927942 -19677.635881   -160.548967  4  5  5  74       
PG03   9527.881961  22209.869912 -11340.027654    692.314558  5  4  6  87       
PG04   1121.383391  22984.566471  13150.970458    571.265389  4  4  5  96       
PG05    917.510295 -17846.448562  19447.769800   -210.872066  2  8  6 106       
PG06  26010.190696  -5607.711810   1178.893868   -376.809804  1  4  4  74       
PG07  19772.626633   8057.748754  16638.272879    -31.058173  3  5  5  69       
PG08  -4155.206652  25660.985006  -4236.616712    521.766181  5  5  5  58       
PG09   9952.225002  14606.835268  19715.928889    669.003673  5  4  6  97       
PG10 -19680.221393  -5607.751039 -16876.187661   -435.288286  6  1  7  75       
PG11  20578.387736 -11705.826979  12013.430602   -706.580834  5  2  3  76       
PG12  -7550.581000 -22884.889850 -11482.168476   -586.126348  6  5  6  80       
PG13  13583.859457 -22415.739751   3084.726611    701.200720  4  4  2  74       
PG14  20752.146275   7783.850915 -14765.831363    651.025924  4  7  6  83       
PG15    759.961081 -26175.978944  -4546.912911    300.383326  6  4  2  87       
PG16  -8008.498306  13698.004501  20866.210546     24.324531  4  6  6  82       
PG17  15647.601337    314.547747 -21094.851043    263.052257  3  5  5  97       
PG18 -21061.888860  -6478.808074  15032.711353   -619.996421  4  6  6  76       
PG19  17536.448330  -8818.602359 -17786.669210    632.124036  4  6  4  91       
PG20  11507.675713 -10324.544204  21677.492056    364.297687  4  1  3  85       
PG22  17849.917673   1563.378619 -19131.645538   -103.062475  3  3  4  99       
PG23 -20129.808344 -16826.066583  -4850.506944    483.747411  4  7  5  70       
PG24     47.287468 -16502.938985 -21238.999354   -394.973218  5  4  6  88       
PG25 -16996.817090 -20515.136840  -2118.221916    486.288810  5  7  5  56       
PG26 -16217.724419   5468.733933  20196.409966   -256.163887  4  2  4  80       
PG27 -12303.259564  22049.075355   7169.714469    -25.324754  5  4  4  87       
PG28 -26060.948802   4770.297859  -1971.058714   -616.414973  6  5  6  41       
PG29  -7778.597966 -16245.923223  19422.129915   -502.235689  4  4  5  96       
PG30  25782.051215   -101.961826   7113.620007   -134.976815  5  5  3  78       
PG31 -23833.112729   9558.649546   7205.426683   -205.920912  5  3  4  55       
PG32 -16190.631008   4531.473266 -20268.276527   -441.023762  1  3  4  64       
*  2025  5 26 19 45  0.00000000
PG01   2376.768820  15070.972714 -21744.088918    272.837782  6  6  6  73       
PG02  -8363.987194  16635.144623 -18325.998821   -160.540492  5  5  6  76       
PG03   8477.904809  21274.516459 -13740.383837    692.315629  5  5  7  97       
PG04    491.407162  24216.036085  10742.488877    571.269528  4  4  5  95       
PG05   2659.402761 -16303.217543  20602.843039   -210.872705  3  7  6 102       
PG06  26008.728244  -5437.161147  -1723.009092   -376.826530  1  5  3  80       
PG07  17967.880765   8632.319183  18330.427733    -31.061298  3  5  5  72       
PG08  -4545.377997  25884.406805  -1404.990769    521.768660  4  5  5  80       
PG09   9264.332473  16696.830292  18345.469955    669.012395  5  4  6  87       
PG10 -20859.633262  -7022.464856 -14866.029603   -435.298839  6  1  7  75       
PG11  21825.107611 -11728.232777   9519.654920   -706.574638  4  2  4  77       
PG12  -6500.743960 -21929.306571 -13808.996955   -586.127752  6  5  6  68       
PG13  13569.865149 -21821.423560   5919.149793    701.200781  3  4  3  78       
PG14  21650.591651   9089.433116 -12602.898906    651.030732  4  7  6  79       
PG15   1114.351574 -26440.400564  -1757.933956    300.386913  5  4  1  80       
PG16  -9619.779456  11785.414600  21378.264245     24.332333  3  5  6  83       
PG17  14822.277753   2694.024637 -21490.349971    263.036361  3  5  5  82       
PG18 -19317.617062  -7002.551250  16993.806622   -619.991660  4  6  6  84       
PG19  16873.627257  -6804.951291 -19301.662445    632.127132  4  6  3  89       
PG20  13450.312863  -8853.679410  21193.262891    364.297698  4  1  3  84       
PG22  19083.678007   3373.020029 -17651.920502   -103.062313  4  4  5  90       
PG23 -20289.571485 -17222.579975  -1996.937002    483.753262  5  7  4  90       
PG24   2254.242698 -17184.279888 -20515.998976   -394.965950  4  4  6  64       
PG25 -16556.429767 -20445.599850  -4897.945914    486.287719  5  6  5  83       
PG26 -17868.912184   3872.724672  19191.342052   -256.179322  4  3  5  88       
PG27 -12297.207128  20986.601344   9809.410548    -25.324320  5  4  4  74       
PG28 -25753.760646   4426.520326  -4791.797478   -616.419067  6  5  6  55       
PG29  -6895.365098 -18211.197712  17948.329536   -502.231548  4  4  5  93       
PG30  24940.146253    393.089020   9679.047875   -134.967997  5  5  3  64       
PG31 -24561.179943   9468.341342   4488.659582   -205.920005  5  3  4  49       
PG32 -15608.656223   2180.265110 -21104.301233   -441.014228  2  3  5  79       
*  2025  5 26 20  0  0.00000000
PG01    -40.543314  15598.359702 -21498.383416    272.848668  6  6  6  59       
PG02 -10368.779401  17266.161823 -16643.043574   -160.531943  4  4  6  80       
PG03   7190.174691  20223.766288 -15908.156196    692.316619  5  5  7  78       
PG04      0.959377  25205.026262   8147.792564    571.273690  5  4  4  76       
PG05   4567.374278 -14784.242201  21397.227013   -210.873434  4  7  5  99       
PG06  25702.618360  -5176.790526  -4595.471303   -376.843212  1  5  3  83       
PG07  16033.227040   9349.466025  19724.945933    -31.064085  3  4  5  60       
PG08  -4864.958695  25807.371876   1451.470028    521.771119  4  5  5  82       
PG09   8720.904670  18649.285299  16656.435363    669.021122  5  4  6  89       
PG10 -21939.601422  -8197.925744 -12600.005871   -435.309293  6  1  7  63       
PG11  22786.390071 -11743.713323   6861.717203   -706.568363  5  2  4  75       
PG12  -5235.007123 -20849.025811 -15902.360132   -586.128957  6  5  6  75       
PG13  13472.979217 -20929.472867   8649.458464    701.200930  4  4  3  70       
PG14  22429.600969  10168.834988 -10225.228804    651.035539  4  8  6  67       
PG15   1439.117492 -26405.605289   1061.383122    300.390840  5  4  1  82       
PG16 -11348.076868   9932.416606  21508.824948     24.340138  2  5  6  72       
PG17  14113.086548   5137.826727 -21502.625956    263.020268  4  6  5  90       
PG18 -17406.284682  -7677.432927  18665.865742   -619.986897  4  7  7  75       
PG19  16267.515735  -4619.429611 -20483.219077    632.130514  4  6  3  97       
PG20  15404.520167  -7525.464964  20346.680591    364.297451  4  3  3  79       
PG22  20281.907957   4976.897427 -15856.264839   -103.062139  4  5  5  88       
PG23 -20229.312159 -17394.108527    890.521691    483.759148  6  8  4  53       
PG24   4339.149192 -17935.240767 -19451.521033   -394.958721  4  4  6  71       
PG25 -15887.082746 -20192.477970  -7595.268514    486.286636  6  6  6  81       
PG26 -19486.262368   2441.035729  17854.024085   -256.194677  4  3  5  76       
PG27 -12282.492772  19637.518389  12273.775707    -25.323864  4  3  4  83       
PG28 -25166.715525   3966.790447  -7530.124639   -616.423204  6  5  6  33       
PG29  -6171.577193 -20043.918802  16162.966645   -502.227284  4  5  4  76       
PG30  23858.144276   1009.658141  12081.505490   -134.959170  5  5  4  58       
PG31 -24993.142977   9334.420991   1695.837664   -205.918719  5  3  5  71       
PG32 -15133.669136   -269.549304 -21568.018033   -441.004656  2  4  5  72       
*  2025  5 26 20 15  0.00000000
PG01  -2380.701146  16236.836133 -20882.801411    272.859537  6  6  6  70       
PG02 -12146.888750  17907.589891 -14659.242809   -160.523916  4  4  6  62       
PG03   5668.873834  19102.250807 -17806.934437    692.317614  5  5  8  72       
PG04   -377.391008  25921.721983   5411.740734    571.277865  5  4  4  64       
PG05   6610.374788 -13329.368240  21816.968371   -210.874465  4  6  5  99       
PG06  25109.523229  -4790.967638  -7389.348081   -376.859871  1  5  3  79       
PG07  14011.027200  10214.964946  20799.310837    -31.066960  3  4  4  57       
PG08  -5149.446979  25423.135105   4282.192264    521.773576  4  5  5  79       
PG09   8308.142096  20420.641478  14678.216290    669.029927  5  3  6 100       
PG10 -22876.281296  -9135.442163 -10117.961240   -435.319851  6  1  7  78       
PG11  23452.956047 -11713.805300   4085.376216   -706.562146  5  2  4  69       
PG12  -3755.981093 -19686.742188 -17727.506675   -586.130380  6  4  6  91       
PG13  13332.938656 -19742.706622  11227.324340    701.200991  4  4  4  63       
PG14  23050.488949  11026.830390  -7673.637099    651.040412  5  8  6  65       
PG15   1769.473029 -26067.564395   3862.187755    300.394385  5  3  1  78       
PG16 -13160.258893   8177.959014  21256.886364     24.348013  2  5  6  79       
PG17  13534.373148   7596.462837 -21130.751402    263.004532  5  6  5  89       
PG18 -15372.360834  -8513.723359  20020.022109   -619.982129  4  7  6  79       
PG19  15747.251016  -2300.138863 -21312.397375    632.133694  4  6  4  88       
PG20  17325.182848  -6355.330985  19151.820419    364.296963  4  3  4  64       
PG22  21400.606575   6360.809531 -13777.042806   -103.062252  5  5  5  79       
PG23 -19922.324536 -17369.338306   3762.889279    483.765015  6  8  4  77       
PG24   6268.617560 -18726.781839 -18061.646649   -394.951506  4  4  6  87       
PG25 -14976.314948 -19791.068456 -10165.246896    486.285502  6  5  6  78       
PG26 -21027.641524   1185.269955  16208.797796   -256.210045  5  4  5  92       
PG27 -12295.394965  18020.847857  14518.424914    -25.323366  4  2  4  87       
PG28 -24324.559355   3361.886851 -10138.945785   -616.427323  6  5  6  28       
PG29  -5596.296559 -21699.680283  14096.873784   -502.223432  5  5  4  75       
PG30  22567.338612   1769.517536  14280.690325   -134.950308  5  5  4  69       
PG31 -25133.086489   9120.464069  -1125.635854   -205.917904  5  4  5  46       
PG32 -14782.125478  -2770.102978 -21651.663976   -440.995081  2  4  5  63       
*  2025  5 26 20 30  0.00000000
PG01  -4600.249695  16965.089797 -19907.853968    272.870399  5  6  6  90       
PG02 -13675.269672  18519.606471 -12410.727632   -160.515640  4  3  6  65       
PG03   3926.897725  17954.237716 -19404.841580    692.318492  5  5  8  78       
PG04   -675.952844  26343.832708   2581.735939    571.282075  5  3  5  73       
PG05   8750.703779 -11973.149821  21854.782112   -210.875002  4  5  4 103       
PG06  24255.142561  -4248.519662 -10056.735770   -376.876510  1  5  3  86       
PG07  11944.706460  11227.031416  21535.895310    -31.069819  3  4  4  78       
PG08  -5435.129671  24734.046691   7036.915310    521.776044  4  5  4  74       
PG09   8005.138921  21972.057512  12445.249624    669.038668  5  3  6  99       
PG10 -23628.520541  -9845.097216  -7463.108693   -435.330387  7  2  7  72       
PG11  23824.411208 -11600.009080   1238.498344   -706.555928  4  2  5  73       
PG12  -2074.436029 -18485.096405 -19254.264470   -586.131624  6  4  5  68       
PG13  13189.177223 -18273.300871  13606.994561    701.201114  4  4  4  70       
PG14  23477.681069  11675.911881  -4991.725486    651.045161  5  8  6  71       
PG15   2140.449609 -25430.941570   6595.344088    300.397984  5  3  2  60       
PG16 -15017.695359   6554.801558  20628.443965     24.355669  2  6  6  77       
PG17  13092.299145  10018.819280 -20380.919062    262.988655  5  7  5  95       
PG18 -13262.736412  -9513.569077  21032.692176   -619.977292  4  7  6  95       
PG19  15335.445135    110.014782 -21776.447744    632.137232  4  7  4  98       
PG20  19166.009320  -5350.709425  17628.727598    364.296800  4  3  4  36       
PG22  22395.865880   7519.445020 -11451.800116   -103.061665  5  6  5  75       
PG23 -19349.072004 -17182.411357   6571.487502    483.770859  7  8  5  83       
PG24   8014.933301 -19525.047253 -16367.949542   -394.944278  4  5  5  72       
PG25 -13819.296331 -19279.468182 -12565.311523    486.284389  6  5  7  77       
PG26 -22451.114045    109.045131  14285.117818   -256.225433  5  4  5  90       
PG27 -12368.910850  16164.117922  16502.953989    -25.322889  3  3  4  92       
PG28 -23258.805130   2588.160555 -12573.392680   -616.431415  6  4  5  74       
PG29  -5151.113683 -23138.346514  11785.836316   -502.219352  5  5  3  88       
PG30  21103.920591   2688.212399  16239.687420   -134.941454  5  4  4  64       
PG31 -24993.319522   8792.060394  -3928.187160   -205.916762  5  4  5  56       
PG32 -14562.487186  -5271.329948 -21354.337876   -440.985542  2  4  5  75       
*  2025  5 26 20 45  0.00000000
PG01  -6660.508438  17755.243052 -18590.240925    272.881379  5  5  6  92       
PG02 -14939.938605  19060.671346  -9938.520331   -160.507217  4  3  6  89       
PG03   1985.547475  16821.957719 -20675.028896    692.319386  5  5  8  75       
PG04   -930.451441  26457.450749   -293.114040    571.286225  5  3  5  52       
PG05  10945.319436 -10743.582115  21510.180676   -210.875530  4  4  4 105       
PG06  23172.230060  -3524.135818 -12551.784275   -376.893169  1  5  2  80       
PG07   9877.332914  12376.252122  21922.208734    -31.072896  3  4  4  75       
PG08  -5757.411339  23751.536220   9666.666600    521.778511  4  5  4  72       
PG09   7784.865834  23270.795304   9996.398452    669.047367  5  3  6  93       
PG10 -24159.436034 -10345.100938  -4681.255214   -435.340854  7  2  7  66       
PG11  23909.161905 -11365.455000  -1629.772726   -706.549732  4  2  5  58       
PG12   -209.057965 -17285.086487 -20457.477076   -586.133288  6  3  5  76       
PG13  13079.095438 -16542.481814  15746.177559    701.201119  4  4  4  79       
PG14  23680.105598  12135.601044  -2225.151997    651.049953  5  8  6  63       
PG15   2585.294082 -24509.047601   9212.333823    300.401552  5  3  3  87       
PG16 -16877.708835   5088.410648  19636.270418     24.363497  4  6  6  74       
PG17  12784.645757  12354.034213 -19266.352216    262.972611  6  7  5  85       
PG18 -11125.072892 -10670.739021  21685.999006   -619.972492  4  6  6  91       
PG19  15047.362657   2564.804410 -21868.927053    632.140145  4  7  4  86       
PG20  20881.187995  -4510.890308  15803.108100    364.296616  4  4  4  40       
PG22  23225.654461   8456.353854  -8922.490768   -103.062070  6  6  5  61       
PG23 -18498.054276 -16871.488599   9268.727757    483.776711  7  8  5  72       
PG24   9556.963182 -20292.593317 -14397.280730   -394.937027  4  5  5  62       
PG25 -12419.127650 -18697.049686 -14755.888177    486.283252  7  5  7  80       
PG26 -23716.482399   -791.890469  12116.969489   -256.240824  5  4  5  78       
PG27 -12531.253303  14102.415019  18191.763025    -25.322390  3  3  4  85       
PG28 -22006.519990   1628.650456 -14791.593765   -616.435492  6  4  5  83       
PG29  -4811.039232 -24325.522939   9269.961113   -502.215366  5  4  3  80       
PG30  19507.675235   3774.295964  17925.542597   -134.932610  4  4  5  60       
PG31 -24593.794311   8318.271641  -6664.823655   -205.915569  5  4  5  42       
PG32 -14474.933312  -7722.754678 -20681.976693   -440.975974  3  4  5  86       
*  2025  5 26 21  0  0.00000000
PG01  -8528.865585  18573.926346 -16952.569330    272.892222  5  5  6  70       
PG02 -15936.307628  19489.319728  -7287.658418   -160.498809  4  2  6  63       
PG03   -126.088559  15744.022841 -21596.094120    692.320232  5  4  8  88       
PG04  -1178.427999  26257.593814  -3162.870090    571.290387  5  3  5  55       
PG05  13147.367353  -9661.110179  20789.470538   -210.877080  4  4  4 100       
PG06  21899.349318  -2599.551306 -14831.482361   -376.909866  1  5  2  93       
PG07   7850.212062  13645.782929  21951.097188    -31.076037  4  4  4  58       
PG08  -6149.178137  22495.733435  12124.716369    521.781036  4  5  4  78       
PG09   7615.400577  24291.374379   7374.253196    669.056074  6  3  6 104       
PG10 -24437.822412 -10660.846675  -1820.008524   -435.351378  8  3  7  36       
PG11  23723.999101 -10976.516189  -4469.872880   -706.543453  4  2  5  60       
PG12   1814.084568 -16124.561888 -21317.362172   -586.134613  6  3  4  91       
PG13  13036.415610 -14579.855656  17606.865866    701.201227  4  4  5  76       
PG14  23632.422635  12431.503005    579.121646    651.054822  6  7  6  58       
PG15   3133.908122 -23323.457290  11666.188673    300.405335  4  3  3  88       
PG16 -18695.181561   3796.178029  18299.555201     24.371208  5  6  6  79       
PG17  12600.983217  14553.372253 -17807.055410    262.956548  6  7  5  86       
PG18  -9006.122652 -11970.696258  21968.109246   -619.967695  4  6  6  86       
PG19  14890.402225   5016.272303 -21589.704716    632.143164  5  8  5  96       
PG20  22427.043904  -3827.197364  13705.921383    364.296550  5  4  5  58       
PG22  23851.525569   9183.548485  -6234.615738   -103.061701  6  6  5  61       
PG23 -17366.382384 -16477.172836  11808.880840    483.782570  7  8  5 117       
PG24  10880.835584 -20989.787253 -12181.462509   -394.929785  4  5  5  70       
PG25 -10786.856794 -18082.917292 -16700.964691    486.282114  7  5  7  83       
PG26 -24786.754120  -1529.239345   9742.227307   -256.256221  5  4  5  69       
PG27 -12804.558433  11877.123123  19554.772910    -25.321825  3  4  4  84       
PG28 -20608.911117    473.939985 -16755.393069   -616.439585  6  4  5  65       
PG29  -4545.663634 -25233.813249   6592.963143   -502.211319  6  4  3  71       
PG30  17820.558120   5028.825272  19309.778653   -134.923734  4  3  5  23       
PG31 -23961.262975   7672.951630  -9289.859676   -205.914498  5  4  5  42       
PG32 -14511.421539 -10075.289871 -19647.194765   -440.966424  3  4  5  74       
*  2025  5 26 21 15  0.00000000
PG01 -10179.839145  19383.578392 -15022.969589    272.903085  4  5  6  36       
PG02 -16669.119803  19765.951164  -4506.238372   -160.490754  4  2  6  74       
PG03  -2372.041559  14753.992988 -22152.418668    692.321034  5  3  8  77       
PG04  -1457.564428  25748.408971  -5977.654291    571.294522  5  2  5  78       
PG05  15307.866408  -8737.953555  19705.617253   -210.877428  5  4  4  99       
PG06  20479.415005  -1464.465369 -16856.402472   -376.926506  2  5  2  88       
PG07   5901.539746  15011.809896  21620.894633    -31.078708  4  4  4  91       
PG08  -6639.268339  20994.740395  14367.486992    521.783531  4  5  4  97       
PG09   7461.355776  25016.450053   4624.367472    669.064778  6  4  6 108       
PG10 -24439.343251 -10823.713288   1072.021736   -435.361954  8  4  7  73       
PG11  23293.366005 -10404.303649  -7232.685391   -706.537207  4  2  5  86       
PG12   3962.342793 -15036.852595 -21819.790616   -586.136121  6  2  4  82       
PG13  13089.693230 -12422.400835  19156.074704    701.201196  4  4  5  93       
PG14  23316.046044  12594.142356   3373.595251    651.059664  6  7  5  69       
PG15   3811.397604 -21903.293293  13912.430400    300.409067  5  3  3  90       
PG16 -20424.247232   2686.986728  16643.425184     24.378834  6  6  6  88       
PG17  12523.199224  16572.016771 -16029.411488    262.940689  7  7  5  49       
PG18  -6950.083225 -13390.996281  21873.475950   -619.962890  4  6  5  95       
PG19  14863.894315   7416.365180 -20944.867421    632.146373  6  8  5  85       
PG20  23763.632181  -3283.478045  11372.879544    364.296359  5  4  5  68       
PG22  24240.175747   9720.757687  -3436.298939   -103.061658  6  6  5  78       
PG23 -15960.040269 -16040.850125  14148.818260    483.788404  7  7  6  71       
PG24  11980.363085 -21576.331151  -9756.886543   -394.922524  4  5  4  79       
PG25  -8941.214714 -17474.396613 -18368.599900    486.280999  7  5  7  96       
PG26 -25629.481869  -2121.456001   7201.968398   -256.271608  5  5  5  82       
PG27 -13203.862111   9534.406352  20568.014780    -25.321274  3  4  5  91       
PG28 -19109.765033   -877.278931 -18431.005281   -616.443702  6  4  5  61       
PG29  -4320.537316 -25843.812761   3801.383840   -502.207762  6  4  3  77       
PG30  16085.203580   6445.136415  20368.849017   -134.914837  4  4  5  71       
PG31 -23128.205802   6835.884240 -11759.609080   -205.913099  5  4  6  81       
PG32 -14656.093935 -12282.968969 -18268.993069   -440.956824  4  4  5  80       
*  2025  5 26 21 30  0.00000000
PG01 -11595.864300  20143.922928 -12834.615489    272.913967  3  5  6  69       
PG02 -17151.995980  19854.533036  -1644.409611   -160.482594  4  3  6  57       
PG03  -4710.625290  13879.142051 -22334.420199    692.321846  5  3  8  80       
PG04  -1804.001536  24943.029145  -8688.543262    571.298683  5  2  5  56       
PG05  17377.483063  -7977.772339  18277.983197   -210.878052  4  4  4  85       
PG06  18958.073777   -117.155759 -18591.391962   -376.943158  2  5  1  95       
PG07   4065.156126  16444.262991  20935.521487    -31.081756  4  4  4  68       
PG08  -7251.116938  19283.586015  16355.393397    521.786031  4  4  4  73       
PG09   7285.445890  25437.381867   1794.444027    669.073461  6  4  6  79       
PG10 -24147.465307 -10869.662640   3946.016391   -435.372396  9  4  7           
PG11  22648.337776  -9625.983663  -9870.403608   -706.530963  4  2  5  77       
PG12   6197.529484 -14049.580081 -21956.485261   -586.137447  6  2  3  73       
PG13  13261.049579 -10113.163668  20366.477460    701.201482  4  3  5  75       
PG14  22719.921973  12657.624944   6110.997534    651.064475  6  7  5  57       
PG15   4636.799184 -20284.197069  15909.993383    300.412778  5  2  3  81       
PG16 -22019.996006   1761.131998  14698.365230     24.386762  7  6  6  77       
PG17  12526.362244  18370.701090 -13965.636194    262.924622  7  7  5  62       
PG18  -4997.047517 -14902.000700  21402.980593   -619.958134  4  5  5  83       
PG19  14959.215623   9718.554583 -19946.530399    632.149746  6  8  5  79       
PG20  24856.206941  -2856.890754   8843.859209    364.296451  5  3  5  74       
PG22  24364.788527  10094.371546   -577.326888   -103.061253  6  5  5  72       
PG23 -14293.822678 -15603.010532  16248.715287    483.794293  6  7  6  67       
PG24  12857.183077 -22012.858335  -7164.012692   -394.915290  3  6  3  77       
PG25  -6908.082597 -16905.608438 -19731.372906    486.279869  6  5  6  83       
PG26 -26217.929403  -2592.800796   4539.754654   -256.286968  5  4  5  76       
PG27 -13736.390851   7123.502676  21214.077040    -25.320695  4  4  5  72       
PG28 -17553.800398  -2417.957189 -19789.595883   -616.447788  6  4  5  56       
PG29  -4098.715494 -26144.798301    943.756793   -502.203515  7  3  3  64       
PG30  14343.416744   8008.908485  21084.523508   -134.906014  4  4  5  60       
PG31 -22131.571487   5793.700896 -14033.038774   -205.912064  5  4  6  64       
PG32 -14886.005770 -14304.543779 -16572.348853   -440.947284  4  4  4  86       
*  2025  5 26 21 45  0.00000000
PG01 -12767.777063  20813.564973 -10425.155945    272.924844  3  5  6  84       
PG02 -17406.621619  19724.144013   1246.650458   -160.474011  3  4  5  59       
PG03  -7095.814608  13139.467968 -22138.717347    692.322571  5  2  7  73       
PG04  -2250.718995  23863.087456 -11248.444344    571.302879  4  3  5  73       
PG05  19308.322088  -7375.685829  16531.945267   -210.878877  4  3  5  84       
PG06  17381.985999   1435.236907 -20006.198093   -376.959840  3  5  1  95       
PG07   2369.441782  17907.765121  19904.525513    -31.084761  4  4  4  70       
PG08  -8001.633413  17402.908639  18053.593385    521.788591  4  4  4  78       
PG09   7050.129816  25554.471422  -1066.513107    669.082101  5  4  6  66       
PG10 -23554.106398 -10837.687335   6753.722221   -435.382877  9  4  7  74       
PG11  21825.353213  -8625.864442 -12337.372360   -706.524690  4  3  5  79       
PG12   8477.163515 -13183.690563 -21725.138907   -586.138881  6  2  3  80       
PG13  13565.180527  -7699.712127  21216.922182    701.201442  4  3  5  73       
PG14  21841.036427  12658.175656   8745.045651    651.069289  5  6  4  67       
PG15   5622.046103 -18507.022952  17622.102641    300.416594  5  2  3  84       
PG16 -23440.123650   1010.589356  12499.559012     24.394095  7  5  7  68       
PG17  12579.879352  19917.107814 -11653.106683    262.908959  7  7  5  78       
PG18  -3181.609522 -16467.883034  20563.968793   -619.953287  4  5  5  90       
PG19  15160.209261  11879.384817 -18612.563644    632.152606  7  8  6  73       
PG20  25676.508024  -2518.960427   6162.234315    364.295561  5  3  5  56       
PG22  24206.109396  10336.129467   2291.821687   -103.061247  6  5  5  55       
PG23 -12390.950434 -15201.610155  18072.706196    483.800135  5  6  6  81       
PG24  13520.601498 -22262.543124  -4446.767834   -394.908055  3  6  2  72       
PG25  -4719.709975 -16406.174468 -20766.771189    486.278703  6  5  6  92       
PG26 -26532.024001  -2972.186936   1800.896154   -256.302386  5  4  5  68       
PG27 -14401.196818   4694.905006  21482.400030    -25.320126  4  5  5  70       
PG28 -15984.997688  -4132.765508 -20807.776525   -616.451897  6  4  5  79       
PG29  -3842.404577 -26135.087302  -1930.262465   -502.199384  7  3  4  67       
PG30  12634.702666   9698.515900  21444.200992   -134.897140  4  4  5  61       
PG31 -21011.374867   4540.547514 -16072.378141   -205.911183  5  4  6  58       
PG32 -15172.142881 -16104.884861 -14587.698663   -440.937718  5  4  4  91       
*  2025  5 26 22  0  0.00000000
PG01 -13694.975885  21351.644648  -7836.067997    272.935668  3  5  6  88       
PG02 -17461.618639  19350.292909   4115.750761   -160.465756  3  4  5  89       
PG03  -9478.791105  12546.982883 -21568.203921    692.323331  5  2  7  93       
PG04  -2826.043009  22537.908835 -13612.937031    571.307071  4  3  5  74       
PG05  21055.661696  -6918.639907  14498.402561   -210.879892  4  3  5  89       
PG06  15797.073808   3176.769030 -21076.014772   -376.976470  3  5  1  96       
PG07    836.394650  19362.791893  18543.058679    -31.087749  4  4  4  71       
PG08  -8900.360684  15397.424545  19432.630031    521.791069  4  4  5  84       
PG09   6719.263092  25376.862170  -3909.063695    669.090781  5  4  6  94       
PG10 -22659.978190 -10768.167205   9448.201579   -435.393361  9  5  7  88       
PG11  20864.748356  -7396.207978 -14590.892195   -706.518472  5  3  5  94       
PG12  10755.873998 -12452.743472 -21129.450941   -586.140415  6  2  4  93       
PG13  14008.683896  -5232.413255  21692.817007    701.201651  4  2  5  75       
PG14  20684.633965  12632.606280  11231.187216    651.074089  5  5  4  34       
PG15   6771.226242 -16616.306177  19017.079507    300.420233  4  1  4  86       
PG16 -24646.461271    419.607713  10086.170291     24.401827  8  4  7  81       
PG17  12648.894632  21186.977322  -9133.584399    262.892875  7  7  5  46       
PG18  -1531.680107 -18047.891681  19370.175688   -619.948511  5  4  4  94       
PG19  15443.889746  13859.895242 -16966.241585    632.155744  7  8  6  81       
PG20  26203.814286  -2236.862705   3374.139866    364.295592  6  3  5  63       
PG22  23753.212068  10481.613065   5120.931570   -103.061227  6  4  4  55       
PG23 -10282.375489 -14870.535047  19589.482472    483.806082  4  5  6  86       
PG24  13987.135609 -22292.660546  -1651.847204   -394.900847  3  6  2  78       
PG25  -2413.710709 -16000.097711 -21457.516046    486.277590  6  5  5  88       
PG26 -26559.064724  -3291.867102   -968.292721   -256.317844  5  4  5  53       
PG27 -15189.149787   2298.510140  21369.414168    -25.319564  5  5  5  85       
PG28 -14444.969903  -5998.495011 -21468.007300   -616.455978  6  5  5  79       
PG29  -3514.643183 -25822.052447  -4770.785016   -502.195324  7  2  4  85       
PG30  10994.884941  11485.659038  21441.143837   -134.888271  4  4  5  57       
PG31 -19809.201522   3078.479137 -17843.679927   -205.909662  5  5  6  76       
PG32 -15480.681661 -17656.132012 -12350.329743   -440.928172  5  4  4  66       
*  2025  5 26 22 15  0.00000000
PG01 -14385.255340  21719.484158  -5111.942059    272.946597  3  4  6  78       
PG02 -17351.160348  18715.961523   6912.663524   -160.457454  3  5  5  87       
PG03 -11809.601599  12105.310126 -20632.030365    692.324130  6  2  6  81       
PG04  -3552.342260  21003.411531 -15741.062927    571.311230  4  3  5  52       
PG05  22579.564204  -6586.104826  12213.186331   -210.880640  4  3  5  87       
PG06  14246.803055   5083.099108 -21781.939992   -376.993125  3  5  1  94       
PG07   -519.077048  20767.010309  16871.782559    -31.090787  4  4  4  86       
PG08  -9948.949777  13314.249356  20468.952239    521.793652  4  4  5  79       
PG09   6259.693815  24922.107280  -6684.197130    669.099420  4  4  6  63       
PG10 -21474.615798 -10701.194530  11984.548538   -435.403884  9  5  7  93       
PG11  19809.149911  -5937.733959 -16591.971301   -706.512225  5  3  5  81       
PG12  12986.915814 -11862.479753 -20179.082223   -586.141922  6  3  5  83       
PG13  14589.733139  -2762.607416  21786.376507    701.201711  4  2  5  70       
PG14  19264.139680  12616.769723  13527.315531    651.078896  4  5  3  55       
PG15   8080.172966 -14658.568719  20069.047891    300.423966  4  2  4  89       
PG16 -25606.329897    -34.406493   7500.584082     24.409678  8  3  7  70       
PG17  12695.863534  22164.881146  -6452.355878    262.877289  6  7  5  65       
PG18    -67.560393 -19597.824536  17841.538660   -619.943751  5  4  4  91       
PG19  15781.402700  15626.869425 -15035.824504    632.158914  8  8  6  82       
PG20  26425.720564  -1974.887370    527.678550    364.295298  6  2  5  81       
PG22  23003.931174  10568.612307   7860.969853   -103.060906  5  4  4  57       
PG23  -8005.799234 -14638.224402  20772.825040    483.811935  3  5  6  87       
PG24  14279.763996 -22076.030487   1172.075127   -394.893591  3  6  1  90       
PG25    -31.870293 -15704.854829 -21791.823662    486.276483  5  4  5  61       
PG26 -26294.165123  -3586.010385  -3721.234273   -256.333221  5  4  5  48       
PG27 -16083.281794    -18.184148  20878.523058    -25.318926  6  5  5  72       
PG28 -12971.436829  -7984.766841 -21758.899116   -616.460044  6  5  5  78       
PG29  -3080.949536 -25221.792332  -7528.577670   -502.191292  6  3  4  85       
PG30   9454.863826  13336.253563  21074.629202   -134.879427  4  4  5  81       
PG31 -18566.670972   1417.569373 -19317.328542   -205.908696  5  5  6  67       
PG32 -15774.436917 -18938.553836  -9899.696062   -440.918604  6  3  4  72       
*  2025  5 26 22 30  0.00000000
PG01 -14854.318780  21882.163594  -2299.711773    272.957422  3  4  6  79       
PG02 -17113.396708  17812.334869   9589.040985   -160.449319  3  5  5  80       
PG03 -14038.870720  11809.604277 -19345.490838    692.324870  6  3  6  80       
PG04  -4444.964851  19300.762930 -17596.048812    571.315414  4  4  4  67       
PG05  23846.299353  -6351.071670   9716.386367   -210.881762  5  3  4  83       
PG06  12770.566016   7122.225502 -22111.334125   -377.009767  4  6  2  97       
PG07  -1689.615478  22076.757346  14916.694256    -31.093653  3  4  4  87       
PG08 -11140.969890  11201.144900  21145.303976    521.796237  4  4  5  83       
PG09   5642.739229  24215.424765  -9344.182977    669.108045  4  4  6  66       
PG10 -20016.096666 -10674.927595  14320.565077   -435.414388  9  6  7  83       
PG11  18701.792007  -4259.794891 -18306.010942   -706.505976  5  3  5  99       
PG12  15123.744555 -11410.685567 -18889.527853   -586.143461  6  3  5  81       
PG13  15298.109244   -340.756434  21496.725378    701.201671  5  1  4  64       
PG14  17600.786864  12644.057234  15594.449004    651.083731  4  4  3  50       
PG15   9536.413841 -12680.536778  20758.516456    300.427657  3  2  3  66       
PG16 -26293.673771   -379.757935   4787.625623     24.417271  8  3  7  60       
PG17  12682.231737  22844.632593  -3657.316771    262.860859  6  6  5  76       
PG18   1198.688976 -21071.660449  16003.897137   -619.939007  5  4  4  78       
PG19  16139.201581  17153.870640 -12854.079609    632.162121  8  8  6  69       
PG20  26338.605800  -1696.023966  -2327.916170    364.295246  7  3  5  85       
PG22  21964.951920  10635.436056  10464.948744   -103.060803  5  3  4  47       
PG23  -5604.437903 -14526.505178  21602.061991    483.817828  1  4  6  81       
PG24  14426.905026 -21592.281565   3975.215576   -394.886272  3  6  2  65       
PG25   2381.196468 -15530.731276 -21763.599697    486.275354  6  4  4  71       
PG26 -25740.418618  -3889.222510  -6411.816646   -256.348638  4  3  5  63       
PG27 -17059.463830  -2211.757946  20019.938253    -25.318325  6  5  5  85       
PG28 -11596.861328 -10055.024368 -21675.411050   -616.464107  5  5  5  78       
PG29  -2510.868736 -24358.472670 -10155.935082   -502.187156  6  4  4  78       
PG30   8039.559752  15211.549601  20350.012498   -134.870631  4  4  5  67       
PG31 -17323.911162   -424.269285 -20468.491828   -205.907503  6  5  6  71       
PG32 -16014.436589 -19941.088276  -7278.675838   -440.909050  6  3  4  84       
*  2025  5 26 22 45  0.00000000
PG01 -15124.989343  21809.963855    552.158062    272.968238  2  4  6  65       
PG02 -16788.762309  16639.197948  12099.253588   -160.441122  2  5  4  88       
PG03 -16119.506267  11646.799511 -17729.814978    692.325638  7  3  6  49       
PG04  -5511.458784  17474.843878 -19145.949175    571.319579  4  4  4  45       
PG05  24829.525992  -6181.304001   7051.609276   -210.882939  5  4  4  80       
PG06  11402.228528   9255.531173 -22058.070751   -377.026454  4  6  3  92       
PG07  -2675.603167  23248.612517  12708.864678    -31.096648  3  3  4  86       
PG08 -12462.058062   9104.765834  21450.977140    521.798852  4  4  6  64       
PG09   4845.485328  23288.671206 -11843.391035    669.116694  3  4  6  71       
PG10 -18310.461205 -10724.030084  16417.391791   -435.424862  8  7  7  96       
PG11  17584.822848  -2380.214697 -19703.411664   -706.499722  5  3  5  90       
PG12  17121.596575 -11087.357419 -17281.907536   -586.144854  6  3  6  68       
PG13  16115.586628   1985.357163  20829.860137    701.201880  5  1  4  55       
PG14  15722.962981  12743.993784  17397.366021    651.088581  3  4  3  62       
PG15  11119.484831 -10727.349902  21072.815868    300.431389  3  2  3  64       
PG16 -26689.936781   -649.134698   1993.773043     24.424748  8  2  7  61       
PG17  12570.144064  23229.324385   -798.024903    262.845923  6  6  4  82       
PG18   2263.555371 -22423.285439  13888.581473   -619.934230  6  4  4  74       
PG19  16480.397520  18422.030957 -10457.749124    632.165290  8  8  6  70       
PG20  25947.771742  -1363.606888  -5143.145428    364.295146  7  3  5  79       
PG22  20651.562060  10719.237447  12888.717064   -103.060748  5  3  3  72       
PG23  -3125.578328 -14549.683219  22062.443686    483.823699  1  4  6  65       
PG24  14461.158364 -20828.874132   6707.614324   -394.878991  3  5  2  70       
PG25   4779.493618 -15480.422901 -21372.564761    486.274240  6  4  4  82       
PG26 -24908.784234  -4235.062912  -8995.103328   -256.364071  4  4  6  56       
PG27 -18087.379385  -4244.356057  18810.376876    -25.317731  6  5  6  97       
PG28 -10347.299849 -12167.770662 -21218.939250   -616.468176  5  5  5  77       
PG29  -1779.357905 -23263.365789 -12607.518033   -502.183059  6  5  4  72       
PG30   6767.082558  17069.443331  19278.698717   -134.861770  4  5  5  65       
PG31 -16118.096505  -2421.749120 -21277.512249   -205.906340  6  5  6  87       
PG32 -16161.559026 -20661.549436  -4532.787440   -440.899532  6  2  4  74       
*  2025  5 26 23  0  0.00000000
PG01 -15226.150569  21479.619964   3394.511149    272.979059  2  4  6  79       
PG02 -16418.240578  15204.993534  14401.136220   -160.432558  3  5  4  94       
PG03 -18008.335301  11596.179785 -15811.864296    692.326426  7  4  6  67       
PG04  -6751.106778  15572.583143 -20364.196564    571.323786  4  4  4  77       
PG05  25511.188471  -6040.791615   4265.184886   -210.883971  6  4  4  80       
PG06  10168.899319  11439.097219 -21622.673486   -377.043113  4  6  5  83       
PG07  -3485.065659  24241.012129  10284.081636    -31.099689  3  3  4  77       
PG08 -13890.397592   7068.978486  21381.927478    521.801558  4  4  6  77       
PG09   3851.859362  22179.076013 -14139.066851    669.125329  3  4  5  55       
PG10 -16390.857032 -10878.250167  18240.088261   -435.435402  7  7  7  92       
PG11  16497.668064   -324.796496 -20760.089156   -706.493409  6  3  5  87       
PG12  18939.019043 -10875.164850 -15382.673528   -586.146645  6  4  7  67       
PG13  17016.653209   4172.306161  19798.473652    701.201838  5  1  3  71       
PG14  13665.296326  12940.983566  18905.186767    651.093431  2  4  3  72       
PG15  12801.599138  -8840.843438  21006.375533    300.434976  3  3  3  65       
PG16 -26784.657552   -878.139796   -833.622662     24.432415  8  4  7  48       
PG17  12324.109986  23331.000319   2075.252591    262.829599  5  5  4  88       
PG18   3132.043681 -23608.246494  11531.895430   -619.929500  6  4  4  78       
PG19  16766.233588  19420.569631  -7886.972232    632.168324  7  7  6  57       
PG20  25267.244637   -942.954120  -7869.122569    364.294875  8  4  6  94       
PG22  19087.085094  10854.420721  15091.668881   -103.060750  5  4  3  64       
PG23   -618.975385 -14713.927185  22145.427757    483.829568  2  4  6  66       
PG24  14417.856914 -19781.829458   9320.112090   -394.871737  3  5  3  81       
PG25   7117.150585 -15548.919829 -20624.307590    486.273151  5  4  4  86       
PG26 -23817.699598  -4654.611215 -11428.016157   -256.379484  4  4  6  71       
PG27 -19131.747518  -6084.925984  17272.636847    -25.317135  6  5  6  87       
PG28  -9241.511130 -14278.004455 -20397.295766   -616.472257  5  6  5  71       
PG29   -867.954264 -21973.628196 -14841.142232   -502.179011  6  6  4  57       
PG30   5648.159542  18865.935900  17878.018090   -134.852915  3  4  5  88       
PG31 -14982.099954  -4542.940759 -21730.233259   -205.905045  6  5  6  84       
PG32 -16178.167862 -21106.499542  -1709.380002   -440.889968  6  2  5  87       
*  2025  5 26 23 15  0.00000000
PG01 -15191.458419  20875.335460   6178.352006    272.989918  3  4  7  86       
PG02 -16041.655391  13526.549896  16456.633901   -160.424472  3  6  5  79       
PG03 -19667.610307  11630.252838 -13623.734275    692.327192  7  4  6  56       
PG04  -8154.793211  13641.228338 -21230.050417    571.327916  4  4  4  64       
PG05  25882.096238  -5891.346189   1405.337339   -210.884539  6  4  4  80       
PG06   9089.971023  13625.235930 -20812.334294   -377.059793  4  6  5  89       
PG07  -4133.279347  25015.847720   7682.391639    -31.102620  2  3  4  76       
PG08 -15397.500325   5133.319198  20940.756908    521.804167  5  5  6  71       
PG09   2653.434568  20927.786952 -16192.050018    669.133994  3  4  5  60       
PG10 -14296.437209 -11161.188083  19758.158633   -435.445931  6  7  7  88       
PG11  15475.515156   1873.481578 -21457.890556   -706.486982  6  3  5  81       
PG12  20539.295639 -10750.196806 -13223.236604   -586.147826  7  4  7  65       
PG13  17969.530643   6182.503212  18421.650897    701.201989  5  1  3  30       
PG14  11467.514933  13253.252620  20091.893695    651.098302  2  4  3  75       
PG15  14548.641700  -7057.982939  20560.830446    300.438981  2  3  3  66       
PG16 -26575.769794  -1103.739671  -3647.099109     24.440185  7  5  7  44       
PG17  11912.556695  23169.983840   4912.474848    262.813995  5  5  4  84       
PG18   3817.306417 -24585.463432   8974.499427   -619.924769  6  4  5  80       
PG19  16957.631532  20147.025387  -5184.667246    632.171552  7  7  6  76       
PG20  24319.245925   -402.933391 -10458.445974    364.294660  7  4  6  90       
PG22  17302.025337  11071.189730  17037.361573   -103.060445  5  4  3  69       
PG23   1864.851022 -15016.971371  21848.867190    483.835440  3  3  5  72       
PG24  14333.487915 -18456.123331  11765.345802   -394.864466  4  5  3  85       
PG25   9349.936986 -15723.679922 -19530.262319    486.272067  5  4  4  81       
PG26 -22492.436792  -5175.133148 -13669.985779   -256.394992  5  4  6  47       
PG27 -20153.738966  -7710.163224  15435.066985    -25.316549  6  5  6  73       
PG28  -8290.357063 -16338.800066 -19224.577451   -616.476331  5  6  5  66       
PG29    234.319539 -20530.866012 -16818.503487   -502.174974  5  7  4  54       
PG30   4685.846874  20556.688091  16171.003414   -134.844048  3  5  5  90       
PG31 -13943.306386  -6750.253953 -21818.256233   -205.904128  6  5  6  90       
PG32 -16029.681597 -21290.797634   1143.185869   -440.880429  7  2  5 100       
*  2025  5 26 23 30  0.00000000
PG01 -15057.875533  19989.517758   8855.695719    273.000780  3  5  7  86       
PG02 -15696.055943  11628.499977  18232.342690   -160.416060  2  6  5  90       
PG03 -21066.328249  11715.898445 -11202.264621    692.327989  7  5  5  70       
PG04  -9705.207452  11726.621607 -21728.937392    571.332060  5  4  4  82       
PG05  25942.168192  -5694.274150  -1478.662810   -210.885881  7  4  5  76       
PG06   8176.471925  15764.184722 -19640.811050   -377.076516  4  6  6  84       
PG07  -4642.087597  25539.987317   4947.536572    -31.105577  1  3  4  93       
PG08 -16949.255718   3331.651363  20136.569150    521.806782  5  5  7  71       
PG09   1249.937237  19578.284267 -17967.424119    669.142654  4  5  5  58       
PG10 -12071.050447 -11589.294731  20946.018196   -435.456407  6  7  7  80       
PG11  14547.978373   4175.551277 -21784.904004   -706.480745  6  3  5  77       
PG12  21891.716005 -10682.967887 -10839.511197   -586.149331  8  4  8  75       
PG13  18937.448564   7985.436951  16724.447407    701.202146  5  2  2  59       
PG14   9173.117505  13692.029020  20936.782601    651.103138  3  4  3  92       
PG15  16321.443838  -5409.521526  19744.955590    300.442205  2  3  2  59       
PG16 -26069.605112  -1362.687577  -6399.816558     24.447936  7  6  7  72       
PG17  11309.208328  22773.900366   7664.725056    262.798168  5  5  4  85       
PG18   4339.946906 -25318.829744   6260.704394   -619.920016  5  5  5  90       
PG19  17016.757235  20607.196312  -2395.879965    632.174795  6  6  6  67       
PG20  23133.351454    282.608102 -12866.049777    364.294609  7  5  6  96       
PG22  15332.965092  11394.289926  18694.038938   -103.060593  5  4  3  84       
PG23   4276.356959 -15448.152030  21177.095684    483.841346  4  3  5  87       
PG24  14244.050882 -16865.716623  13998.735334   -394.857214  4  5  4  87       
PG25  11436.734201 -15985.090135 -18107.605875    486.271007  4  4  5  76       
PG26 -20964.224684  -5818.892106 -15683.564044   -256.410337  5  4  7  78       
PG27 -21112.522836  -9105.134396  13330.950730    -25.316028  6  5  6  81       
PG28  -7496.518506 -18302.971165 -17720.926919   -616.480399  6  6  5  79       
PG29   1530.347570 -18979.546000 -18505.826902   -502.171026  6  7  4  77       
PG30   3875.539106  22098.614244  14186.067785   -134.835196  4  5  5  91       
PG31 -13022.630104  -9001.634613 -21539.123044   -205.902820  6  5  6  92       
PG32 -15686.019238 -21236.848427   3976.353188   -440.870859  7  2  5 103       
*  2025  5 26 23 45  0.00000000
PG01 -14864.085474  18823.205312  11380.399937    273.011595  4  5  7  82       
PG02 -15414.253125   9542.424176  19699.945412   -160.407974  2  6  5  85       
PG03 -22181.310961  11815.750634  -8588.461712    692.328793  7  6  6  73       
PG04 -11377.374353   9871.547394 -21852.678674    571.336186  5  5  4  73       
PG05  25700.336766  -5412.060348  -4337.349732   -210.886687  7  5  6  79       
PG06   7430.755264  17805.895291 -18128.204540   -377.093227  4  6  7  75       
PG07  -5038.940113  25786.656472   2126.284811    -31.108506  2  3  4  99       
PG08 -18507.199614   1691.070085  18984.708350    521.809420  5  5  7  71       
PG09   -350.562040  18174.725022 -19435.088858    669.151327  4  5  5  70       
PG10  -9761.767721 -12171.136417  21783.396681   -435.466950  5  6  7  87       
PG11  13737.995930   6537.577632 -21735.656451   -706.474467  6  4  5  72       
PG12  22972.641199 -10639.651074  -8271.381896   -586.150976  8  3  8  76       
PG13  19880.117027   9558.614674  14737.364289    701.202191  5  2  2  34       
PG14   6827.903206  14260.993135  21424.836529    651.107986  3  4  3  94       
PG15  18077.278657  -3918.939445  18574.432192    300.446059  3  3  2  51       
PG16 -25280.605395  -1689.977999  -9046.257664     24.455586  7  7  7  59       
PG17  10494.239762  22176.441463  10285.053170    262.782477  5  4  4  97       
PG18   4727.021853 -25778.636847   3437.688674   -619.915282  5  5  5  70       
PG19  16908.550745  20814.790249    432.895983    632.178206  6  6  5  81       
PG20  21745.371771   1133.609143 -15050.015320    364.294317  7  6  7 102       
PG22  13221.261408  11841.985900  20035.058030   -103.060058  6  4  3  89       
PG23   6568.688502 -15988.779553  20140.905632    483.847234  4  3  5  83       
PG24  14183.425878 -15033.212267  15979.431494   -394.849964  5  4  5  82       
PG25  13340.912153 -16307.204655 -16379.071538    486.269963  3  5  6  79       
PG26 -19269.168568  -6602.147505 -17434.993219   -256.425699  6  5  7  87       
PG27 -21966.878671 -10263.563386  10997.822697    -25.315452  6  5  6  91       
PG28  -6854.536628 -20124.754842 -15912.189333   -616.484506  6  6  5  83       
PG29   3014.632765 -17365.315302 -19874.429759   -502.166988  6  8  4  77       
PG30   3205.280663  23451.455777  11956.583075   -134.826313  3  5  5  85       
PG31 -12233.773350 -11251.939545 -20896.419049   -205.901775  6  5  7  82       
PG32 -15122.869690 -20973.585064   6742.166869   -440.861294  7  2  6 109       
EOF
