#cP2025  5 25  0  0  0.00000000      96 ORBIT IGb20 HLM  IGS
## 2368      0.00000000   900.00000000 60820 0.0000000000000
+   31   G01G02G03G04G05G06G07G08G09G10G11G12G13G14G15G16G17
+        G18G19G20G22G23G24G25G26G27G28G29G30G31G32  0  0  0
+          0  0  0  0  0  0  0  0  0  0  0  0  0  0  0  0  0
+          0  0  0  0  0  0  0  0  0  0  0  0  0  0  0  0  0
+          0  0  0  0  0  0  0  0  0  0  0  0  0  0  0  0  0
++         2  2  2  1  2  1  1  2  2  2  1  2  1  2  1  2  1
++         2  2  2  1  2  2  1  2  1  2  2  1  2  1  0  0  0
++         0  0  0  0  0  0  0  0  0  0  0  0  0  0  0  0  0
++         0  0  0  0  0  0  0  0  0  0  0  0  0  0  0  0  0
++         0  0  0  0  0  0  0  0  0  0  0  0  0  0  0  0  0
%c G  cc GPS ccc cccc cccc cccc cccc ccccc ccccc ccccc ccccc
%c cc cc ccc ccc cccc cccc cccc cccc ccccc ccccc ccccc ccccc
%f  1.2500000  1.025000000  0.00000000000  0.000000000000000
%f  0.0000000  0.000000000  0.00000000000  0.000000000000000
%i    0    0    0    0      0      0      0      0         0
%i    0    0    0    0      0      0      0      0         0
/* FINAL ORBIT COMBINATION FROM WEIGHTED AVERAGE OF:        
/* cod emr esa gfz grg jgx jpl mit ngs sio                  
/* REFERENCED TO IGS TIME (IGST) AND TO WEIGHTED MEAN POLE: 
/* PCV:IGS20      OL/AL:FES2014b NONE     Y  ORB:CMB CLK:CMB
*  2025  5 25  0  0  0.00000000
PG01 -14772.419181  18189.091376  12478.599261    270.921990  7  6  7  83       
PG02 -15315.891885   8531.267681  20262.996694   -161.994027  5  6  7  98       
PG03 -22610.024220  11838.899917  -7311.487065    692.158344  9  7  5  84       
PG04 -12154.081102   9078.103639 -21783.954157    570.541323  5  4  5  91       
PG05  25496.441372  -5269.939756  -5585.601166   -210.720669  9 10 10  92       
PG06   7163.707863  18663.664860 -17354.279114   -373.899803  5  6  4  81       
PG07  -5198.578802  25799.793777    818.620107    -30.544043  4  4  7  78       
PG08 -19187.684471   1036.481241  18368.664623    521.315505  8  6  5  88       
PG09  -1147.556796  17528.242464 -19994.552982    667.484386  8  5  7  73       
PG10  -8700.671746 -12485.725664  22043.074967   -433.455077  7  7  9  71       
PG11  13413.098333   7615.202206 -21590.273269   -707.661627  6  5  4  82       
PG12  23373.354000 -10614.626221  -7047.248449   -585.878532  9  2  3  74       
PG13  20290.010480  10191.358951  13747.793263    701.189025  6  7  4  69       
PG14   5739.021187  14566.438167  21527.631827    650.184368  7  5  5  98       
PG15  18837.721602  -3328.094167  17946.153744    299.744586  5  5  5  61       
PG16 -24823.561942  -1886.621004 -10225.070961     22.987158  7  8  6  84       
PG17  10043.604339  21849.332265  11425.061054    265.805347  3  4  7  65       
PG18   4872.508488 -25890.449878   2125.135591   -620.821332  9  4  7  69       
PG19  16800.958136  20827.062062   1707.034847    631.570038  4  7  9  82       
PG20  21037.522519   1608.927718 -15983.243912    364.326309  7  6  4  90       
PG22  12228.556101  12087.757902  20534.725618   -103.079499  4  6  6  87       
PG23   7555.139187 -16264.925214  19554.377166    482.723585  9  5  4  40       
PG24  14171.507554 -14134.304397  16783.092551   -396.227881  6  6  5  54       
PG25  14125.517729 -16467.406541 -15508.664852    486.482707  6  2  6  93       
PG26 -18478.109574  -6982.700294 -18121.325166   -253.452182  5  7  7  80       
PG27 -22309.652997 -10719.419261   9865.710607    -25.417585  7  7  5  95       
PG28  -6624.079129 -20876.876749 -15015.751522   -615.695515  9  8  7  91       
PG29   3742.087563 -16628.837164 -20381.148072   -502.938159  8  4  5  91       
PG30   2942.844504  23991.712645  10876.550206   -136.513133  4  8  3  69       
PG31 -11922.335522 -12254.678382 -20490.294685   -206.115251  6 10  4  83       
PG32 -14806.247392 -20790.071264   7942.861244   -442.681079  5  5  6  95       
*  2025  5 25  0 15  0.00000000
PG01 -14559.215638  16633.276624  14703.357874    270.932951  7  6  7  80       
PG02 -15173.571584   6239.500556  21242.055014   -161.985756  6  7  7  92       
PG03 -23284.795605  11886.101098  -4496.835862    692.159239  8  7  5  80       
PG04 -13945.331408   7376.253062 -21363.423672    570.545529  5  4  5  80       
PG05  24852.073452  -4804.068321  -8321.898458   -210.721802  9 10 10  29       
PG06   6648.321785  20480.515963 -15396.565075   -373.916635  5  6  4  78       
PG07  -5489.900581  25609.731085  -2040.541492    -30.547041  3  3  7  75       
PG08 -20682.149449   -338.392287  16754.165085    521.318179  7  6  5  86       
PG09  -3003.627025  16122.395597 -20970.944102    667.493148  8  5  6  80       
PG10  -6356.482245 -13289.580474  22346.328065   -433.465736  7  7  8  72       
PG11  12799.402148   9979.960956 -20997.763941   -707.655468  6  5  4  87       
PG12  24032.677021 -10539.971463  -4288.480429   -585.880058  8  3  2  39       
PG13  21120.356263  11408.130237  11403.493049    701.188937  6  6  5  65       
PG14   3402.674529  15315.187187  21480.094640    650.189235  7  5  4  85       
PG15  20490.883097  -2091.608669  16304.603848    299.748242  5  5  4  48       
PG16 -23661.834741  -2369.281984 -12638.275586     22.994916  7  9  5  80       
PG17   8900.299840  21027.879102  13774.955158    265.789912  3  4  6  71       
PG18   5120.739731 -25914.397909   -768.697108   -620.816675  8  4  7  69       
PG19  16396.470987  20707.566548   4509.795904    631.573119  3  6  9  73       
PG20  19426.832709   2722.248242 -17771.510633    364.325973  7  6  4  74       
PG22   9989.749519  12734.369747  21380.506861   -103.079452  5  6  5  74       
PG23   9599.783290 -16916.761306  18020.608264    482.729444  9  4  4  53       
PG24  14205.277830 -12006.433886  18333.794854   -396.220577  5  6  5  48       
PG25  15711.588525 -16821.479074 -13387.513770    486.481644  6  2  6  62       
PG26 -16613.474151  -7983.455041 -19443.435170   -253.467956  5  7  7  73       
PG27 -22940.661878 -11539.816426   7273.268109    -25.417047  6  6  5  85       
PG28  -6177.449194 -22418.644458 -12821.978436   -615.699682  8  8  7  78       
PG29   5473.087632 -15003.352936 -21247.424681   -502.934140  8  5  5  90       
PG30   2441.338847  25007.369060   8359.986399   -136.504310  3  7  4  55       
PG31 -11333.907299 -14420.329570 -19338.337602   -206.114070  6  9  4  72       
PG32 -13896.251126 -20286.389024  10529.123537   -442.671627  6  5  6  64       
*  2025  5 25  0 30  0.00000000
PG01 -14377.830484  14836.111676  16674.750389    270.943983  8  6  6  96       
PG02 -15150.252376   3859.475465  21866.901652   -161.977542  6  7  6  95       
PG03 -23656.396659  11847.624085  -1604.513405    692.160147  8  7  6  76       
PG04 -15770.604232   5816.696061 -20575.164033    570.549725  5  4  5  74       
PG05  23962.333258  -4176.031263 -10916.343191   -210.722691  8 10 10  68       
PG06   6270.864807  22087.692675 -13171.205269   -373.933465  4  5  4  82       
PG07  -5752.368379  25110.214685  -4863.354096    -30.549822  3  3  7  74       
PG08 -22079.559666  -1518.891902  14853.228172    521.320816  7  5  5  93       
PG09  -5002.949877  14763.465260 -21588.992294    667.501910  8  5  6  84       
PG10  -4047.465160 -14232.686655  22273.824247   -433.476426  7  6  8  63       
PG11  12326.769842  12286.713661 -20043.092984   -707.649219  6  5  4  84       
PG12  24396.951336 -10396.938951  -1456.181314   -585.881525  8  3  2  52       
PG13  21821.907506  12377.080340   8863.243736    701.189099  6  5  5  61       
PG14   1128.025994  16170.184145  21064.585444    650.194087  6  5  4  83       
PG15  22018.001866  -1035.861817  14373.054157    299.751718  5  4  4  48       
PG16 -22283.222898  -2989.932191 -14842.795133     23.002493  6  9  5  67       
PG17   7529.022516  20104.156696  15890.649525    265.774058  4  4  6  80       
PG18   5318.809397 -25625.795808  -3649.097308   -620.812001  8  3  7  59       
PG19  15759.141240  20398.064634   7236.937863    631.576637  3  6  8  78       
PG20  17719.897888   4017.938954 -19250.819574    364.325797  7  6  5  87       
PG22   7720.707087  13518.863664  21868.793566   -103.079176  5  6  5  76       
PG23  11431.522410 -17603.210002  16175.180348    482.735279  8  3  4  43       
PG24  14332.673939  -9723.253036  19552.703727   -396.213354  6  5  5  52       
PG25  17051.518728 -17152.585486 -11037.743763    486.480535  6  1  6  71       
PG26 -14682.820760  -9133.963762 -20439.533175   -253.483620  5  7  7  75       
PG27 -23374.381138 -12143.925447   4557.416528    -25.416499  6  6  5  89       
PG28  -5837.875310 -23722.000346 -10407.407131   -615.703879  8  8  7  98       
PG29   7344.383205 -13421.271817 -21748.929302   -502.929955  8  4  5  86       
PG30   2023.866058  25756.175425   5698.261279   -136.495461  2  7  4  67       
PG31 -10878.103418 -16470.748938 -17857.075303   -206.112795  6  9  5  96       
PG32 -12737.563461 -19663.705076  12937.984490   -442.662054  6  5  5  72       
*  2025  5 25  0 45  0.00000000
PG01 -14260.429853  12827.208365  18358.850365    270.954992  8  6  6  98       
PG02 -15255.946225   1437.288577  22128.771925   -161.969186  5  8  6  91       
PG03 -23732.867666  11684.157447   1315.578515    692.161080  8  8  6  84       
PG04 -17586.493903   4421.347059 -19433.188904    570.553883  5  4  5  72       
PG05  22862.065252  -3364.012349 -13325.038968   -210.723796  8 10 10  92       
PG06   6006.236995  23447.611934 -10716.856044   -373.950314  3  4  4  75       
PG07  -6022.306786  24303.773531  -7599.074770    -30.552756  3  2  6  70       
PG08 -23337.956044  -2505.504035  12699.335333    521.323487  6  5  5  72       
PG09  -7111.569378  13485.639203 -21838.406238    667.510682  7  5  5  89       
PG10  -1819.359979 -15294.940170  21825.764507   -433.487015  7  6  7  60       
PG11  11990.681753  14487.437419 -18742.942096   -707.643018  5  5  5  80       
PG12  24471.475166 -10148.318920   1401.151442   -585.882974  8  3  2  63       
PG13  22354.877132  13106.005124   6171.226513    701.189058  6  5  6  49       
PG14  -1043.250224  17108.966088  20287.408169    650.198936  6  4  4  93       
PG15  23377.004484   -155.869227  12187.140378    299.755515  5  3  5  62       
PG16 -20724.392914  -3767.135951 -16802.518578     23.010532  6  9  5  68       
PG17   5937.198298  19121.015085  17737.442628    265.758426  4  4  6  59       
PG18   5505.196271 -25024.311827  -6465.726504   -620.807285  7  3  7  74       
PG19  14873.581013  19933.200370   9842.444344    631.579978  4  5  8  54       
PG20  15962.648071   5488.670794 -20395.532170    364.325722  6  6  5  91       
PG22   5467.659822  14433.136546  21992.581401   -103.078859  5  5  5  85       
PG23  13024.166675 -18285.043525  14049.471407    482.741134  8  3  4  68       
PG24  14569.520649  -7329.732740  20417.931895   -396.206156  6  5  5  50       
PG25  18132.335983 -17421.877393  -8498.588136    486.479445  6  2  6  92       
PG26 -12728.852815 -10425.414508 -21092.211321   -253.499289  6  7  6  77       
PG27 -23580.147514 -12553.003344   1764.589490    -25.416006  6  5  5  45       
PG28  -5576.490743 -24757.862859  -7813.599122   -615.708067  8  8  7  91       
PG29   9323.877688 -11919.599924 -21877.512510   -502.925958  8  5  5  82       
PG30   1659.397886  26218.100591   2937.328106   -136.486640  2  7  4  71       
PG31 -10541.962201 -18362.090794 -16070.518239   -206.111798  6  9  5  79       
PG32 -11332.160607 -18962.965554  15129.219991   -442.652556  6  5  5  70       
*  2025  5 25  1  0  0.00000000
PG01 -14234.027783  10642.804080  19726.697614    270.966021  8  6  6  77       
PG02 -15492.799754   -980.025098  22024.760915   -161.960907  5  8  5  93       
PG03 -23531.073435  11359.686380   4212.820282    692.162034  7  8  6  90       
PG04 -19347.434177   3204.086889 -17957.542119    570.558051  5  4  5  74       
PG05  21591.053546  -2353.388094 -15507.359635   -210.724591  8 10  9  82       
PG06   5823.399249  24529.686514  -8076.197099   -373.967065  3  4  4  80       
PG07  -6335.004384  23202.248851 -10197.986362    -30.555643  3  1  6  70       
PG08 -24417.833672  -3306.676016  10329.963155    521.326154  6  5  5  87       
PG09  -9290.061211  12317.179490 -21715.148050    667.519432  7  5  5  91       
PG10    286.046683 -16448.799224  21008.571551   -433.497591  7  6  6  56       
PG11  11778.699652  16536.651908 -17119.930718   -707.636885  5  4  5  85       
PG12  24269.981717  -9759.539354   4234.253014   -585.884373  7  3  2  64       
PG13  22683.237540  13610.844624   3373.892977    701.189420  6  4  6  61       
PG14  -3074.008760  18102.724899  19161.104207    650.203783  6  5  4  80       
PG15  24529.682455    561.159543   9786.725480    299.759048  5  1  5  64       
PG16 -19025.892299  -4712.455068 -18485.260593     23.018331  6  9  5  66       
PG17   4140.337344  18120.291611  19285.406411    265.742562  5  4  6  78       
PG18   5717.992013 -24118.898270  -9169.375109   -620.802577  7  3  6  95       
PG19  13732.245342  19350.965663  12282.057633    631.583027  4  4  8  77       
PG20  14200.199978   7118.865545 -21185.896430    364.325313  6  6  5  90       
PG22   3274.785385  15461.492259  21750.770961   -103.078910  6  5  4  86       
PG23  14359.900155 -18920.192225  11679.875629    482.746919  7  3  4  62       
PG24  14924.247091  -4874.038650  20914.333331   -396.198926  6  5  5  64       
PG25  18949.317179 -17590.065618  -5812.917191    486.478302  7  2  6  69       
PG26 -10792.962222 -11841.545625 -21389.626628   -253.515034  6  7  6  75       
PG27 -23533.276273 -12794.408867  -1057.929901    -25.415491  5  5  5  62       
PG28  -5360.092648 -25504.693994  -5085.213730   -615.712273  8  8  7  85       
PG29  11373.663880 -10529.628097 -21631.406165   -502.921958  8  5  5  86       
PG30   1314.149757  26381.174376    125.135414   -136.477841  2  7  4  64       
PG31 -10305.509179 -20054.399999 -14008.080584   -206.110497  6  9  5  80       
PG32  -9690.348784 -18225.126845  17066.299141   -442.642961  6  5  5  64       
*  2025  5 25  1 15  0.00000000
PG01 -14319.345609   8324.535579  20754.794601    270.977039  8  6  5  87       
PG02 -15855.054289  -3346.032652  21557.772764   -161.952537  5  8  5  85       
PG03 -23075.995197  10843.100278   7036.771231    692.163013  7  8  6  95       
PG04 -21007.353443   2170.420232 -16173.926919    570.562210  5  3  6  72       
PG05  20192.507609  -1137.454865 -17426.592342   -210.725817  7  9  9  86       
PG06   5686.769876  25311.426590  -5295.166548   -373.983859  3  3  4  80       
PG07  -6723.042644  21826.498803 -12612.439135    -30.558639  3  1  5  45       
PG08 -25283.586151  -3938.241847   7785.914471    521.328776  5  4  5  89       
PG09 -11494.866540  11279.439780 -21221.485481    667.528179  6  5  5  67       
PG10   2232.338951 -17660.221414  19834.864294   -433.508175  7  6  5  67       
PG11  11671.068219  18393.005037 -15202.210647   -707.630682  5  3  5  86       
PG12  23814.087807  -9200.218635   6993.943672   -585.885839  7  3  3  39       
PG13  22776.139406  13914.833524    519.159618    701.189400  6  3  6  78       
PG14  -4932.888244  19117.358707  17704.294409    650.208623  6  4  4  91       
PG15  25443.106706   1135.019227   7215.058487    299.762619  5  1  5  53       
PG16 -17230.743208  -5829.866092 -19863.215390     23.026030  6  9  5  65       
PG17   2161.574956  17141.236937  20509.775810    265.726854  6  4  5  62       
PG18   5993.200066 -22927.499144 -11712.861776   -620.797913  6  3  6  82       
PG19  12335.932510  18691.202092  14513.999370    631.586128  5  3  7  69       
PG20  12475.192217   8885.131664 -21608.389716    364.325819  6  6  6  97       
PG22   1182.764545  16581.181893  21148.121482   -103.078864  6  4  4  71       
PG23  15429.816443 -19465.447695   9107.191450    482.752823  6  4  4  55       
PG24  15397.479365  -2405.744407  21033.779682   -396.191699  6  4  5  68       
PG25  19506.087504 -17619.063405  -3026.561700    486.477170  7  2  6  70       
PG26  -8913.807448 -13359.078914 -21325.743048   -253.530817  5  7  6  62       
PG27 -23216.008108 -12900.348746  -3862.766772    -25.414990  5  5  5  80       
PG28  -5152.612772 -25949.254692  -2269.237830   -615.716454  7  7  7  81       
PG29  13451.327453  -9275.859148 -21015.223652   -502.918058  8  5  5  79       
PG30    953.109068  26241.972372  -2689.227543   -136.469022  2  6  4  64       
PG31 -10142.610731 -21513.039726 -11704.167410   -206.109348  6  8  6  87       
PG32  -7830.540047 -17489.565420  18716.934331   -442.633456  5  6  4  59       
*  2025  5 25  1 30  0.00000000
PG01 -14529.927718   5918.010696  21425.507326    270.988086  7  6  4  96       
PG02 -16329.295644  -5616.404398  20736.402353   -161.944214  5  8  5  95       
PG03 -22399.707922  10109.623782   9738.078477    692.163938  6  8  6 131       
PG04 -22521.354334   1317.461975 -14113.243611    570.566377  5  3  6  81       
PG05  18711.440033    282.145727 -19050.512029   -210.726895  7  9  9  83       
PG06   5557.805992  25779.232653  -2422.135979   -374.000658  3  3  4  83       
PG07  -7214.717511  20205.722188 -14797.881640    -30.561673  3  2  4  61       
PG08 -25904.800681  -4422.578871   5110.617643    521.331402  5  4  5  97       
PG09 -13679.786422  10386.157444 -20365.943173    667.536946  6  5  5  87       
PG10   3989.700665 -18889.866195  18323.337449   -433.518716  6  6  5  63       
PG11  11641.609107  20020.703285 -13022.967123   -707.624519  4  3  6  80       
PG12  23132.439362  -8445.576875   9632.002814   -585.887623  6  4  4  45       
PG13  22609.130900  14047.391577  -2344.399717    701.189452  5  2  6  70       
PG14  -6595.350070  20114.750465  15941.412162    650.213485  6  5  5  97       
PG15  26090.816258   1591.437411   4517.899497    299.766247  6  1  5  70       
PG16 -15382.960849  -7115.448778 -20913.359580     23.033779  7  9  5  75       
PG17     30.939962  16219.070987  21391.249968    265.710952  6  3  5  89       
PG18   6363.124087 -21476.411010 -14051.891623   -620.793217  6  3  6  84       
PG19  10693.986288  17994.030241  16499.672766    631.589533  6  3  7  88       
PG20  10826.232779  10757.014508 -21655.945263    364.325092  5  6  6  92       
PG22   -772.522584  17763.202182  20195.132267   -103.078665  6  4  4  99       
PG23  16234.109957 -19878.233698   6375.919110    482.758687  6  4  4  64       
PG24  15981.984008     25.999709  20775.266083   -396.184494  6  4  5  74       
PG25  19814.402204 -17473.620859   -187.555717    486.476029  7  2  5  76       
PG26  -7125.989262 -14948.425039 -20900.494538   -253.546461  5  6  6  71       
PG27 -22618.201674 -12906.471004  -6603.187348    -25.414484  5  4  5  92       
PG28  -4916.704394 -26087.051297    585.825549   -615.720606  7  7  7  89       
PG29  15511.425447  -8175.208528 -20039.855182   -502.914033  8  5  5  87       
PG30    541.626964  25805.775716  -5456.423681   -136.460263  3  6  4  81       
PG31 -10022.088158 -22709.943098  -9197.660502   -206.108279  6  8  6  91       
PG32  -5778.736246 -16792.563424  20053.566968   -442.623924  5  6  4  85       
*  2025  5 25  1 45  0.00000000
PG01 -14871.547988   3471.232723  21727.364168    270.999142  7  6  4 100       
PG02 -16894.980134  -7750.327680  19574.754958   -161.935984  5  8  4  88       
PG03 -21540.080969   9142.010583  12269.379305    692.164892  6  8  6 112       
PG04 -23847.353987    634.250070 -11811.044745    570.570470  5  3  6  87       
PG05  17192.996748   1895.317001 -20351.881413   -210.727815  6  9  8  82       
PG06   5396.705282  25928.848634    492.957889   -374.017471  3  3  4  69       
PG07  -7832.630521  18376.421794 -16713.847031    -30.564346  3  2  3  53       
PG08 -26257.359937  -4787.531754   2349.405494    521.334042  5  5  5  89       
PG09 -15797.581389   9643.045765 -19163.154402    667.545722  5  5  5  73       
PG10   5535.907440 -20094.523886  16498.541993   -433.529193  6  5  5  52       
PG11  11658.871433  21390.732686 -10619.835813   -707.618444  4  3  6  75       
PG12  22259.582397  -7477.646003  12102.047890   -585.888731  6  4  5  54       
PG13  22165.135527  14042.800447  -5168.350964    701.189486  5  2  6  73       
PG14  -8044.458259  21054.226825  13902.328264    650.218353  7  5  5  96       
PG15  26453.739916   1960.787067   1742.634543    299.769982  6  2  5  71       
PG16 -13526.044795  -8557.356718 -21617.801853     23.041427  7  9  6  72       
PG17  -2215.618417  15383.716271  21916.208019    265.695224  6  3  5  86       
PG18   6854.912418 -19799.323667 -16145.855196   -620.788560  5  3  5  74       
PG19   8824.186717  17298.262648  18204.335796    631.592884  6  3  6  83       
PG20   9286.519889  12698.030774 -21328.059094    364.325401  4  6  6  74       
PG22  -2561.119214  18973.322605  18907.855773   -103.078377  6  4  4  98       
PG23  16781.912745 -20118.373828   3533.479624    482.764574  5  5  4  79       
PG24  16662.960944   2374.259750  20144.847833   -396.177288  6  4  5  73       
PG25  19893.611722 -17122.884310   2654.691184    486.474871  6  2  5  61       
PG26  -5458.872866 -16574.640784 -20119.862857   -253.562119  5  6  6  56       
PG27 -21737.752870 -12850.358298  -9233.800049    -25.413979  4  4  5  84       
PG28  -4615.383123 -25922.455829   3430.795535   -615.724780  7  7  7  59       
PG29  17507.083660  -7236.506335 -18722.261614   -502.910000  8  5  5  85       
PG30     47.007780  25086.395058  -8127.780571   -136.451412  3  6  4  71       
PG31  -9909.054094 -23624.636078  -6531.305799   -206.107278  5  7  6  84       
PG32  -3567.740056 -16165.922928  21053.784961   -442.614397  5  6  4  67       
*  2025  5 25  2  0  0.00000000
PG01 -15341.929817   1032.937794  21655.247956    271.010183  7  7  3  73       
PG02 -17525.215797  -9711.789635  18092.208383   -161.927661  5  8  4  79       
PG03 -20539.252232   7931.448036  14586.177825    692.165853  7  8  6  94       
PG04 -24947.623268    102.370281  -9306.917971    570.574606  5  3  6  62       
PG05  15680.800512   3683.715616 -21308.871461   -210.728433  6  9  8  89       
PG06   5164.158883  25765.458091   3399.507383   -374.034265  3  2  3  71       
PG07  -8592.520271  16381.047687 -18324.860586    -30.567481  3  2  2  68       
PG08 -26324.314709  -5065.146982   -451.215768    521.336655  5  5  5  94       
PG09 -17801.617145   9047.700475 -17633.615914    667.554456  4  5  5  60       
PG10   6857.040754 -21228.722817  14390.563447   -433.539700  5  5  5  67       
PG11  11687.492874  22481.824743  -8034.246469   -707.612299  4  2  6  80       
PG12  21234.600306  -6286.225148  14360.399891   -585.890644  5  4  5  61       
PG13  21435.156603  13938.719636  -7905.175653    701.189624  5  2  6  49       
PG14  -9271.367198  21894.142199  11621.870655    650.223189  7  5  5  85       
PG15  26520.823222   2276.643103  -1062.598657    299.773575  6  2  5  65       
PG16 -11701.492336 -10136.073078 -21964.076528     23.049279  7  9  6  58       
PG17  -4537.407478  14658.748561  22076.842942    265.679572  6  3  4  70       
PG18   7489.318132 -17936.080678 -17958.551850   -620.783829  5  3  5  87       
PG19   6752.326560  16639.858868  19597.733721    631.595974  6  3  6  68       
PG20   7882.689801  14666.945607 -20630.776630    364.325049  3  6  6  91       
PG22  -4159.898232  20173.305329  17307.645633   -103.078650  6  4  5  87       
PG23  17090.781110 -20149.783840    629.369600    482.770458  5  5  4  72       
PG24  17418.667187   4595.993623  19155.415984   -396.170076  6  4  5  71       
PG25  19769.824180 -16541.814393   5450.278666    486.473729  6  2  4  58       
PG26  -3935.601435 -18198.608371 -18995.863986   -253.577780  5  6  6  59       
PG27 -20580.731415 -12769.975495 -11711.219524    -25.413459  4  3  5  61       
PG28  -4213.657024 -25468.495480   6216.663839   -615.729027  6  7  7  56       
PG29  19391.652897  -6460.317162 -17085.171491   -502.906088  8  5  5  77       
PG30   -559.970869  24105.662255 -10656.202283   -136.442575  3  6  4  65       
PG31  -9766.422630 -24244.986049  -3751.008495   -206.106239  5  7  6  94       
PG32  -1236.120768 -15635.757120  21700.668511   -442.604863  4  6  3  50       
*  2025  5 25  2 15  0.00000000
PG01 -15930.790439  -1349.091232  21210.478433    271.021182  6  6  3  85       
PG02 -18187.771193 -11470.689724  16313.120928   -161.919194  5  8  4  82       
PG03 -19441.936311   6478.132023  16647.676380    692.166768  7  8  7  89       
PG04 -25790.167583   -303.133397  -6643.807400    570.578771  5  3  6  47       
PG05  14215.367508   5621.269785 -21905.398376   -210.729246  5  8  7  89       
PG06   4823.084306  25303.420943   6247.135972   -374.051034  3  3  3  78       
PG07  -9502.394381  14266.379031 -19601.235845    -30.570133  3  3  2  65       
PG08 -26096.499922  -5290.266252  -3244.298483    521.339242  5  5  4  72       
PG09 -19647.495692   8589.823386 -15803.349511    667.563221  4  5  5  68       
PG10   7947.891775 -22246.457812  12034.596502   -433.550241  5  4  6  73       
PG11  11689.717583  23281.131564  -5310.705042   -707.606151  4  2  6  75       
PG12  20099.569260  -4869.537003  16366.915956   -585.891872  5  4  5  66       
PG13  20418.686795  13774.598303 -10509.015971    701.189724  4  2  6  58       
PG14 -10275.495094  22593.526557   9139.244645    650.227974  7  6  5  87       
PG15  26289.346439   2574.245960  -3849.756221    299.777263  6  3  5  56       
PG16  -9947.382927 -11824.946130 -21945.377189     23.056684  6  9  7  76       
PG17  -6890.328768  14060.596614  21871.217260    265.663557  6  2  4  87       
PG18   8279.724700 -15931.211157 -19458.823417   -620.779123  5  3  5  92       
PG19   4511.481772  16050.481526  20654.678351    631.599049  6  2  5  81       
PG20   6633.935467  16619.241325 -19576.560808    364.325259  2  5  6  84       
PG22  -5553.223704  21322.276795  15420.842230   -103.078252  5  5  5  91       
PG23  17185.851112 -19942.018729  -2285.731541    482.776355  5  5  4  75       
PG24  18221.337017   6653.538229  17826.325545   -396.162858  6  4  5  79       
PG25  19474.792689 -15712.399776   8149.740374    486.472513  6  2  4  72       
PG26  -2572.340649 -19778.398132 -17546.437638   -253.593416  4  5  6  85       
PG27 -19161.234398 -12702.125397 -13994.689660    -25.412957  4  2  5  52       
PG28  -3680.081886 -24746.319633   8895.442288   -615.733182  5  6  7  71       
PG29  21120.362310  -5839.082434 -15156.687103   -502.902137  8  5  5  90       
PG30  -1303.672424  22892.607922 -12997.059472   -136.433734  3  6  4  77       
PG31  -9556.535362 -24567.639922   -905.045150   -206.105146  5  6  6  87       
PG32   1173.029602 -15221.500795  21983.060855   -442.595346  3  6  3  67       
*  2025  5 25  2 30  0.00000000
PG01 -16620.207614  -3629.670142  20400.784120    271.032199  6  7  2  80       
PG02 -18846.278217 -13003.747986  14266.487502   -161.910839  5  8  5  73       
PG03 -18293.635108   4791.485015  18417.542727    692.167706  7  9  7  89       
PG04 -26349.898204   -612.599201  -3867.284917    570.582987  6  3  6  81       
PG05  12832.653842   7674.988182 -22131.373899   -210.730382  4  8  6  87       
PG06   4340.268550  24565.662934   8986.590464   -374.067797  3  2  3  65       
PG07 -10562.007210  12081.718268 -20519.730658    -30.573250  3  3  1  69       
PG08 -25572.875757  -5499.030539  -5983.178268    521.341859  4  5  4  75       
PG09 -21294.611663   8251.754317 -13703.475167    667.571958  3  4  5  57       
PG10   8812.033268 -23102.976260   9470.416688   -433.560796  3  4  6  62       
PG11  11627.011481  23784.585791  -2496.026919   -707.599992  4  2  6  90       
PG12  18897.892594  -3234.552461  18085.769145   -585.893178  5  4  6  55       
PG13  19123.811822  13590.041841 -12936.381086    701.189664  4  3  6  76       
PG14 -11064.373283  23113.731536   6497.361988    650.232806  7  6  5  86       
PG15  25764.932183   2888.935417  -6571.690487    299.780886  6  3  5  68       
PG16  -8297.081606 -13590.990908 -21560.725699     23.064469  6  9  7  62       
PG17  -9228.329890  13598.014086  21303.244215    265.648257  5  2  3  83       
PG18   9231.475650 -13832.293207 -20621.086678   -620.774413  5  3  5  88       
PG19   2140.995976  15556.210635  21355.560735    631.602270  6  2  4  76       
PG20   5551.428760  18508.719378 -18184.045918    364.324670  1  5  6  90       
PG22  -6733.346365  22378.205428  13278.397847   -103.078390  5  5  5  91       
PG23  17098.696140 -19471.609990  -5160.883593    482.782229  5  5  5  80       
PG24  19038.351311   8515.848931  16182.894574   -396.155641  6  4  4  75       
PG25  19044.568141 -14624.609869  10704.988514    486.471348  6  2  3  50       
PG26  -1377.786683 -21270.767699 -15795.235355   -253.609040  4  5  6  89       
PG27 -17500.965153 -12680.964776 -16046.662504    -25.412421  5  3  4  62       
PG28  -2988.180396 -23784.365235  11420.992442   -615.737353  5  6  6  55       
PG29  22651.908547  -5357.578011 -12969.806422   -502.898111  7  5  6  80       
PG30  -2202.410162  21482.356980 -15109.036550   -136.424888  3  6  4  74       
PG31  -9242.838448 -24598.127331   1956.794334   -206.104272  5  6  6  79       
PG32   3613.507439 -14935.175332  21895.760780   -442.585826  2  5  3  59       
*  2025  5 25  2 45  0.00000000
PG01 -17385.294316  -5767.755478  19240.164427    271.043219  5  7  1  68       
PG02 -19461.590284 -14295.180709  11985.545154   -161.902528  5  7  5  55       
PG03 -17138.824148   2890.005176  19864.595130    692.168624  6  8  7  60       
PG04 -26609.551182   -860.384454  -1024.783256    570.587127  6  3  6  75       
PG05  11562.783894   9806.030509 -21982.866460   -210.730309  4  7  6  85       
PG06   3687.855712  23582.743955  11570.606084   -374.084517  2  3  3  72       
PG07 -11762.710572   9876.982467 -21064.040156    -30.576570  4  3  1  60       
PG08 -24760.584852  -5727.348462  -8622.184365    521.344458  4  5  4  53       
PG09 -22707.576225   8009.291243 -11369.701498    667.580735  2  4  5  55       
PG10   9461.550012 -23756.553264   6741.752353   -433.571403  2  4  6  55       
PG11  11461.711959  23996.933055    361.465471   -707.593843  4  2  6  89       
PG12  17672.581792  -1396.964329  19486.155703   -585.894588  5  4  6  51       
PG13  17567.007925  13423.192251 -15146.807940    701.189857  4  3  7  60       
PG14 -11653.174764  23420.008193   3742.089873    650.237658  7  6  5  80       
PG15  24961.253141   3254.615199  -9182.898402    299.784521  6  3  5  58       
PG16  -6778.106806 -15395.934923 -20815.071037     23.071979  6  8  8  45       
PG17 -11504.921183  13271.837996  20382.597664    265.632190  5  3  3  89       
PG18  10341.533592 -11688.215608 -21425.755952   -620.769663  5  3  4  85       
PG19   -314.789492  15176.469486  21686.783584    631.605725  5  2  4  86       
PG20   4638.066443  20289.172373 -16477.683526    364.324737  1  4  5  77       
PG22  -7700.519703  23299.436675  10915.443001   -103.078355  4  5  5  87       
PG23  16865.932677 -18723.136764  -7945.817289    482.788167  5  5  5 102       
PG24  19833.599065  10159.446111  14255.795517   -396.148453  6  5  4  76       
PG25  18517.970184 -13277.039410  13070.255611    486.470185  5  3  4  49       
PG26   -352.961400 -22632.743987 -13771.304099   -253.624713  4  5  6  74       
PG27 -15628.553887 -12736.629965 -17833.330670    -25.411899  5  3  4  77       
PG28  -2117.669261 -22617.253102  13749.822691   -615.741547  4  6  6  81       
PG29  23949.922035  -4993.668356 -10561.868633   -502.893883  7  4  6  67       
PG30  -3267.502368  19914.787133 -16954.915556   -136.416087  3  6  4  57       
PG31  -8791.541227 -24350.618003   4784.118656   -206.103122  5  5  6  75       
PG32   6037.527800 -14780.935224  21439.633706   -442.576278  2  5  3  54       
*  2025  5 25  3  0  0.00000000
PG01 -18195.155154  -7727.824980  17748.644709    271.054235  5  7  1  64       
PG02 -19993.252836 -15337.121552   9507.328611   -161.894252  6  7  6  56       
PG03 -16019.189552    800.750194  20963.389352    692.169570  6  8  7  59       
PG04 -26560.320395  -1083.351521   1835.197090    570.591256  6  3  6  70       
PG05  10429.006108  11971.001754 -21462.171279   -210.732071  3  7  5  87       
PG06   2844.620269  22391.644053  13954.728277   -374.101296  2  2  3  67       
PG07 -13087.684783   7700.782367 -21225.110925    -30.579307  4  3  2  74       
PG08 -23674.725807  -6009.382768 -11117.329267    521.346971  3  5  4  67       
PG09 -23857.455506   7832.767983  -8841.740535    667.589504  2  4  5  70       
PG10   9916.431549 -24170.185000   3895.563301   -433.582019  2  4  5  50       
PG11  11158.648058  23931.437151   3212.767032   -707.587688  4  2  6  75       
PG12  16464.555343    619.194045  20542.911164   -585.895779  5  4  5  52       
PG13  15772.642916  13309.179684 -17103.470773    701.189532  4  3  6  73       
PG14 -12063.938724  23482.951308    921.433517    650.242481  7  6  5  73       
PG15  23899.460524   3702.304403 -11640.208338    299.788063  6  3  5  84       
PG16  -5411.204312 -17197.477595 -19719.311658     23.079702  6  8  8  30       
PG17 -13674.706907  13075.039276  19124.553402    265.616441  5  4  2  83       
PG18  11598.480037  -9547.407492 -21859.549994   -620.764928  5  4  4  96       
PG19  -2808.017262  14923.209151  21641.099892    631.608949  5  2  3  95       
PG20   3888.547018  21916.060757 -14487.288783    364.324923  1  3  5  81       
PG22  -8462.831468  24046.234377   8370.795352   -103.078167  4  6  5  76       
PG23  16527.631416 -17689.985628 -10591.855661    482.794061  5  5  6  97       
PG24  20568.967909  11569.039008  12080.361887   -396.141257  6  5  4  58       
PG25  17934.939052 -11677.210388  15203.009062    486.468996  5  3  4  57       
PG26    508.691722 -23823.228893 -11508.664329   -253.640410  4  5  6  74       
PG27 -13578.643896 -12894.017196 -19325.110986    -25.411327  6  4  3  65       
PG28  -1055.445877 -21284.458158  15841.838814   -615.745703  4  5  6  80       
PG29  24984.256368  -4719.327792  -7973.931808   -502.890161  6  4  6  83       
PG30  -4502.615242  18233.005925 -18502.277918   -136.407250  3  5  4  52       
PG31  -8173.185450 -23847.337213   7526.881624   -206.102016  5  5  5  61       
PG32   8397.321329 -14754.914120  20621.638209   -442.566718  1  5  3  62       
*  2025  5 25  3 15  0.00000000
PG01 -19014.087411  -9481.044228  15951.928643    271.065226  5  7  2  63       
PG02 -20401.039551 -16129.772931   6872.175898   -161.885728  6  7  6  59       
PG03 -14971.988752  -1441.524790  21694.693920    692.170481  5  8  7  63       
PG04 -26202.182001  -1319.260812   4663.894963    570.595392  5  4  6  60       
PG05   9446.913920  14123.424370 -20577.788117   -210.732272  4  6  5  73       
PG06   1796.976394  21034.316869  16098.076483   -374.118056  3  2  2  79       
PG07 -14512.537083   5598.579661 -21001.268857    -30.582354  5  3  2  72       
PG08 -22337.852169  -6376.107535 -13426.971731    521.349580  3  5  3  84       
PG09 -24722.776995   7688.349110  -6162.654855    667.598276  2  3  5  81       
PG10  10203.645020 -24313.130017    981.235720   -433.592575  3  4  5  76       
PG11  10686.668606  23609.270556   6009.022597   -707.581497  4  3  5  68       
PG12  15311.027244   2782.273822  21237.018484   -585.897106  5  4  5  58       
PG13  13772.200119  13278.699255 -18773.734420    701.189886  4  4  6  74       
PG14 -12324.520957  23279.749755  -1915.331628    650.247274  7  6  5  67       
PG15  22607.362507   4258.825496 -13903.400740    299.791834  6  4  5  81       
PG16  -4209.663994 -18950.724995 -18290.234673     23.087282  6  8  8  60       
PG17 -15694.880649  12993.062281  17549.763960    265.600457  4  4  2  95       
PG18  12982.853428  -7456.105951 -21915.680286   -620.760152  5  4  3  84       
PG19  -5288.954487  14800.390015  21217.844862    631.612354  4  3  3  90       
PG20   3289.772471  23348.129226 -12247.497077    364.324310  1  3  5  69       
PG22  -9035.754016  24582.276549   5686.412672   -103.077774  4  6  5  83       
PG23  16125.599276 -16374.766837 -13052.804970    482.799964  5  5  6  90       
PG24  21205.897879  12737.812795   9695.833712   -396.134092  6  5  4  60       
PG25  17334.838270  -9841.511606  17064.813423    486.467816  5  4  4  65       
PG26   1220.908811 -24804.566388  -9045.783963   -253.656065  5  5  6  59       
PG27 -11390.773882 -13171.757939 -20497.077098    -25.410776  6  5  3  82       
PG28    203.704461 -19828.805316  17661.034939   -615.749884  4  5  6  73       
PG29  25732.053318  -4501.889759  -5250.092044   -502.886021  6  3  6  75       
PG30  -5903.422185  16481.710164 -19724.107616   -136.398435  3  5  4  77       
PG31  -7364.056129 -23117.658588  10136.341383   -206.101168  5  5  5  77       
PG32  10646.742354 -14845.378591  19454.765049   -442.557181  2  5  2  61       
*  2025  5 25  3 30  0.00000000
PG01 -19802.980200 -11006.175657  13880.954035    271.076256  5  7  3  81       
PG02 -20646.504870 -16681.279882   4123.184047   -161.877821  6  7  7  83       
PG03 -14028.602876  -3795.540783  22045.842917    692.171395  4  7  7  85       
PG04 -25543.898901  -1605.131908   7413.097481    570.599534  5  3  6  71       
PG05   8623.960539  16215.336314 -19344.305974   -210.733073  4  6  5  91       
PG06    539.684712  19556.068854  17964.036875   -374.134770  3  3  3  78       
PG07 -16006.235346   3611.007478 -20398.161493    -30.585066  5  4  3  74       
PG08 -20779.214683  -6853.986031 -15512.447646    521.352151  3  4  3  67       
PG09 -25290.265578   7539.493492  -3378.146208    667.607019  2  3  5  43       
PG10  10355.920008 -24162.231971  -1950.293488   -433.603105  4  4  6  63       
PG11  10020.019525  23058.614730   8702.354024   -707.575335  4  3  5  88       
PG12  14244.053882   5054.052481  21555.994020   -585.898358  5  4  4  76       
PG13  11603.253328  13356.762463 -20129.646978    701.189850  4  4  6  85       
PG14 -12467.312066  22795.189833  -4718.560120    650.252125  6  6  4  50       
PG15  21118.388685   4945.671375 -15935.760402    299.795447  5  4  5  80       
PG16  -3178.909385 -20609.754023 -16550.365105     23.094905  6  8  8  71       
PG17 -17526.635872  13004.441543  15683.968362    265.584577  4  4  3  98       
PG18  14467.809217  -5456.728729 -21593.920443   -620.755446  5  4  3  84       
PG19  -7707.730917  14803.787974  20423.049691    631.615434  3  4  3  87       
PG20   2821.556235  24548.900907  -9797.142302    364.324506  1  3  5  97       
PG22  -9441.425629  24876.053840   2906.791802   -103.077860  4  6  5  62       
PG23  15701.603370 -14789.369386 -15285.795958    482.805887  6  6  6  47       
PG24  21706.933421  13667.379962   7144.564331   -396.126922  6  5  4  64       
PG25  16754.782166  -7794.772780  18622.115877    486.466630  5  4  3  66       
PG26   1803.914029 -25544.007738  -6424.952626   -253.671905  5  5  6  80       
PG27  -9108.092758 -13581.423633 -21329.338346    -25.410176  6  6  3  79       
PG28   1656.708903 -18294.849397  19176.112968   -615.754029  3  5  6  75       
PG29  26178.544127  -4305.476655  -2436.754054   -502.881980  5  3  5  70       
PG30  -7457.594060  14705.496529 -20599.282209   -136.389594  3  5  4  83       
PG31  -6347.370435 -22196.908666  12566.008742   -206.100094  5  5  5  76       
PG32  12742.831396 -15033.187495  17957.886040   -442.547629  3  5  3  57       
*  2025  5 25  3 45  0.00000000
PG01 -20520.857580 -12290.196016  11571.359695    271.087249  5  7  3  90       
PG02 -20694.501670 -17007.326457   1305.615164   -161.869499  6  7  7  84       
PG03 -13213.340371  -6214.932305  22010.958812    692.172348  4  7  6  92       
PG04 -24602.705505  -1975.634879  10035.938819    570.603704  5  4  6  74       
PG05   7959.286181  18198.958049 -17782.194696   -210.734003  3  5  5  94       
PG06   -923.769664  18003.828747  19520.872965   -374.151498  3  3  3  83       
PG07 -17532.328359   1772.428420 -19428.523701    -30.587991  5  4  3  84       
PG08 -19033.772550  -7463.815257 -17338.663282    521.354769  3  4  2  64       
PG09 -25555.280597   7348.531256   -535.795932    667.615762  2  3  5  60       
PG10  10410.290735 -23702.964297  -4847.466508   -433.613644  5  5  6  79       
PG11   9139.517466  22313.505477  11246.668387   -707.569149  4  4  5  78       
PG12  13289.301647   7391.050981  21494.140440   -585.899691  5  5  4  76       
PG13   9308.228607  13561.666522 -21148.367801    701.190134  4  5  6  83       
PG14 -12527.775746  22022.368440  -7439.149876    650.256983  6  6  4  77       
PG15  19470.381650   5778.085952 -17704.560132    299.799133  6  5  5  67       
PG16  -2316.382112 -22129.253442 -14527.718918     23.102326  6  8  8  57       
PG17 -19136.444892  13081.675872  13557.637826    265.568403  4  5  3  83       
PG18  16020.073316  -3586.413790 -20900.558969   -620.750689  5  4  3  84       
PG19 -10016.106700  14921.140185  19269.427783    631.618535  3  4  3  92       
PG20   2457.607029  25487.992782  -7178.569089    364.324249  2  3  5 100       
PG22  -9707.683853  24902.120675     78.316304   -103.078050  4  6  5  73       
PG23  15295.610410 -12954.652785 -17252.057643    482.811793  6  6  6  56       
PG24  22037.212223  14367.410850   4471.209323   -396.119772  6  5  4  77       
PG25  16228.062309  -5569.487284  19846.932028    486.465487  4  4  2  70       
PG26   2283.457833 -26015.013399  -3691.563837   -253.687568  5  5  6  73       
PG27  -6775.948392 -14126.987631 -21807.361683    -25.409664  6  6  3  75       
PG28   3292.131049 -16727.201799  20361.019912   -615.758158  3  5  6  62       
PG29  26317.557293  -4092.556280    418.136172   -502.877914  5  3  5  75       
PG30  -9145.120344  12947.193936 -21112.941580   -136.380741  3  5  4  72       
PG31  -5114.189928 -21124.931471  14772.560154   -206.098776  5  5  4  65       
PG32  14647.275588 -15292.544214  16155.510740   -442.538007  3  5  3  47       
*  2025  5 25  4  0  0.00000000
PG01 -21126.505985 -13328.599550   9062.872512    271.098217  5  7  4  83       
PG02 -20514.612183 -17130.463069  -1533.746083   -161.861385  6  7  7  88       
PG03 -12542.540444  -8649.889551  21591.041287    692.173159  4  6  6  82       
PG04 -23403.684773  -2461.572578  12487.677039    570.607890  5  4  5  79       
PG05   7443.865632  20028.368642 -15917.504240   -210.734561  3  6  4  84       
PG06  -2581.140802  16424.375210  20742.245043   -374.168208  4  3  3  81       
PG07 -19050.390903    109.789864 -18111.782407    -30.591027  5  4  4  62       
PG08 -17141.006800  -8219.778031 -18874.645321    521.357377  3  5  2  76       
PG09 -25521.936178   7078.294248   2315.731580    667.624517  2  3  5  80       
PG10  10406.452936 -22930.147567  -7659.069002   -433.624151  5  5  7  78       
PG11   8033.474801  21412.468094  13598.434317   -707.562954  4  4  5  80       
PG12  12465.088111   9746.072212  21052.659425   -585.901079  5  5  3  53       
PG13   6932.995558  13904.217703 -21812.526894    701.189980  4  5  6  77       
PG14 -12542.867570  20963.085131 -10029.448553    650.261837  5  6  4  86       
PG15  17704.260282   6764.384423 -19181.476872    299.802950  6  5  5  78       
PG16  -1611.733652 -23466.183673 -12255.454636     23.109980  6  8  8  68       
PG17 -20497.163089  13192.331946  11205.558087    265.552472  4  5  3  96       
PG18  17601.149176  -1875.779820 -19848.239737   -620.745955  4  3  3  69       
PG19 -12169.198441  15132.631222  17776.226863    631.622105  3  5  3  95       
PG20   2166.747933  26142.203269  -4436.892056    364.324245  2  3  5  95       
PG22  -9866.880599  24642.152183  -2751.443293   -103.078074  3  6  4  66       
PG23  14944.113787 -10899.788597 -18917.607750    482.817717  6  6  6  77       
PG24  22165.835461  14854.970017   1721.915864   -396.112614  6  5  4  64       
PG25  15782.743199  -3204.714589  20717.412045    486.464367  4  4  1  51       
PG26   2689.619941 -26198.334817   -893.316243   -253.703214  5  5  5  77       
PG27  -4440.395899 -14804.564778 -21922.232678    -25.409099  6  6  3  79       
PG28   5090.422129 -15168.868578  21195.394069   -615.762380  3  4  6  56       
PG29  26151.713680  -3825.566132   3265.885418   -502.873628  5  4  5  66       
PG30 -10938.946601  11246.286574 -21256.727925   -136.371946  4  5  4  73       
PG31  -3664.013341 -19944.473273  16716.691224   -206.097564  5  5  4  76       
PG32  16327.712755 -15592.018387  14077.449767   -442.528485  3  5  3  66       
*  2025  5 25  4 15  0.00000000
PG01 -21580.123016 -14125.376235   6398.625145    271.109182  5  7  4  96       
PG02 -20082.440834 -17079.181861  -4347.281311   -161.853278  6  8  7  76       
PG03 -12024.011701 -11048.937930  20793.921538    692.174087  4  6  5  88       
PG04 -21978.860646  -3088.511385  14726.437515    570.612039  5  4  5  93       
PG05   7060.972680  21661.129944 -13781.473303   -210.735482  3  6  5  82       
PG06  -4411.726914  14862.591134  21607.631492   -374.185002  4  4  3  96       
PG07 -20517.623102  -1358.181058 -16473.521611    -30.593976  5  5  4  85       
PG08 -15143.575321  -9128.737191 -20094.041795    521.360015  4  5  2  61       
PG09 -25202.898773   6693.737482   5127.510056    667.633268  3  3  5  78       
PG10  10385.002755 -21848.303535 -10335.207111   -433.634557  6  5  7  89       
PG11   6698.340484  20396.994738  15717.414206   -707.556815  4  5  5  79       
PG12  11781.737404  12069.896509  20239.621178   -585.902551  5  5  2  70       
PG13   4525.336111  14387.236619 -22110.511823    701.190064  4  5  6  84       
PG14 -12549.400101  19627.895677 -12444.132833    650.266651  5  5  4  85       
PG15  15862.601359   7905.531040 -20342.942123    299.806643  5  5  5  65       
PG16  -1047.326062 -24581.393396  -9771.420144     23.117406  6  8  8  80       
PG17 -21588.919740  13300.342183   8666.349019    265.536400  4  5  3  73       
PG18  19168.729636   -347.952173 -18455.696399   -620.741250  4  3  3  70       
PG19 -14127.091433  15411.705487  15968.943909    631.624858  3  6  3  95       
PG20   1914.321462  26496.332115  -1619.215589    364.323970  2  3  5  88       
PG22  -9954.517207  24085.764775  -5534.471224   -103.077785  3  6  4  67       
PG23  14678.616541  -8661.279686 -20253.846452    482.823619  5  6  6  85       
PG24  22067.071709  15153.594798  -1056.472066   -396.105422  6  5  4  72       
PG25  15440.489982   -744.708904  21218.271112    486.463238  4  4  1  72       
PG26   3055.423182 -26082.826914   1920.651521   -253.718902  4  5  5  71       
PG27  -2146.674248 -15602.441082 -21670.850867    -25.408483  6  7  3  82       
PG28   7024.490242 -13659.663953  21664.912635   -615.766551  3  4  6  70       
PG29  25692.301140  -3468.544150   6057.862355   -502.869837  5  4  5  64       
PG30 -12805.900114   9637.491718 -21028.894258   -136.363098  4  4  4  89       
PG31  -2005.021450 -18699.456660  18363.887958   -206.096870  5  5  4  86       
PG32  17758.828926 -15895.803411  11758.384832   -442.518942  3  5  3  70       
*  2025  5 25  4 30  0.00000000
PG01 -21844.923845 -14692.666858   3624.415959    271.120158  4  7  4  88       
PG02 -19380.719682 -16886.766128  -7087.269631   -161.845088  6  8  7  76       
PG03 -11656.826772 -13360.782250  19634.084960    692.175016  4  6  5  89       
PG04 -20366.039362  -3875.612434  16713.911887    570.616206  5  4  5  91       
PG05   6786.946584  23059.798706 -11410.050194   -210.736341  3  6  5  77       
PG06  -6387.003078  13359.811206  22102.647068   -374.201723  4  4  3  88       
PG07 -21890.529243  -2621.418998 -14544.832615    -30.596759  5  5  4  90       
PG08 -13085.854620 -10189.799196 -20975.567602    521.362655  4  6  3  80       
PG09 -24618.867997   6163.488811   7851.184082    667.642015  3  4  5  72       
PG10  10385.631705 -20471.625177 -12828.273259   -433.644943  6  5  7 100       
PG11   5139.032030  19309.922208  17567.340785   -707.550657  4  5  5  72       
PG12  11241.276247  14313.062985  19069.791982   -585.903987  4  5  2  69       
PG13   2133.343107  15005.364440 -22036.678163    701.190449  4  6  6  70       
PG14 -12582.422600  18035.824378 -14641.041122    650.271512  4  4  5  61       
PG15  13988.186851   9194.983994 -21170.428856    299.810393  5  5  5  73       
PG16   -599.031362 -25441.129161  -7117.593734     23.125346  5  8  8  74       
PG17 -22399.762668  13367.454839   5981.922496    265.520779  4  5  3  85       
PG18  20678.257684    982.112248 -16747.388469   -620.736542  4  3  3  80       
PG19 -15856.268835  15726.176746  13878.903879    631.628298  3  6  4  92       
PG20   1663.724952  26543.703373   1226.172166    364.323478  3  3  5  91       
PG22 -10007.745408  23231.064636  -8223.082859   -103.077783  3  5  4  82       
PG23  14524.331009  -6281.698085 -21238.042713    482.829519  5  6  6  80       
PG24  21721.355591  15292.159673  -3817.180261   -396.098261  6  5  4  71       
PG25  15215.679931   1762.666315  21341.072799    486.462036  5  3  1  71       
PG26   3415.314157 -25665.952387   4700.674588   -253.734617  4  5  4  77       
PG27     62.297967 -16501.397254 -21056.053973    -25.407897  6  7  3  93       
PG28   9060.566219 -12234.760167  21761.535099   -615.770681  4  3  6  69       
PG29  24958.832509  -2988.703969   8746.309599   -502.865667  4  4  5  62       
PG30 -14707.863507   8149.548703 -20434.282358   -136.354291  4  4  4  80       
PG31   -153.961626 -17433.218646  19685.095437   -206.095400  5  5  4  84       
PG32  18923.205154 -16165.166283   9237.347128   -442.509406  3  5  3  78       
*  2025  5 25  4 45  0.00000000
PG01 -21888.643066 -15050.109109    787.923779    271.131123  4  7  5  80       
PG02 -18400.180881 -16589.948680  -9706.655086   -161.836688  6  8  7  74       
PG03 -11431.478379 -15536.140822  18132.368327    692.175934  4  6  5  71       
PG04 -18607.442346  -4834.708163  18416.002008    570.620432  5  4  4  82       
PG05   6592.234450  24193.269528  -8843.330160   -210.737459  3  7  5  76       
PG06  -8471.555924  11952.324762  22219.255173   -374.218464  5  4  4  80       
PG07 -23126.601385  -3678.593191 -12361.576309    -30.599870  4  5  4  88       
PG08 -11012.417753 -11394.166077 -21503.387818    521.365308  4  7  3  72       
PG09 -23797.758922   5461.266101  10439.799604    667.650754  4  4  5  89       
PG10  10445.355388 -18823.559106 -15093.876203   -433.655340  6  6  8  85       
PG11   3368.945497  18193.771883  19116.527497   -707.544719  4  5  5  75       
PG12  10837.481686  16427.661865  17564.325272   -585.905298  4  5  2  59       
PG13   -196.196238  15745.179325 -21591.479414    701.190249  5  6  5  71       
PG14 -12673.682851  16213.746936 -16581.941522    650.276371  4  4  5  42       
PG15  12122.563877  10618.809107 -21650.676938    299.813984  6  6  5  82       
PG16   -237.306697 -26018.374857  -4339.421707     23.133001  5  8  7  78       
PG17 -22926.030767  13354.788328   3196.880134    265.504668  3  5  4  90       
PG18  22084.575551   2107.979565 -14753.047964   -620.731832  4  3  4  78       
PG19 -17330.794928  16039.591435  11542.707677    631.631192  3  6  3  93       
PG20   1378.016217  26286.373663   4050.617515    364.323374  3  2  5  85       
PG22 -10063.786929  22084.896480 -10770.726272   -103.077595  3  5  4  76       
PG23  14499.146232  -3808.193609 -21853.705543    482.835422  5  6  5  82       
PG24  21116.051704  15303.575112  -6514.233256   -396.091094  6  5  5  67       
PG25  15114.835746   4267.668433  21084.359214    486.460936  4  3  2  78       
PG26   3803.573995 -24953.951648   7397.503707   -253.750421  4  4  4  58       
PG27   2147.355914 -17475.320728 -20086.664897    -25.407323  5  7  4  85       
PG28  11159.333271 -10923.429214  21483.638516   -615.774802  4  2  6  45       
PG29  23978.302529  -2357.894416  11285.146321   -502.861813  4  4  4  37       
PG30 -16603.146334   6804.265430 -19484.174455   -136.345407  5  3  4  69       
PG31   1864.323657 -16186.789210  20657.266939   -206.094348  4  5  3  76       
PG32  19811.877440 -16360.037727   6557.107745   -442.499905  3  5  4  76       
*  2025  5 25  5  0  0.00000000
PG01 -21684.873822 -15223.900709  -2062.109178    271.142089  3  7  5  90       
PG02 -17140.156107 -16227.422667 -12159.841700   -161.828531  6  8  7  96       
PG03 -11330.387000 -17529.496075  16315.540484    692.176806  4  6  6  83       
PG04 -16748.181076  -5969.660175  19803.398865    570.624640  4  4  4  81       
PG05   6442.672759  25037.896527  -6124.914981   -210.738109  3  7  4  91       
PG06 -10624.283389  10670.089325  21955.872957   -374.235188  5  4  4  94       
PG07 -24185.937083  -4536.823468  -9963.584579    -30.602799  4  5  4  87       
PG08  -8966.500988 -12725.285655 -21667.431558    521.367961  5  7  4  68       
PG09 -22773.615598   4567.105659  12848.617959    667.659537  4  4  5  88       
PG10  10596.853296 -16936.014661 -17091.711130   -433.665786  6  6  8  70       
PG11   1409.642394  17089.114851  20338.403176   -707.538466  4  5  5  64       
PG12  10556.275774  18369.063127  15750.325525   -585.906575  3  5  3  63       
PG13  -2419.375701  16585.622268 -20781.512282    701.190260  5  6  5  88       
PG14 -12850.234792  14195.469801 -18233.218879    650.281215  4  3  5  78       
PG15  10304.662982  12156.056451 -21775.858605    299.818063  6  6  5  57       
PG16     71.490403 -26293.961409  -1485.058620     23.140633  5  8  6  70       
PG17 -23172.436479  13224.436725    357.853589    265.489134  3  5  4  65       
PG18  23343.599281   3031.763713 -12507.146399   -620.727086  4  3  4  81       
PG19 -18533.199342  16312.789724   9001.559315    631.634627  3  5  3  91       
PG20   1021.527469  25735.019931   6805.918330    364.323528  3  3  5  78       
PG22 -10158.329859  20662.774610 -13132.797214   -103.077182  3  5  4  66       
PG23  14612.902472  -1290.834015 -22090.835428    482.841366  4  6  5  73       
PG24  20245.963840  15223.372405  -9103.138984   -396.083941  6  6  5  51       
PG25  15136.403115   6720.474556  20453.627129    486.459806  4  3  3  70       
PG26   4252.727111 -23961.666722   9963.252645   -253.766191  4  4  4  52       
PG27   4074.399938 -18492.091207 -18777.455034    -25.406764  5  7  4  69       
PG28  13277.277427  -9748.024426  20836.042614   -615.778881  4  2  6  53       
PG29  22784.170464  -1553.886903  13630.748858   -502.857333  4  5  4  33       
PG30 -18447.997262   5615.856939 -18196.025955   -136.336620  5  3  4  75       
PG31   4017.703584 -14997.284506  21263.780653   -206.093012  4  5  3  63       
PG32  20424.583356 -16440.683443   3763.486027   -442.490445  3  5  3  60       
*  2025  5 25  5 15  0.00000000
PG01 -21214.192275 -15245.616450  -4876.712273    271.153121  2  7  5  74       
PG02 -15608.870470 -15838.256202 -14403.504650   -161.820520  6  8  7  89       
PG03 -11328.735789 -19300.692811  14215.777961    692.177746  4  6  6  73       
PG04 -14834.630326  -7276.024244  20852.087174    570.628824  4  4  4  73       
PG05   6300.961522  25578.348844  -3301.202349   -210.738863  2  8  4  74       
PG06 -12799.813192   9535.701587  21317.369736   -374.251908  5  4  4  89       
PG07 -25032.727731  -5211.066551  -7393.826597    -30.605793  4  5  4  84       
PG08  -6988.513432 -14159.300077 -21463.628746    521.370608  5  7  4  83       
PG09 -21585.296245   3468.352318  15035.898992    667.668273  5  4  5  92       
PG10  10866.992682 -14848.230983 -18786.346785   -433.676265  6  6  8  83       
PG11   -709.775504  16033.024232  21211.962595   -707.532321  5  5  5  81       
PG12  10376.447097  20097.510389  13660.297730   -585.908069  3  6  3  67       
PG13  -4496.648260  17498.721150 -19619.473372    701.190574  5  6  5  61       
PG14 -13133.248961  12020.544551 -19566.467128    650.286037  4  3  5  80       
PG15   8569.518133  13779.386878 -21543.684807    299.821750  5  6  5  66       
PG16    363.594515 -26257.393649   1395.479440     23.148244  5  7  5  68       
PG17 -23151.849347  12941.069732  -2487.208418    265.473166  3  5  4  62       
PG18  24413.955905   3763.824535 -10048.292513   -620.722343  4  4  4  87       
PG19 -19455.021923  16505.598180   6300.486708    631.637419  4  5  3  94       
PG20    561.425788  24908.512855   9445.127278    364.323108  3  3  5  83       
PG22 -10323.963574  18988.489486 -15267.453379   -103.077626  3  4  3  64       
PG23  14866.998983   1219.156608 -21946.054108    482.847239  4  6  5  82       
PG24  19113.578884  15088.226973 -11541.524836   -396.076779  5  6  5  74       
PG25  15270.878517   9072.971524  19461.154496    486.458730  4  3  4  66       
PG26   4792.017182 -22712.023000  12352.327444   -253.781970  4  3  4  47       
PG27   5815.535981 -19514.714932 -17149.017463    -25.406202  4  7  4  74       
PG28  15368.207326  -8723.240536  19829.924518   -615.783044  5  1  6  33       
PG29  21415.105551   -561.440262  15742.696682   -502.853177  4  5  3  44       
PG30 -20198.194851   4590.597697 -16593.088959   -136.327791  5  2  4  58       
PG31   6267.865049 -13896.482949  21494.715622   -206.091877  4  5  4  56       
PG32  20769.680351 -16369.392122    904.584387   -442.480925  3  5  3  67       
*  2025  5 25  5 30  0.00000000
PG01 -20465.023732 -15150.825411  -7607.525100    271.164168  2  7  5  80       
PG02 -13823.408015 -15460.268848 -16397.403191   -161.812343  6  8  7  97       
PG03 -11395.595282 -20816.322551  11870.048909    692.178684  5  6  6  68       
PG04 -12912.760201  -8741.037102  21543.767091    570.632976  4  4  3  79       
PG05   6128.276272  25808.164144   -420.614445   -210.739520  2  8  4  80       
PG06 -14950.086030   8563.662519  20314.960701   -374.268638  5  4  5  90       
PG07 -25636.563555  -5723.211936  -4697.563309    -30.608745  3  4  4  83       
PG08  -5114.643872 -15665.782484 -20894.062030    521.373261  5  7  4  80       
PG09 -20274.979801   2160.370346  16963.638875    667.677061  5  4  5  84       
PG10  11275.601525 -12605.349819 -20147.909303   -433.686750  6  5  8  68       
PG11  -2953.580767  15057.673398  21722.125731   -707.526101  5  5  5  93       
PG12  10270.665055  21579.515950  11331.497956   -585.909577  2  6  3  73       
PG13  -6394.153262  18450.591285 -18124.023605    701.190656  5  6  5  81       
PG14 -13537.073588   9732.866732 -20558.975974    650.290880  4  4  5  91       
PG15   6947.128846  15455.928609 -20957.452284    299.825580  5  6  5  93       
PG16    676.191386 -25907.351042   4251.233750     23.155726  5  7  4  56       
PG17 -22884.781710  12473.468196  -5289.800301    265.457133  3  4  4  65       
PG18  25258.522643   4322.154180  -7418.571512   -620.717630  4  5  4  82       
PG19 -20096.993098  16578.580860   3487.474551    631.640881  4  4  3  87       
PG20    -30.838991  23833.193585  11923.328992    364.322937  4  4  5  80       
PG22 -10588.715373  17093.395341 -17136.411606   -103.077351  3  3  3  73       
PG23  15254.347327   3671.191575 -21422.613607    482.853199  4  6  4  85       
PG24  17729.043631  14934.472012 -13789.722696   -396.069603  5  6  5  76       
PG25  15501.276855  11280.461117  18125.686549    486.457640  3  3  5  71       
PG26   5446.017362 -21235.188499  14522.313663   -253.797735  4  2  4  42       
PG27   7349.999831 -20502.673144 -15227.544026    -25.405657  4  7  4  70       
PG28  17384.885372  -7855.680060  18482.624669   -615.787206  5  1  6  49       
PG29  19913.541604    626.899466  17584.471264   -502.849379  4  6  2  35       
PG30 -21810.653189   3726.795860 -14703.938326   -136.318965  5  2  4  76       
PG31   8571.668852 -12909.643110  21346.983324   -206.090661  4  4  4  56       
PG32  20863.733258 -16112.113063  -1970.039241   -442.471455  2  5  3  82       
*  2025  5 25  5 45  0.00000000
PG01 -19434.216617 -14977.562337 -10207.625558    271.175189  2  7  5  91       
PG02 -11809.337379 -15128.432962 -18105.178078   -161.804136  6  8  6  87       
PG03 -11495.289255 -22050.842222   9319.420177    692.179607  5  5  6  74       
PG04 -11026.489297 -10343.927857  21866.185372    570.637141  4  3  4  75       
PG05   5885.956516  25729.975082   2467.222975   -210.740372  1  9  5  82       
PG06 -17026.043927   7759.962034  18965.999174   -374.285371  5  4  5  96       
PG07 -25973.512242  -6100.935869  -1921.510206    -30.611940  3  4  4  65       
PG08  -3375.617424 -17208.741077 -19967.026147    521.375901  5  7  4  66       
PG09 -18886.550990    646.944812  18598.248648    667.685846  5  4  5  89       
PG10  11834.544043 -10256.755056 -21152.645499   -433.697259  6  5  8  54       
PG11  -5280.590876  14189.133337  21859.999807   -707.519913  5  4  5  93       
PG12  10206.740648  22789.002667   8805.202631   -585.911150  2  7  3  77       
PG13  -8084.842508  19402.680573 -16319.557389    701.190559  5  6  5  90       
PG14 -14068.583010   7379.116899 -21194.103920    650.295768  4  4  5  94       
PG15   5461.501006  17148.337742 -20026.030265    299.829321  6  6  6  96       
PG16   1045.711189 -25251.831654   7031.274812     23.163593  5  6  3  76       
PG17 -22398.588252  11795.935948  -8001.658852    265.441230  3  4  4  40       
PG18  25845.811878   4731.477873  -4662.836792   -620.712886  4  5  4  76       
PG19 -20468.841346  16494.772281    612.531025    631.644225  4  4  2  80       
PG20   -778.253452  22541.882267  14198.379792    364.322697  3  5  5  86       
PG22 -10974.750944  15015.397449 -18705.709772   -103.077424  3  3  3  77       
PG23  15759.668431   6017.077769 -20530.287855    482.859171  3  6  5  88       
PG24  16109.880877  14796.652299 -15811.302002   -396.062408  5  6  5  58       
PG25  15803.913266  13303.210352  16471.994681    486.456557  3  2  5  71       
PG26   6233.436200 -19567.445313  16434.798676   -253.813496  4  1  5  47       
PG27   8664.825658 -21413.440794 -13044.501355    -25.405121  4  6  4  74       
PG28  19280.708007  -7143.741981  16817.347344   -615.791367  6  1  5  79       
PG29  18324.094660   2010.297241  19124.095666   -502.845071  4  6  2  51       
PG30 -23244.979520   3015.084631 -12561.913379   -136.310088  5  1  4  70       
PG31  10882.696477 -12054.610296  20824.315921   -206.089416  3  4  4  60       
PG32  20730.781992 -15639.976111  -4810.247421   -442.461955  2  5  3  59       
*  2025  5 25  6  0  0.00000000
PG01 -18127.301734 -14764.712662 -12632.333244    271.186227  2  7  5  81       
PG02  -9599.999427 -14873.365669 -19495.113688   -161.795714  6  8  6  82       
PG03 -11588.944348 -22987.387050   6608.303225    692.180536  5  4  6  76       
PG04  -9216.121009 -12056.544767  21813.369326    570.641291  3  3  4  64       
PG05   5537.204965  25355.395894   5312.337800   -210.741495  2  9  5  50       
PG06 -18979.360772   7121.996683  17293.671893   -374.302113  5  4  5  86       
PG07 -26026.939882  -6376.368028    886.975222    -30.615021  3  4  3  86       
PG08  -1795.650912 -18747.859386 -18696.987612    521.378558  5  7  4  73       
PG09 -17463.926355  -1059.645046  19911.160187    667.694601  5  5  5  86       
PG10  12547.138161  -7854.250552 -21783.352530   -433.707811  6  5  8  79       
PG11  -7645.551598  13446.415023  21623.039559   -707.513658  5  3  5  93       
PG12  10149.078028  23708.150276   6125.915409   -585.912551  2  7  4  59       
PG13  -9549.360954  20313.217622 -14235.874506    701.190579  4  5  4  77       
PG14 -14726.837584   5007.107353 -21461.532761    650.300619  5  4  5  85       
PG15   4129.898412  18816.030577 -18763.784652    299.832860  5  6  6  74       
PG16   1506.129556 -24307.923973   9685.704079     23.171015  5  5  2  78       
PG17 -21726.402206  10889.530489 -10575.590814    265.425264  3  3  4  66       
PG18  26151.151839   5022.105074  -1827.965192   -620.708131  4  6  3  84       
PG19 -20588.736754  16221.316358  -2273.287493    631.646862  4  4  2  84       
PG20  -1697.174845  21072.656352  16231.599376    364.322352  3  5  5  79       
PG22 -11497.296761  12797.671003 -19946.413701   -103.077636  3  2  3  79       
PG23  16360.118107   8212.667301 -19285.152396    482.865095  3  6  5  88       
PG24  14280.458643  14706.164931 -17573.550777   -396.055197  5  6  6  83       
PG25  16149.460011  15107.785696  14530.324489    486.455498  2  2  5  72       
PG26   7166.171893 -17749.821333  18056.108001   -253.829275  3  2  5  57       
PG27   9755.226906 -22204.122944 -10636.202589    -25.404652  4  6  4  66       
PG28  21011.370943  -6577.836270  14862.760873   -615.795529  6  2  5  50       
PG29  16691.903238   3579.447201  20334.703205   -502.841038  3  6  2  47       
PG30 -24464.924548   2439.013377 -10204.489209   -136.301280  6  1  4  85       
PG31  13152.920750 -11341.244760  19937.116475   -206.088400  3  3  4  44       
PG32  20401.313971 -14930.629443  -7566.231251   -442.452499  1  5  3  76       
*  2025  5 25  6 15  0.00000000
PG01 -16558.426293 -14550.373969 -14839.974545    271.197226  3  7  5  80       
PG02  -7235.473100 -14719.977183 -20540.843079   -161.787559  6  8  6  76       
PG03 -11636.159872 -23618.250431   3783.654958    692.181479  5  4  6  67       
PG04  -7516.922424 -13844.276192  21385.758109    570.645453  4  3  4  65       
PG05   5048.729952  24704.569433   8065.290183   -210.742138  2  9  5  70       
PG06 -20764.150940   6638.821591  15326.602849   -374.318844  5  4  4  82       
PG07 -25788.054496  -6584.628663   3680.668748    -30.617917  3  4  3  54       
PG08   -391.650315 -20239.931509 -17104.438556    521.381211  5  7  4  61       
PG09 -16049.386586  -2938.886150  20879.347353    667.703368  4  5  5  86       
PG10  13407.938335  -5450.154628 -22029.665312   -433.718343  6  5  8  45       
PG11 -10000.681923  12840.793514  21015.102541   -707.507434  5  2  5  96       
PG12  10060.254300  24327.917228   3340.530996   -585.913797  3  7  4  52       
PG13 -10776.645232  21138.812484 -11907.754131    701.190814  4  5  4  83       
PG14 -15503.065998   2664.100827 -21357.401643    650.305457  5  4  5  79       
PG15   2962.331646  20416.550227 -17190.436734    299.836579  5  5  5  71       
PG16   2087.352328 -23101.208203  12166.659353     23.178760  5  4  2  85       
PG17 -20905.842034   9743.059223 -12966.315599    265.409818  3  3  4  60       
PG18  26157.620729   5228.575562   1037.913250   -620.703414  4  6  3  81       
PG19 -20482.396523  15730.939913  -5118.868262    631.650427  4  4  2  46       
PG20  -2796.520193  19467.444808  17988.404798    364.322299  3  6  5  90       
PG22 -12163.835663  10487.156384 -20835.248729   -103.077201  2  2  3  79       
PG23  17026.213160  10219.342982 -17709.259470    482.870996  3  5  6  63       
PG24  12271.232967  14690.029772 -19047.905104   -396.048018  5  6  6  64       
PG25  16504.228484  16668.121430  12335.751538    486.454452  1  3  5  61       
PG26   8248.656028 -15826.541269  19357.937527   -253.845043  4  2  4  62       
PG27  10624.667059 -22833.149002  -8043.273847    -25.404171  4  6  4  80       
PG28  22536.455698  -6140.915241  12652.504360   -615.799709  6  2  5  49       
PG29  15060.954318   5316.720790  21195.024303   -502.837220  3  7  2  66       
PG30 -25439.671704   1975.910022  -7672.591869   -136.292435  6  2  4  53       
PG31  15334.429877 -10771.189507  18702.180200   -206.087314  3  3  4  40       
PG32  19910.978987 -13969.336592 -10189.431799   -442.443073  1  5  3  62       
*  2025  5 25  6 30  0.00000000
PG01 -14749.964676 -14370.257565 -16792.596459    271.208170  4  8  5  79       
PG02  -4761.250759 -14686.338008 -21221.973060   -161.779206  5  8  6  82       
PG03 -11596.730874 -23945.017116    894.149482    692.182366  6  4  7  84       
PG04  -5957.900452 -15667.233154  20590.227214    570.649618  4  4  4  68       
PG05   4392.264345  23805.388598  10678.056174   -210.743190  3  9  6  40       
PG06 -22338.592967   6291.725672  13098.372141   -374.335633  5  4  4  70       
PG07 -25256.163561  -6762.294640   6413.208402    -30.620869  3  4  3  84       
PG08    827.313950 -21640.441987 -15215.640108    521.383795  5  7  3  76       
PG09 -14681.980744  -4962.618048  21485.751428    667.712143  4  4  5  90       
PG10  14402.890236  -3095.392276 -21888.197784   -433.728900  5  5  8  78       
PG11 -12297.323024  12375.440030  20046.397815   -707.501208  5  2  5  90       
PG12   9902.661427  24648.223279    497.475103   -585.915385  3  7  4  65       
PG13 -11764.212483  21836.152153  -9374.432202    701.190940  4  4  4  81       
PG14 -16380.967529    395.167322 -20884.321613    650.310307  5  5  5  80       
PG15   1961.304725  21907.025106 -15330.852728    299.840183  5  5  5  77       
PG16   2813.758410 -21664.806605  14429.295634     23.186277  5  4  3  81       
PG17 -19977.533064   8353.794479 -15131.307382    265.393797  3  4  4  51       
PG18  25856.701094   5388.151862   3886.200157   -620.698666  5  6  3  80       
PG19 -20181.893794  15003.197527  -7874.024948    631.653692  4  4  2  60       
PG20  -4077.240673  17770.490794  19438.877960    364.321977  3  6  5  74       
PG22 -12973.617023   8132.887331 -21355.135710   -103.077122  2  2  2  79       
PG23  17723.019149  12005.283441 -15830.217179    482.876919  4  5  6  80       
PG24  10117.790589  14769.827746 -20210.327515   -396.040825  5  5  6  94       
PG25  16831.618387  17966.285649   9927.464548    486.453399  1  4  5  77       
PG26   9477.514460 -13843.363916  20317.867060   -253.860775  3  3  4  65       
PG27  11284.608987 -23261.959428  -5310.017564    -25.403708  5  5  4  81       
PG28  23820.876794  -5809.300467  10224.609268   -615.803882  6  3  5  73       
PG29  13472.459327   7196.642247  21689.781615   -502.833131  3  7  2  72       
PG30 -26144.919221   1597.976601  -5009.871636   -136.283621  6  2  3  75       
PG31  17381.134102 -10337.980407  17142.298863   -206.085926  3  3  4  74       
PG32  19299.096249 -12749.782901 -12633.454600   -442.433635  1  5  3  67       
*  2025  5 25  6 45  0.00000000
PG01 -12731.820247 -14256.192212 -18456.617093    271.219190  4  8  4  87       
PG02  -2226.669239 -14782.820955 -21524.606344   -161.770477  5  7  6  64       
PG03 -11432.356870 -23978.349717  -2010.663728    692.183260  6  4  7  82       
PG04  -4560.822902 -17481.650577  19440.003581    570.653767  4  4  4  76       
PG05   3545.897918  22692.419583  13104.898895   -210.744218  3  9  6  69       
PG06 -23666.408526   6055.107419  10646.957243   -374.352445  4  4  3  83       
PG07 -24438.647050  -6945.851270   9039.771476    -30.624190  3  4  2  90       
PG08   1860.227718 -22905.232159 -13062.252770    521.386308  5  7  3  66       
PG09 -13396.065579  -7095.924852  21719.601591    667.720914  4  4  5  82       
PG10  15509.847000   -837.664848 -21362.538707   -433.739489  5  4  7  66       
PG11 -14487.629487  12045.376658  18733.327836   -707.495034  5  1  5  98       
PG12   9640.143412  24677.792245  -2354.161222   -585.917002  4  7  4  55       
PG13 -12518.122894  22363.727316  -6678.985644    701.190985  3  4  4  53       
PG14 -17337.318920  -1758.357525 -20051.274124    650.315147  5  5  5  63       
PG15   1121.832886  23245.672727 -13214.760200    299.844173  5  5  5  71       
PG16   3702.969273 -20038.120015  16432.712591     23.194421  5  3  4  53       
PG17 -18983.498092   6727.869776 -17031.618544    265.377860  3  4  4  61       
PG18  25248.631363   5539.214507   6668.617567   -620.693951  5  6  3  68       
PG19 -19724.224252  14025.435820 -10490.446770    631.656257  4  5  2  71       
PG20  -5532.101221  16026.739841  20558.258759    364.321706  4  6  5  72       
PG22 -13917.510398   5784.218233 -21495.612449   -103.077539  2  2  2  85       
PG23  18411.551587  13546.463026 -13680.682593    482.882768  4  5  6  72       
PG24   7859.722893  14960.839834 -21041.634446   -396.033596  5  5  6  87       
PG25  17093.671258  18992.921390   7347.995989    486.452350  1  4  5  78       
PG26  10841.558231 -11845.877031  20919.744745   -253.876503  3  3  3  49       
PG27  11753.944267 -23456.616405  -2483.678317    -25.403238  6  5  4  85       
PG28  24836.134222  -5553.772617   7620.845695   -615.808059  7  3  4  68       
PG29  11963.343137   9186.676114  21809.984767   -502.829019  2  6  3  72       
PG30 -26563.717782   1273.572126  -2261.948091   -136.274797  6  2  4  67       
PG31  19250.387093 -10027.486757  15285.762679   -206.084973  4  3  4  69       
PG32  18607.013504 -11274.553084 -14854.955850   -442.424194  2  5  4  68       
*  2025  5 25  7  0  0.00000000
PG01 -10540.444377 -14234.788143 -19803.401854    271.230175  5  8  4  80       
PG02    316.843488 -15011.563821 -21441.739036   -161.762270  5  7  5  63       
PG03 -11108.270705 -23737.441655  -4881.200559    692.184126  6  5  7  98       
PG04  -3339.523367 -19241.455329  17954.470441    570.657907  4  4  4  70       
PG05   2495.166703  21405.567127  15303.209129   -210.744779  4  9  6  72       
PG06 -24718.142243   5897.617756   8014.104922   -374.369208  3  4  3  62       
PG07 -23350.656597  -7170.183680  11517.696598    -30.627159  3  4  3  74       
PG08   2714.034723 -23992.188985 -10680.853975    521.388910  5  6  3  75       
PG09 -12220.038148  -9298.299580  21576.623149    667.729718  3  4  4  57       
PG10  16699.420883   1280.228187 -20463.106995   -433.750041  5  3  7  56       
PG11 -16526.239057  11837.756190  17098.225059   -707.488794  5  2  5  99       
PG12   9239.564115  24433.667894  -5165.476007   -585.918246  4  7  4  57       
PG13 -13052.611444  22683.523251  -3867.629531    701.190828  3  3  4  70       
PG14 -18342.858707  -3760.254467 -18873.399187    650.319990  6  5  5  72       
PG15    431.736994  24393.298911 -10876.387386    299.847638  5  5  4  71       
PG16   4764.903869 -18265.303916  18140.800724     23.202106  4  4  4  59       
PG17 -17965.478927   4880.331232 -18632.664549    265.362266  3  4  4  68       
PG18  24342.442188   5719.619766   9337.990033   -620.689230  5  6  3  66       
PG19 -19149.695033  12793.438834 -12922.591503    631.659854  4  5  2  61       
PG20  -7145.774221  14280.213201  21327.356944    364.321721  4  6  5  90       
PG22 -14978.216840   3489.023761 -21253.123748   -103.077259  2  2  2  79       
PG23  19050.335141  14827.352292 -11297.779419    482.888616  4  4  6  78       
PG24   5539.366835  15271.413941 -21527.772300   -396.026389  5  4  6  68       
PG25  17252.663740  19747.354604   4642.419401    486.451264  1  4  5  69       
PG26  12322.102388  -9877.821966  21153.936263   -253.892198  3  3  3  54       
PG27  12058.117454 -23389.269713    386.379164    -25.402780  6  5  4  74       
PG28  25561.323269  -5340.881381   4886.004475   -615.812189  7  3  4  74       
PG29  10564.905349  11248.299111  21553.117538   -502.825040  2  6  3  76       
PG30 -26687.036407    968.631233    524.360015   -136.265973  6  3  4  81       
PG31  20904.459963  -9818.657079  13165.775583   -206.083808  4  3  4  72       
PG32  17876.385807  -9555.255273 -16814.478717   -442.414731  2  5  4  67       
*  2025  5 25  7 15  0.00000000
PG01  -8217.609620 -14326.313274 -20809.755617    271.241177  6  8  4  85       
PG02   2817.634500 -15366.285301 -20973.514350   -161.754137  5  7  5  81       
PG03 -10594.726346 -23249.161845  -7668.668300    692.185057  6  5  7 109       
PG04  -2299.518229 -20899.941974  16158.862936    570.662036  4  5  4  46       
PG05   1233.851949  19988.533292  17234.297103   -210.746028  4  8  6  83       
PG06 -25472.195105   5783.526702   5244.642826   -374.385975  3  4  3  77       
PG07 -22014.559127  -7467.157027  13807.050107    -30.629962  3  4  3  78       
PG08   3403.216822 -24862.888796  -8112.346124    521.391479  5  6  3  91       
PG09 -11175.312447 -11525.036578  21059.128387    667.738509  3  3  4  68       
PG10  17936.130093   3221.849253 -19206.875314   -433.760645  4  3  7  73       
PG11 -18371.857569  11732.457152  15168.986386   -707.482629  5  3  4  92       
PG12   8672.245787  23940.428270  -7888.584463   -585.919888  5  7  5  51       
PG13 -13389.397474  22762.606834   -988.936178    701.190900  2  3  5  83       
PG14 -19363.411458  -5580.592420 -17371.680648    650.324831  6  6  5  74       
PG15   -127.788684  25314.740323  -8354.022106    299.851521  5  5  4  63       
PG16   6001.164350 -16393.550976  19522.980680     23.210039  4  4  4  56       
PG17 -16963.256527   2834.831665 -19904.949145    265.346101  4  4  4  73       
PG18  23155.676366   5965.080637  11849.009719   -620.684554  5  5  3  61       
PG19 -18500.207001  11311.731342 -15128.502760    631.663048  3  5  2  75       
PG20  -8895.244829  12572.426438  21732.876690    364.321305  4  6  5  86       
PG22 -16130.835803   1291.947751 -20631.166598   -103.077159  2  1  3  74       
PG23  19597.060404  15841.296549  -8722.451384    482.894501  5  5  6  57       
PG24   3200.452160  15702.580566 -21660.040727   -396.019186  5  4  6  82       
PG25  17272.677040  20237.374270   1857.531502    486.450161  2  4  5  57       
PG26  13893.595950  -7979.517485  21017.437056   -253.907848  3  3  3  32       
PG27  12227.974314 -23039.412010   3249.565968    -25.402332  7  4  3  85       
PG28  25983.863048  -5134.424152   2067.127382   -615.816380  7  3  4  61       
PG29   9301.706949  13338.317152  20923.212082   -502.820912  1  6  3  84       
PG30 -26514.039724    648.163410   3301.808028   -136.257128  5  3  4  76       
PG31  22311.813859  -9684.533400  10819.800398   -206.083004  4  3  4  62       
PG32  17147.446155  -7612.282217 -18477.218803   -442.405225  2  5  4  61       
*  2025  5 25  7 30  0.00000000
PG01  -5808.983378 -14543.825393 -21458.322535    271.252166  6  8  3  72       
PG02   5225.724987 -15832.470743 -20127.317473   -161.745729  5  6  5  75       
PG03  -9868.291006 -22546.927421 -10325.864677    692.186039  7  6  8  76       
PG04  -1437.952264 -22411.492219  14083.857580    570.666164  4  5  3  86       
PG05   -235.547192  18487.130669  18864.117725   -210.746857  5  8  6  94       
PG06 -25915.573046   5674.262407   2385.740576   -374.402768  1  4  2  62       
PG07 -20459.149864  -7864.329561  15871.137534    -30.632908  3  4  2  81       
PG08   3949.063906 -25484.127669  -5401.262029    521.394021  5  6  2  90       
PG09 -10275.581152 -13728.798213  20175.987267    667.747269  3  3  4  84       
PG10  19179.788998   4958.309541 -17616.973823   -433.771258  4  3  7  72       
PG11 -19988.698441  11702.971926  12978.610372   -707.476441  5  4  4  82       
PG12   7915.225221  23229.134451 -10477.407733   -585.920963  5  6  5  86       
PG13 -13556.694148  22574.543427   1907.011843    701.191150  2  2  5  81       
PG14 -20361.205806  -7196.648481 -15572.537595    650.329654  6  6  6  75       
PG15   -581.347967  25980.197416  -5689.488072    299.855054  4  5  4  80       
PG16   7404.781898 -14471.256969  20554.813990     23.217917  4  4  4  68       
PG17 -16013.040285    622.970081 -20824.708400    265.330026  4  4  4  79       
PG18  21713.802204   6307.631068  14158.974287   -620.679798  5  5  4  64       
PG19 -17817.504285   9593.532499 -17070.535524    631.666062  3  5  2  72       
PG20 -10750.514136  10940.911802  21767.648793    364.321457  4  6  5 103       
PG22 -17343.768652   -767.221983 -19640.281293   -103.077067  2  2  3  81       
PG23  20010.275149  16590.562049  -5998.762799    482.900406  5  5  5  43       
PG24    886.697081  16247.931596 -21435.260733   -396.011986  5  4  7  92       
PG25  17121.082645  20478.702405   -958.964653    486.449084  3  5  4  78       
PG26  15524.532971  -6186.446164  20513.849946   -253.923521  3  2  3  55       
PG27  12298.376657 -22394.864195   6055.020940    -25.401904  7  4  3  90       
PG28  26099.915904  -4897.035565   -787.301351   -615.820556  7  4  3  80       
PG29   8190.727054  15410.378132  19930.806740   -502.816678  2  5  3  91       
PG30 -26052.070410    277.776045   6023.490750   -136.248293  5  3  4  50       
PG31  23448.126986  -9593.487957   8288.850482   -206.081597  4  4  4  91       
PG32  16457.341439  -5474.216354 -19813.699262   -442.395763  2  5  4  62       
*  2025  5 25  7 45  0.00000000
PG01  -3362.556055 -14892.594217 -21737.886704    271.263147  6  8  3  68       
PG02   7494.657738 -16387.926529 -18917.701717   -161.737500  5  6  4  73       
PG03  -8912.895153 -21669.349709 -12807.938820    692.187110  7  7  8  83       
PG04   -743.876555 -23733.271334  11765.060841    570.670315  4  5  3  44       
PG05  -1901.689820  16947.517778  20163.912622   -210.748115  5  7  5  88       
PG06 -26044.322520   5530.064735   -513.869078   -374.419535  1  4  2  73       
PG07 -18718.664953  -8383.836692  17676.962015    -30.635835  3  4  3  64       
PG08   4378.658403 -25829.272572  -2594.978436    521.396516  6  5  2  71       
PG09  -9526.392137 -15861.294664  18942.477720    667.756051  2  3  4  73       
PG10  20387.081058   6469.140929 -15722.188240   -433.781830  4  3  7  82       
PG11 -21347.721266  11717.554383  10564.643837   -707.470260  4  4  4  83       
PG12   6952.282948  22336.058502 -12888.411377   -585.922500  5  6  5  79       
PG13 -13587.953093  22100.582302   4769.519775    701.191286  2  2  5  87       
PG14 -21296.333654  -8593.545146 -13507.331903    650.334492  7  7  6  72       
PG15   -958.276068  26366.405658  -2927.538207    299.858624  4  5  4  59       
PG16   8960.334155 -12546.152685  21218.468455     23.225560  4  4  4  65       
PG17 -15145.996620  -1716.704703 -21374.452660    265.314476  4  4  4  84       
PG18  20049.340996   6774.230483  16228.487597   -620.675099  5  4  4  78       
PG19 -17141.464156   7660.367639 -18715.977764    631.669329  2  5  3  79       
PG20 -12675.575564   9417.899277  21430.766407    364.321294  3  6  4 100       
PG22 -18579.923263  -2654.980458 -18297.884301   -103.077051  2  3  3  70       
PG23  20251.046571  17086.051601  -3173.157841    482.906292  6  6  5  70       
PG24  -1359.603322  16893.769469 -20855.884077   -396.004787  5  3  7  83       
PG25  16769.890047  20494.182585  -3759.261337    486.447979  4  4  4  77       
PG26  17178.603229  -4528.058098  19653.234192   -253.939159  3  2  4  65       
PG27  12306.638752 -21452.441444   8752.596805    -25.401383  6  3  3  86       
PG28  25914.481749  -4591.825723  -3628.188288   -615.824820  7  4  3  81       
PG29   7240.824132  17416.622740  18592.786239   -502.812766  2  5  3  81       
PG30 -25316.341042   -174.835065   8643.589906   -136.239462  5  3  4  79       
PG31  24297.042904  -9510.629315   5616.743854   -206.080562  4  4  4  91       
PG32  15838.604856  -3176.901522 -20800.338447   -442.386266  2  5  4  63       
*  2025  5 25  8  0  0.00000000
PG01   -926.983224 -15369.836120 -21643.568447    271.274127  6  8  3  76       
PG02   9583.208758 -17003.683282 -17366.142404   -161.729351  5  6  4  55       
PG03  -7720.603577 -20658.705974 -15073.104458    692.188213  7  7  8  77       
PG04   -198.849267 -24826.834958   9242.404314    570.674468  5  5  3  54       
PG05  -3744.626294  15414.428365  21110.754012   -210.748479  5  7  5  82       
PG06 -25863.636165   5311.691056  -3404.697779   -374.436270  1  4  2  60       
PG07 -16831.628238  -9041.478000  19195.631862    -30.638732  2  4  3  48       
PG08   4723.612625 -25879.373064    257.147858    521.399024  6  5  2  66       
PG09  -8925.056684 -17875.010760  17380.017808    667.764807  2  2  5  71       
PG10  21513.248195   7742.825538 -13556.367988   -433.792424  4  2  7  74       
PG11 -22427.621298  11740.583127   7968.546299   -707.464104  4  5  4  79       
PG12   5774.710591  21301.242053 -15081.284777   -585.923704  6  5  5  69       
PG13 -13520.391870  21330.557193   7548.212092    701.191684  2  3  5  80       
PG14 -22128.293605  -9764.584873 -11211.802736    650.339287  7  7  6  86       
PG15  -1291.367329  26457.595741   -115.167080    299.862271  4  5  4  53       
PG16  10644.427454 -10663.485451  21503.027149     23.233146  4  5  4  71       
PG17 -14386.983112  -4139.991459 -21543.387292    265.298516  5  5  4  82       
PG18  18200.739435   7385.561018  18022.113396   -620.670329  5  4  4  68       
PG19 -16508.496144   5541.360165 -20037.559986    631.672815  2  5  3  85       
PG20 -14629.629748   8029.205691  20727.621242    364.320840  3  6  4  92       
PG22 -19798.169036  -4345.269805 -16627.944257   -103.076835  3  4  4  74       
PG23  20284.532855  17346.703253   -293.690066    482.912166  6  7  4  72       
PG24  -3498.950488  17619.526446 -19930.039356   -395.997580  5  3  7  71       
PG25  16196.909586  20312.724649  -6496.220749    486.446863  5  4  5  76       
PG26  18816.032012  -3026.835748  18451.835147   -253.954777  4  2  4  56       
PG27  12290.850609 -20218.263640  11293.855672    -25.400909  6  3  3  68       
PG28  25441.163900  -4184.003014  -6406.674439   -615.828991  7  4  4  83       
PG29   6452.524147  19309.409384  16932.105392   -502.808596  3  5  2  90       
PG30 -24329.349507   -738.481894  11118.094773   -136.230647  5  3  4  93       
PG31  24850.618648  -9399.320433   2849.334785   -206.079388  4  4  4  79       
PG32  15317.830081   -762.219089 -21419.895975   -442.376763  2  5  5  54       
*  2025  5 25  8 15  0.00000000
PG01   1450.095291 -15964.772293 -21176.912733    271.285089  7  7  3  60       
PG02  11456.883766 -17645.209991 -15500.621750   -161.721124  5  6  4  56       
PG03  -6292.081257 -19559.294907 -17083.296999    692.189244  7  7  8  73       
PG04    222.163227 -25659.582388   6559.456225    570.678627  5  5  3  78       
PG05  -5736.380988  13929.467078  21687.977643   -210.749353  5  6  4  86       
PG06 -25387.623640   4982.109714  -6237.325860   -374.453047  1  4  2  89       
PG07 -14839.570055  -9846.032732  20402.719486    -30.641477  2  4  3  65       
PG08   5018.609389 -25623.982251   3104.703265    521.401516  6  5  1  60       
PG09  -8460.892806 -19724.911702  15515.784616    667.773598  2  2  4  64       
PG10  22513.827735   8776.970228 -11157.761026   -433.803045  4  2  6  69       
PG11 -23215.530912  11734.087688   5234.982356   -707.457831  4  5  4  76       
PG12   4381.791961  20166.941388 -17019.554600   -585.925050  6  4  5  69       
PG13 -13393.362639  20263.459327  10193.977197    701.191637  3  3  5  81       
PG14 -22817.559571 -10711.273780  -8725.439217    650.344135  7  7  6  87       
PG15  -1615.439900  26246.198354   2699.152423    299.866150  4  4  4  78       
PG16  12426.519383  -8864.330282  21404.636109     23.241192  4  5  4  76       
PG17 -13753.546890  -6598.584998 -21327.695823    265.282256  5  5  4  86       
PG18  16211.026985   8155.063294  19508.972432   -620.665564  5  3  4  76       
PG19 -15950.112289   3272.237962 -21013.848372    631.675837  3  5  4  90       
PG20 -16568.494187   6793.373958  19669.838282    364.320832  2  6  4  87       
PG22 -20954.978930  -5820.328809 -14660.508205   -103.076818  4  5  4  74       
PG23  20081.406348  17398.596861   2590.766494    482.917978  7  7  3  55       
PG24  -5495.931766  18398.445795 -18671.509204   -395.990369  5  3  7  84       
PG25  15386.692016  19968.050291  -9124.112942    486.445760  5  5  5  67       
PG26  20395.052114  -1697.651499  16931.706039   -253.970420  4  3  4  62       
PG27  12288.160737 -18707.689669  13633.047024    -25.400430  5  3  2  72       
PG28  24701.615657  -3642.418026  -9074.974766   -615.833183  7  4  4  50       
PG29   5818.145079  21043.045641  14977.399929   -502.804626  3  5  2  88       
PG30 -23120.041370  -1437.217280  13405.487923   -136.221784  5  3  4  69       
PG31  25109.462951  -9222.749164     33.736511   -206.078369  4  5  4  91       
PG32  14914.603464   1723.380389 -21661.786729   -442.367245  3  5  5  62       
*  2025  5 25  8 30  0.00000000
PG01   3723.695571 -16659.008632 -20345.867917    271.296127  6  7  3  61       
PG02  13089.130144 -18273.884732 -13355.055031   -161.712608  5  6  4  59       
PG03  -4636.738812 -18415.736612 -18804.767180    692.190251  8  7  8  65       
PG04    549.619690 -26205.997921   3762.661098    570.682778  5  5  3  68       
PG05  -7841.862689  12529.541482  21885.494722   -210.750137  5  6  4  91       
PG06 -24638.754999   4508.116593  -8963.230975   -374.469790  2  4  2  78       
PG07 -12785.658341 -10798.822888  21278.573382    -30.644427  2  3  3  85       
PG08   5299.806498 -25061.647568   5897.178901    521.404026  6  4  2  72       
PG09  -8115.793403 -21370.060208  13382.227169    667.782381  2  2  4  66       
PG10  23346.368451   9578.127838  -8568.292034   -433.813668  5  2  6  84       
PG11 -23707.405063  11659.378215   2411.053727   -707.451669  3  5  3  76       
PG12   2780.984204  18976.017319 -18671.127193   -585.926622  6  3  5  88       
PG13 -13246.628808  18907.653587  12659.903606    701.191583  3  3  5  91       
PG14 -23327.115626 -11443.037763  -6090.802685    650.348947  7  7  6  87       
PG15  -1965.788959  25733.256484   5466.299441    299.869396  4  4  5  67       
PG16  14270.041348  -7184.102763  20926.491886     23.248783  5  6  4  55       
PG17 -13255.235042  -9041.812442 -20730.673008    265.266568  5  5  4  81       
PG18  14126.306230   9088.248416  20663.273664   -620.660846  5  4  4  72       
PG19 -15491.721108    894.098999 -21629.520627    631.678859  4  5  4  91       
PG20 -18446.156335   5721.095619  18275.108298    364.320463  2  6  4  86       
PG22 -22006.185696  -7071.190425 -12431.090682   -103.076434  5  5  4  75       
PG23  19619.076404  17273.803445   5431.313531    482.923883  7  7  4  59       
PG24  -7320.380855  19198.508414 -17099.632320   -395.983185  6  3  6  89       
PG25  14331.215623  19497.289327 -11599.309541    486.444636  6  5  5  66       
PG26  21873.447505   -547.436502  15120.235212   -253.986018  4  4  4  49       
PG27  12333.094731 -16944.872575  15728.040479    -25.399933  4  3  3  51       
PG28  23724.689161  -2940.968124 -11587.199055   -615.837348  7  4  4  68       
PG29   5322.253647  22575.457808  12762.490584   -502.800494  4  5  2  80       
PG30 -21722.750742  -2289.249868  15467.388910   -136.212934  5  3  5  72       
PG31  25082.566243  -8945.491871  -2782.452808   -206.077256  4  5  4  82       
PG32  14640.738745   4230.528158 -21522.256299   -442.357706  4  5  5  56       
*  2025  5 25  8 45  0.00000000
PG01   5853.026643 -17427.223231 -19164.654834    271.307100  6  7  3  58       
PG02  14462.208947 -18848.654275 -10968.574928   -161.704563  5  6  4  60       
PG03  -2772.553816 -17271.279364 -20208.605218    692.191192  8  7  9  82       
PG04    818.017838 -26448.629794    900.521374    570.686974  5  5  2  80       
PG05 -10020.066499  11245.494736  21699.975773   -210.751343  5  6  4  91       
PG06 -23646.996179   3861.812591 -11535.608180   -374.486504  2  4  2  85       
PG07 -10713.284120 -11893.536423  21808.584010    -30.647647  2  3  3  74       
PG08   5603.173160 -24200.046268   8584.946902    521.406529  6  4  1  65       
PG09  -7865.095683 -22775.081189  11016.483028    667.791154  3  1  4  70       
PG10  23972.060430  10161.280513  -5832.800238   -433.824198  6  2  6  75       
PG11 -23908.074889  11478.714703   -454.515863   -707.445466  3  4  3  79       
PG12    987.796048  17770.328451 -20008.756235   -585.927963  6  2  4  59       
PG13 -13118.621971  17280.723640  14902.184918    701.191653  4  3  5  98       
PG14 -23623.900322 -11976.645413  -3352.809922    650.353810  8  7  6  88       
PG15  -2376.587873  24928.517865   8137.389862    299.873146  4  4  5  79       
PG16  16133.767675  -5651.334300  20078.675742     23.256873  5  6  4  52       
PG17 -12893.250886 -11418.483739 -19762.700112    265.250616  6  6  4  67       
PG18  11994.130623  10182.314346  21464.770622   -620.656101  5  4  4  78       
PG19 -15151.686908  -1548.011429 -21875.526649    631.682099  5  6  4  84       
PG20 -20216.412929   4814.939662  16566.918796    364.320574  3  6  4  74       
PG22 -22908.773986  -8097.807028  -9979.943253   -103.076615  5  5  4  73       
PG23  18882.667441  17009.021117   8179.821108    482.929794  7  7  4  88       
PG24  -8948.366380  19983.579875 -15239.123706   -395.976070  6  3  6  70       
PG25  13030.301316  18939.479512 -13880.927620    486.443422  6  5  6  66       
PG26  23210.107273    424.833757  13049.593109   -254.001622  5  4  4  74       
PG27  12455.985755 -14961.950915  17541.186187    -25.399458  3  3  2  71       
PG28  22545.319518  -2059.807647 -13900.140037   -615.841424  7  4  5  73       
PG29   4942.436462  23869.732063  10325.789065   -502.796849  4  4  3  77       
PG30 -20175.958289  -3306.079167  17269.149318   -136.204112  5  2  5  80       
PG31  24786.834834  -8535.013074  -5551.910317   -206.075839  4  5  4  82       
PG32  14499.844943   6708.701353 -21004.415556   -442.348187  4  5  5  36       
*  2025  5 25  9  0  0.00000000
PG01   7802.865874 -18238.135454 -17653.528033    271.318090  6  6  3  76       
PG02  15567.688987 -19327.805308  -8384.696645   -161.696280  4  5  4  58       
PG03   -725.575347 -16166.174134 -21271.190152    692.192081  7  7  8  79       
PG04   1064.343903 -26378.766507  -1977.263566    570.691117  5  5  3  74       
PG05 -12225.518613  10100.994590  21134.902621   -210.751841  4  5  4  96       
PG06 -22448.667742   3021.884424 -13910.168297   -374.503238  3  4  2  76       
PG07  -8664.644386 -13116.316542  21983.403331    -30.650344  1  3  3  74       
PG08   5962.830646 -23055.756476  11120.226769    521.409040  5  4  1  74       
PG09  -7678.716040 -23911.416290   8459.710233    667.799907  3  2  4  83       
PG10  24357.218925  10549.012713  -2998.252201   -433.834776  6  4  5  83       
PG11 -23830.966635  11156.949779  -3312.228578   -707.439298  4  4  3  81       
PG12   -974.629510  16589.184878 -21010.433149   -585.929400  7  2  4  84       
PG13 -13044.753602  15408.948252  16880.970838    701.191805  4  3  5 104       
PG14 -23680.107827 -12335.362386   -557.988570    650.358618  8  7  5  87       
PG15  -2879.302504  23850.192203  10664.698724    299.876816  4  3  5  86       
PG16  17973.367934  -4286.756217  18877.846177     23.264509  6  6  4  44       
PG17 -12660.473885 -13678.776116 -18441.060049    265.234727  6  6  4  80       
PG18   9861.828819  11426.084044  21899.134443   -620.651347  4  4  4  83       
PG19 -14940.684207  -4006.654156 -21749.138550    631.685180  6  6  4  78       
PG20 -21834.534411   4069.399370  14574.185550    364.320425  4  6  5  72       
PG22 -23622.628818  -8908.801199  -7351.226130   -103.076622  6  6  4  59       
PG23  17865.716632  16644.048540  10789.706205    482.935672  7  7  5  80       
PG24 -10362.969234  20714.744260 -13119.806664   -395.968887  6  4  6  78       
PG25  11491.745645  18334.024143 -15931.419623    486.442290  6  4  6  74       
PG26  24366.530079   1227.844264  10756.113748   -254.017309  5  5  4  66       
PG27  12681.588484 -12797.909522  19040.077698    -25.398917  2  4  2  74       
PG28  21203.187348   -986.316213 -15974.015254   -615.845569  7  4  5  63       
PG29   4650.354849  24895.465581   7709.616843   -502.792629  4  4  3  87       
PG30 -18520.910794  -4491.881429  18780.393168   -136.195237  5  3  5  72       
PG31  24246.351349  -7963.048015  -8228.325892   -206.075004  4  5  4  50       
PG32  14487.242976   9108.026409 -20118.136118   -442.338569  5  5  5  83       
*  2025  5 25  9 15  0.00000000
PG01   9544.720281 -19055.719537 -15838.432787    271.329042  5  6  4  29       
PG02  16406.544412 -19670.765101  -5650.390859   -161.687880  4  5  4  76       
PG03   1470.870047 -15136.175128 -21974.559843    692.192983  7  6  8  82       
PG04   1326.420376 -25996.782409  -4820.684236    570.695279  5  4  3  73       
PG05 -14409.905081   9111.723332  20200.488057   -210.752765  4  5  4  73       
PG06 -21085.068763   1974.638056 -16045.901285   -374.520044  3  4  2  79       
PG07  -6679.365781 -14446.116345  21799.116383    -30.653329  1  3  4  89       
PG08   6409.470076 -21653.671520  13458.016652    521.411578  5  3  1  53       
PG09  -7522.503804 -24758.319296   5756.348087    667.808669  3  2  4  70       
PG10  24474.569784  10770.411902   -112.943663   -433.845319  7  4  5  67       
PG11 -23497.496199  10663.079706  -6112.677825   -707.433079  4  3  3  71       
PG12  -3076.210966  15467.916196 -21659.698631   -585.930826  7  2  4  84       
PG13 -13055.854526  13326.427645  18561.142443    701.191889  4  3  6  88       
PG14 -23474.298995 -12547.871067   2246.284363    650.363478  8  7  5  67       
PG15  -3501.186944  22524.371639  13002.599774    299.880366  5  3  5  96       
PG16  19743.073091  -3102.723375  17346.805307     23.272036  6  6  4  57       
PG17 -12541.843543 -15776.069639 -16789.595824    265.218884  6  6  4  75       
PG18   7774.837430  12800.271244  21958.235715   -620.646579  4  4  4  87       
PG19 -14861.364685  -6433.619971 -21253.896328    631.688252  7  7  5  75       
PG20 -23258.891539   3471.257047  12330.788491    364.319906  4  5  5  40       
PG22 -24112.163944  -9520.857739  -4592.106469   -103.076441  6  5  4  51       
PG23  16570.565610  16220.152453  13216.686914    482.941542  7  7  6  96       
PG24 -11554.814362  21351.782776 -10776.250861   -395.961730  6  4  6  77       
PG25   9731.171067  17719.161323 -17717.106407    486.441157  6  4  7  68       
PG26  25308.223238   1877.354368   8279.625241   -254.032949  5  5  4  62       
PG27  13027.939597 -10497.159237  20198.195436    -25.398376  2  4  2  71       
PG28  19741.211408    284.213045 -17773.149996   -615.849710  7  4  5  56       
PG29   4413.040773  25629.873420   4959.449870   -502.788715  4  4  3  84       
PG30 -16800.151095  -5843.168503  19975.497022   -136.186494  4  3  4  65       
PG31  23491.392023  -7206.820490 -10767.109155   -206.074052  4  5  4  53       
PG32  14590.230990  11381.047274 -18879.812390   -442.329034  5  5  5  72       
*  2025  5 25  9 30  0.00000000
PG01  11057.729438 -19840.616118 -13750.563292    271.340038  4  6  4  46       
PG02  16988.857443 -19839.849293  -2815.094343   -161.679416  3  5  4  72       
PG03   3777.242668 -14211.219961 -22306.697751    692.193808  7  5  8  62       
PG04   1641.218827 -25312.137832  -7580.316153    570.699493  4  4  3  76       
PG05 -16523.818079   8284.900247  18913.466054   -210.753431  4  5  4  83       
PG06 -19600.916926    714.742848 -17905.791416   -374.536798  3  5  2  84       
PG07  -4793.212048 -15855.311298  21257.361884    -30.655938  1  3  4  89       
PG08   6968.917057 -20026.081878  15556.965340    521.414142  4  3  1  75       
PG09  -7359.758614 -25303.554068   2953.321633    667.817488  3  3  4  72       
PG10  24304.292936  10859.743475   2774.296902   -433.855860  8  5  5  67       
PG11 -22936.162610   9971.641569  -8807.415104   -707.426879  4  3  3  62       
PG12  -5280.876570  14436.602989 -21945.874246   -585.932001  7  2  4  86       
PG13 -13176.810057  11073.894824  19912.991776    701.192208  4  3  6  72       
PG14 -22992.282717 -12646.997212   5012.550321    650.368265  7  6  4  84       
PG15  -4263.929002  20984.128166  15108.498291    299.884465  5  3  5  77       
PG16  21397.383761  -2102.991606  15513.957388     23.279928  6  5  4  50       
PG17 -12515.090049 -17668.653033 -14838.221321    265.203003  6  6  4  59       
PG18   5775.104699  14278.067637  21640.328105   -620.641879  4  4  4  89       
PG19 -14908.341962  -8781.563116 -20399.456763    631.691333  7  7  5  71       
PG20 -24452.481813   3000.254361   9875.017539    364.319995  5  5  5  55       
PG22 -24347.760764  -9957.789273  -1751.809536   -103.076265  6  5  4  65       
PG23  15008.431340  15778.389397  15419.502338    482.947443  6  7  6  62       
PG24 -12522.329507  21854.747297  -8247.312265   -395.954544  6  5  5  73       
PG25   7771.601632  17130.497024 -19208.651341    486.440042  6  4  7  79       
PG26  26005.946361   2395.349641   5662.743372   -254.048713  6  5  4  76       
PG27  13505.515908  -8107.898800  20995.413336    -25.397850  2  4  2  80       
PG28  18203.929371   1748.192644 -19266.589709   -615.853865  6  4  5  34       
PG29   4194.381264  26058.606842   2123.104101   -502.784399  4  3  4  87       
PG30 -15056.010102  -7348.732815  20834.004353   -136.177621  4  3  4  65       
PG31  22557.238656  -6250.054928 -13126.059726   -206.072923  4  5  4  73       
PG32  14788.683209  13484.386775 -17311.999267   -442.319509  5  5  5  81       
*  2025  5 25  9 45  0.00000000
PG01  12329.275553 -20551.687203 -11425.829217    271.351019  4  5  4  46       
PG02  17333.147381 -19801.879052     70.310828   -161.671252  3  5  4  83       
PG03   6149.086828 -13414.336827 -22261.733134    692.194661  6  4  8  70       
PG04   2043.206396 -24343.033195 -10208.205242    570.703640  4  5  4  59       
PG05 -18518.548645   7619.153824  17296.758557   -210.753930  4  5  5  73       
PG06 -18042.663463   -754.344886 -19457.471383   -374.553601  4  4  2  80       
PG07  -3036.917106 -17310.555024  20365.397358    -30.658949  1  3  4  91       
PG08   7660.906124 -18211.464520  17380.162710    521.416700  4  3  1  72       
PG09  -7152.849800 -25543.768855     99.205698    667.826224  3  3  4  74       
PG10  23834.790269  10854.952897   5614.891948   -433.866417  9  5  5  64       
PG11 -22181.375776   9063.900442 -11349.802192   -707.420674  4  4  3  71       
PG12  -7547.731184  13519.014979 -21864.213393   -585.933656  7  2  5  84       
PG13 -13425.450165   8697.261219  20912.788602    701.192094  4  3  5  76       
PG14 -22227.736370 -12668.291636   7694.033178    650.373086  7  6  4  66       
PG15  -5182.510024  19268.317471  16943.730832    299.888005  4  3  5  82       
PG16  22892.750045  -1282.847247  13412.679326     23.287555  6  5  3  76       
PG17 -12551.777674 -19321.225262 -12622.298847    265.187016  6  6  4  66       
PG18   3899.625880  15826.033072  20950.127793   -620.637118  4  4  4  91       
PG19 -15068.487915 -11005.585637 -19201.353773    631.694589  8  7  5  52       
PG20 -25384.296286   2630.044056   7248.935772    364.319684  5  5  5  29       
PG22 -24306.958886 -10249.322231   1119.350784   -103.076396  6  5  4  75       
PG23  13199.152565  15357.943417  17360.588542    482.953347  5  6  6  75       
PG24 -13271.711966  22185.572209  -5575.573008   -395.947349  6  5  5  61       
PG25   5642.780554  16599.650986 -20381.473837    486.438917  5  4  7  72       
PG26  26436.756745   2808.969201   2950.141291   -254.064402  6  6  4  69       
PG27  14116.726469  -5680.332230  21418.356432    -25.397272  3  4  2  70       
PG28  16635.829112   3393.682835 -20428.631522   -615.857980  6  4  6  50       
PG29   3956.730906  26176.250533   -750.121879   -502.780582  5  3  4  80       
PG30 -13329.114066  -8989.882069  21340.968934   -136.168815  4  4  4  73       
PG31  21482.828837  -5083.749242 -15265.995325   -206.071886  4  5  4  64       
PG32  15055.953078  15380.235409 -15442.937523   -442.309981  5  5  5  65       
*  2025  5 25 10  0  0.00000000
PG01  13355.277478 -21147.654352  -8904.239456    271.362012  3  5  3  61       
PG02  17465.364519 -19529.598542   2954.519230   -161.662780  3  5  4  81       
PG03   8538.515420 -12760.818282 -21840.051755    692.195479  5  3  7  62       
PG04   2562.793229 -23115.730761 -12658.725749    570.707834  4  5  4  70       
PG05 -20347.853503   7104.746086  15379.027752   -210.754705  4  5  6  89       
PG06 -16456.746911  -2420.298277 -20673.803027   -374.570331  4  4  3  84       
PG07  -1435.183564 -18773.856784  19136.102937    -30.661882  2  3  4  64       
PG08   8498.117917 -16253.032793  18895.829268    521.419285  4  3  2  70       
PG09  -6864.872449 -25484.534042  -2756.635068    667.834940  2  3  4  90       
PG10  23063.154777  10796.052350   8361.276126   -433.876885  9  5  6  73       
PG11 -21272.064541   7928.778561 -13695.832591   -707.414449  5  4  3  73       
PG12  -9832.401035  12731.791954 -21415.971132   -585.935067  7  2  5  87       
PG13 -13811.742478   6245.958115  21543.220596    701.192234  4  3  5  71       
PG14 -21182.543432 -12648.519594  10245.389568    650.377916  7  6  3  82       
PG15  -6264.336250  17420.134030  18474.404249    299.891626  4  3  4  93       
PG16  24189.156856   -629.572260  11080.623529     23.295233  6  5  3  79       
PG17 -12618.612194 -20706.128686 -10181.902329    265.171018  6  5  4  73       
PG18   2179.167202  17405.258496  19898.784079   -620.632363  4  4  4  84       
PG19 -15321.523569 -13064.717352 -17680.678734    631.697883  9  7  5  59       
PG20 -26030.472643   2329.387546   4497.669280    364.319902  5  4  6  54       
PG22 -23975.352518 -10429.661397   3970.936626   -103.076464  6  5  3  87       
PG23  11170.619622  14994.541128  19006.701195    482.959271  4  6  7  82       
PG24 -13816.594645  22309.662655  -2806.682268   -395.940163  6  5  4  74       
PG25   3380.253721  16153.060321 -21216.100841    486.437788  5  4  6  82       
PG26  26584.822151   3149.252748    187.807288   -254.080091  6  6  3  71       
PG27  14855.758485  -3264.821012  21460.602867    -25.396682  3  4  1  80       
PG28  15079.694627   5200.659655 -21239.265920   -615.862140  6  4  5  56       
PG29   3662.586742  25986.479360  -3610.329829   -502.776464  5  2  4  89       
PG30 -11656.960044 -10740.957605  21487.222081   -136.159969  4  4  4  67       
PG31  20309.292413  -3706.683231 -17151.333074   -206.070675  4  5  5  49       
PG32  15360.039189  17037.610623 -13305.981121   -442.300461  5  5  5  67       
*  2025  5 25 10 15  0.00000000
PG01  14140.157676 -21588.756351  -6229.213496    271.372978  3  5  3  84       
PG02  17417.602154 -19002.835638   5786.797187   -161.654538  4  6  4  69       
PG03  10895.829815 -12257.692275 -21048.314690    692.196296  5  3  7  88       
PG04   3224.943994 -21663.571315 -14889.393500    570.712008  4  5  4  89       
PG05 -21969.625396   6724.136613  13194.125199   -210.756005  5  4  6  71       
PG06 -14887.852716  -4262.182747 -21533.373214   -374.587074  5  4  2  75       
PG07     -5.883412 -20203.851791  17587.916794    -30.664759  2  3  4  72       
PG08   9485.519482 -14197.110455  20077.889173    521.421882  5  3  2  79       
PG09  -6461.273888 -25140.043898  -5564.913604    667.843631  2  3  4  56       
PG10  21995.328536  10723.451514  10967.627033   -433.887375  9  5  6 108       
PG11 -20250.120001   6563.488673 -15804.906727   -707.408261  5  4  3  64       
PG12 -12088.510060  12083.895560 -20608.392441   -585.936298  7  3  5  79       
PG13 -14337.322037   3771.144289  21793.697275    701.192463  4  3  5  85       
PG14 -19866.836294 -12624.113532  12623.436131    650.382880  6  5  2  85       
PG15  -7508.687803  15485.476210  19672.146418    299.895331  4  4  4  91       
PG16  25251.555565   -123.215459   8558.972942     23.302872  6  5  3  76       
PG17 -12678.951645 -21804.263297  -7560.988610    265.155444  6  5  4  71       
PG18    637.229037  18972.760311  18503.738102   -620.627664  4  4  4 102       
PG19 -15640.878062 -14923.241486 -15863.689188    631.701088  9  7  5  77       
PG20 -26375.188008   2063.552696   1668.634883    364.319609  5  5  6  61       
PG22 -23347.161552 -10535.899224   6753.322565   -103.076244  6  5  3  82       
PG23   8957.906631  14719.003092  20329.475868    482.965125  3  6  7  98       
PG24 -14177.414420  22197.394210     11.396977   -395.932991  5  5  4  82       
PG25   1024.250025  15810.980484 -21698.454715    486.436707  4  4  6  90       
PG26  26441.975665   3449.756469  -2577.698655   -254.095768  6  5  3  66       
PG27  15708.779705   -910.051981  21122.729539    -25.396097  4  4  1  90       
PG28  13575.030079   7141.599501 -21684.521138   -615.866290  6  5  5  87       
PG29   3276.257516  25501.869324  -6407.912715   -502.772327  5  1  3  78       
PG30 -10072.610760 -12570.120699  21269.558742   -136.151193  3  4  4  81       
PG31  19078.425155  -2125.645961 -18750.619830   -206.069324  4  5  5  74       
PG32  15664.962575  18433.340580 -10938.942314   -442.290944  5  5  4  90       
*  2025  5 25 10 30  0.00000000
PG01  14696.483805 -21838.361747  -3446.832193    271.384034  3  5  3  59       
PG02  17226.590659 -18209.363075   8517.926448   -161.646065  4  6  4  68       
PG03  13171.217950 -11903.511014 -19899.383339    692.197118  4  3  6  82       
PG04   4048.009700 -20025.725536 -16861.618515    570.716165  3  5  5  76       
PG05 -23347.401225   6452.859920  10780.451264   -210.756919  5  4  6  80       
PG06 -13377.246166  -6251.058338 -22020.894482   -374.603802  5  3  2  86       
PG07   1240.506566 -21557.228233  15744.694378    -30.667673  3  3  4  77       
PG08  10620.033647 -12091.400540  20906.415338    521.424555  5  4  3  47       
PG09  -5911.386083 -24532.496295  -8277.279041    667.852333  2  3  4  76       
PG10  20645.947719  10676.292446  13390.558494   -433.897971  9  5  6  68       
PG11 -19158.735588   4973.845566 -17640.546284   -707.402087  5  4  3  82       
PG12 -14269.237221  11576.351290 -19454.618480   -585.938125  7  3  5  83       
PG13 -14995.376280   1323.855798  21660.512238    701.192413  4  2  5  54       
PG14 -18298.742509 -12629.645870  14787.844553    650.387717  6  5  2  81       
PG15  -8906.517104  13511.191428  20514.742835    299.898886  3  4  3  83       
PG16  26051.091800    262.370287   5891.666879     23.310701  6  5  3  41       
PG17 -12694.451291 -22605.647412  -4806.501582    265.139469  5  5  4  57       
PG18   -710.709441  20483.054920  16788.468546   -620.622949  4  4  4  87       
PG19 -15994.780977 -16551.822449 -13781.354000    631.704041  9  6  5  87       
PG20 -26411.254572   1795.857593  -1189.281321    364.319298  6  5  5  69       
PG22 -22425.461620 -10606.340350   9418.583370   -103.076020  5  5  3  81       
PG23   6602.135738  14555.986035  21305.917277    482.971039  1  6  6  87       
PG24 -14380.498619  21825.458542   2829.226125   -395.925784  5  5  3  61       
PG25  -1381.604640  15586.717213 -21820.075549    486.435585  3  4  6  92       
PG26  26007.996910   3745.090089  -5299.980054   -254.111451  6  5  3  53       
PG27  16654.483151   1338.700873  20412.206047    -25.395519  4  4  1  61       
PG28  12156.622392   9182.358575 -21756.704464   -615.870453  5  5  5  61       
PG29   2765.459718  24743.371487  -9094.435756   -502.768436  5  1  3  47       
PG30  -8603.556648 -14440.381650  20690.837600   -136.142330  3  5  4  65       
PG31  17831.152084   -355.374524 -20037.007568   -206.068589  4  4  5  67       
PG32  15932.296578  19552.738833  -8383.371215   -442.281430  5  4  4  64       
*  2025  5 25 10 45  0.00000000
PG01  15044.299287 -21864.473102   -605.041019    271.394984  4  5  3  78       
PG02  16932.044389 -17145.432754  11101.076224   -161.638064  4  5  4  76       
PG03  15316.470077 -11688.467383 -18412.149378    692.197952  3  3  5  68       
PG04   5042.826817 -18245.730456 -18541.382543    570.720392  3  6  5  77       
PG05 -24451.649851   6260.677325   8180.239838   -210.758426  5  5  6  64       
PG06 -11961.243973  -8350.901228 -22127.501508   -374.620558  5  3  1  76       
PG07   2301.207702 -22790.267824  13635.483254    -30.670506  4  3  4  73       
PG08  11890.548150  -9983.223083  21367.939713    521.427193  6  4  3  74       
PG09  -5189.803801 -23691.176896 -10847.150922    667.861025  2  3  4  67       
PG10  19037.883092  10690.847136  15589.770527   -433.908547  9  5  7  73       
PG11 -18040.709599   3174.242597 -19171.034310   -707.395859  6  4  3  72       
PG12 -16328.901270  11202.290660 -17973.510541   -585.939543  7  3  6  76       
PG13 -15770.887604  -1046.824522  21146.862683    701.192485  5  2  4  57       
PG14 -16503.842981 -12696.377858  16701.795556    650.392583  5  4  1  64       
PG15 -10440.611739  11543.279313  20986.636455    299.902709  3  5  3  75       
PG16  26566.089429    558.273222   3124.614400     23.318224  6  5  3  64       
PG17 -12626.769124 -23109.607536  -1967.434903    265.123896  4  4  4  72       
PG18  -1857.632134  21889.854113  14782.125373   -620.618236  4  4  4  84       
PG19 -16347.546523 -17928.399722 -11468.842569    631.707282  9  6  5  68       
PG20 -26140.392489   1489.299550  -4026.580035    364.319055  6  5  5  80       
PG22 -21222.072546 -10678.812464  11921.316209   -103.076234  5  5  3  77       
PG23   4149.112961  14522.964072  21918.809193    482.976957  1  5  6  72       
PG24 -14456.898713  21177.992341   5596.800202   -395.918594  5  6  2  86       
PG25  -3791.697741  15486.116143 -21578.275515    486.434492  3  4  5  83       
PG26  25290.613368   4069.428578  -7933.522598   -254.127145  6  5  4  63       
PG27  17664.944660   3441.149099  19343.146417    -25.394914  4  4  1  80       
PG28  10853.297440  11283.314229 -21454.536328   -615.874632  5  5  5  40       
PG29   2102.776259  23739.471333 -11623.490485   -502.764480  5  1  3  57       
PG30  -7270.787893 -16310.837688  19759.990736   -136.133488  3  5  4  65       
PG31  16606.033082   1581.794372 -20988.669871   -206.067364  4  4  5  48       
PG32  16122.786011  20389.949705  -5683.786830   -442.271944  5  4  4  59       
*  2025  5 25 11  0  0.00000000
PG01  15210.169398 -21641.063959   2247.180231    271.405962  5  6  3  66       
PG02  16574.934933 -15815.971482  13492.588166   -161.629626  5  5  4  66       
PG03  17286.650186 -11594.837195 -16611.269217    692.198821  4  3  5  55       
PG04   6212.119519 -16369.869877 -19899.829004    570.724569  3  6  5  85       
PG05 -25260.791279   6112.953948   5438.784322   -210.758727  6  5  6  87       
PG06 -10669.885005 -10519.811288 -21850.936066   -374.637323  5  3  2  63       
PG07   3181.160728 -23860.450094  11294.205668    -30.673628  4  3  4  72       
PG08  13278.259814  -7917.795397  21455.626310    521.429834  6  4  3  55       
PG09  -4277.555129 -22651.285634 -13230.514489    667.869708  2  3  4  83       
PG10  17201.494125  10799.033259  17528.650869   -433.919046  8  5  7  46       
PG11 -16936.777200   1187.293432 -20369.969279   -707.389633  6  4  3  83       
PG12 -18224.517979  10947.293741 -16189.391536   -585.941084  8  3  5  64       
PG13 -16641.219957  -3295.502325  20262.729345    701.192638  5  3  4  13       
PG14 -14514.360574 -12850.937950  18332.583253    650.397440  4  4  1  46       
PG15 -12086.118646   9625.134388  21079.272864    299.906778  3  5  2  78       
PG16  26782.761764    799.104183    304.909810     23.325877  5  4  3  67       
PG17 -12439.257584 -23324.597424    906.121231    265.108010  3  4  4  80       
PG18  -2805.094368  23147.815922  12519.055047   -620.613495  4  4  3  88       
PG19 -16661.002652 -19038.820031  -8964.965129    631.710511  8  5  5  67       
PG20 -25573.167134   1108.204445  -6794.023640    364.318724  6  5  5  74       
PG22 -19757.118770 -10789.032040  14219.384224   -103.075901  4  5  3  80       
PG23   1647.783827  14629.489048  22157.037261    482.982806  3  5  5  73       
PG24 -14441.013507  20247.433005   8264.509565   -395.911516  4  6  2  68       
PG25  -6159.918749  15507.329217 -20976.222295    486.433424  2  4  5  93       
PG26  24305.224966   4455.051709 -10434.389056   -254.142797  6  5  5  64       
PG27  18706.750507   5363.335278  17935.932041    -25.394338  3  4  1  72       
PG28   9686.917389  13400.725137 -20783.174811   -615.878769  5  5  5  58       
PG29   1266.919654  22525.068553 -13951.505637   -502.760255  5  1  3  80       
PG30  -6088.112704 -18138.077582  18491.938950   -136.124646  2  5  4  55       
PG31  15437.862155   3656.549568 -21589.155364   -206.066096  4  4  5  67       
PG32  16197.990601  20947.957673  -2886.876176   -442.262384  4  4  4  74       
*  2025  5 25 11 15  0.00000000
PG01  15225.980543 -21149.195901   5060.666515    271.416939  5  6  3  71       
PG02  16195.763229 -14234.441359  15652.663748   -161.621369  5  5  4  80       
PG03  19041.661622 -11597.733911 -14526.803538    692.199676  4  3  5  58       
PG04   7550.228323 -14445.463451 -20913.755011    570.728752  3  6  5  72       
PG05 -25761.910507   5972.203230   2603.621359   -210.760218  6  5  6  36       
PG06  -9525.853369 -12711.460798 -21195.615127   -374.654121  5  1  2  75       
PG07   3892.754017 -24728.064852   8759.242019    -30.676345  5  3  4  86       
PG08  14757.334537  -5936.624705  21169.308739    521.432500  6  3  3  68       
PG09  -3163.019607 -21452.552836 -15386.663767    667.878383  3  4  4  73       
PG10  15173.623704  11027.099133  19174.823492   -433.929593  8  5  7  76       
PG11 -15884.037639   -956.847446 -21216.723109   -707.383372  6  4  3  84       
PG12 -19917.274968  10790.022286 -14131.705239   -585.942842  8  3  6  58       
PG13 -17577.021052  -5382.041873  19024.623832    701.192486  6  3  3  61       
PG14 -12368.107067 -13114.178927  19652.161472    650.402297  3  4  1  55       
PG15 -13811.408045   7795.908702  20791.278710    299.909847  3  5  1  75       
PG16  26695.632101   1021.471552  -2519.937548     23.333544  5  4  3  55       
PG17 -12098.570280 -23267.662994   3763.925189    265.091859  3  4  3  67       
PG18  -3562.990762  24214.282041  10038.223297   -620.608809  4  4  3  81       
PG19 -16896.014370 -19877.188686  -6311.570677    631.713226  7  5  5  72       
PG20 -24728.591250    619.829985  -9443.513108    364.318226  6  4  5  83       
PG22 -18058.287850 -10969.088061  16274.572240   -103.075627  4  5  2  76       
PG23   -851.435813  14876.760406  22015.817603    482.988713  4  5  5  65       
PG24 -14369.056099  19035.054278  10784.131083   -395.904340  4  6  2  80       
PG25  -8441.176903  15640.868787 -20022.948126    486.432372  1  4  4  86       
PG26  23074.363999   4930.962709 -12760.884065   -254.158499  5  5  5  60       
PG27  19742.341990   7078.701986  16216.722245    -25.393732  3  3  1  84       
PG28   8671.657476  15488.258737 -19754.130006   -615.882873  5  6  5  64       
PG29    243.750013  21140.123175 -16038.500067   -502.756434  6  2  2  86       
PG30  -5061.750060 -19877.703884  16907.409674   -136.115792  2  5  4  68       
PG31  14356.409108   5833.488147 -21827.673658   -206.065104  4  4  5  65       
PG32  16121.888671  21238.267230    -40.677303   -442.252836  3  3  3  61       
*  2025  5 25 11 30  0.00000000
PG01  15127.540121 -20377.871613   7786.920281    271.427932  6  6  4  73       
PG02  15832.898882 -12422.381434  17545.948074   -161.612898  4  4  4  76       
PG03  20547.648029 -11666.150852 -12193.763781    692.200539  4  3  5  43       
PG04   9043.174996 -12519.132268 -21565.997492    570.732979  3  6  5  67       
PG05 -25951.142120   5799.735828   -276.311178   -210.760798  7  5  5  54       
PG06  -8543.697444 -14876.729343 -20172.578892   -374.670925  5  2  3  76       
PG07   4455.257411 -25357.772788   6072.910385    -30.679121  5  3  4  80       
PG08  16295.850814  -4076.076025  20515.397743    521.435176  6  4  3  71       
PG09  -1842.559562 -20137.699914 -17278.880663    667.887108  3  4  4  61       
PG10  12996.368452  11394.523134  20500.639845   -433.940205  7  5  7  78       
PG11 -14914.538357  -3221.459161 -21696.795113   -707.377134  6  4  3  86       
PG12 -21373.871024  10703.123630 -11834.594110   -585.944262  9  2  5  65       
PG13 -18543.398739  -7272.909756  17455.213668    701.192556  5  3  3  43       
PG14 -10107.225036 -13500.257068  20637.623916    650.407135  3  3  1  62       
PG15 -15579.238197   6089.069115  20128.467936    299.913721  3  5  1  71       
PG16  26307.656605   1262.407776  -5302.749351     23.341090  5  4  4  55       
PG17 -11576.118879 -22963.584488   6556.499220    265.076177  2  3  3  77       
PG18  -4148.989427  25050.932205   7382.544150   -620.604059  4  4  3  72       
PG19 -17014.048035 -20445.930030  -3552.908645    631.716575  7  4  5  39       
PG20 -23633.406118     -4.142261 -11928.949661    364.318009  6  4  6  74       
PG22 -16159.823628 -11246.099156  18053.148915   -103.076229  4  5  2  76       
PG23  -3298.392970  15257.524022  21496.824971    482.994572  4  5  4  75       
PG24 -14277.428980  17551.148178  13109.822131   -395.897149  4  6  2  74       
PG25 -10592.896992  15869.951443 -18733.280618    486.431317  1  3  4  86       
PG26  21626.910774   5521.633961 -14874.183097   -254.174173  5  5  6  58       
PG27  20731.516535   8568.848809  14216.870752    -25.393168  3  3  2  64       
PG28   7813.589757  17498.627899 -18385.069438   -615.887027  5  6  5  65       
PG29   -972.991589  19628.122796 -17848.764580   -502.752004  6  2  2  81       
PG30  -4190.215815 -21485.918096  15032.655610   -136.106951  3  5  4  69       
PG31  13385.348425   8072.228031 -21699.309016   -206.063776  4  4  5  59       
PG32  15862.380430  21280.271943   2806.239101   -442.243289  3  3  3  72       
*  2025  5 25 11 45  0.00000000
PG01  14953.032152 -19324.590166  10378.952588    271.438855  6  6  4  82       
PG02  15521.048270 -10408.658715  19142.008251   -161.604617  4  4  4  80       
PG03  21778.175531 -11764.254824  -9651.568951    692.201423  4  3  5  46       
PG04  10669.060054 -10635.108991 -21845.707853    570.737196  4  7  4  60       
PG05 -25833.715035   5557.346853  -3151.525915   -210.762314  8  5  5  70       
PG06  -7729.376925 -16965.461837 -18799.317916   -374.687749  5  2  3  68       
PG07   4893.971640 -25720.051547   3280.840174    -30.682146  5  3  4  75       
PG08  17856.983565  -2366.168729  19506.667351    521.437839  5  3  3  58       
PG09   -320.841586 -18750.804760 -18875.039944    667.895814  3  4  4  64       
PG10  10715.666576  11913.165826  21483.608586   -433.950741  7  5  7  77       
PG11 -14054.071243  -5564.485874 -21802.055998   -707.370911  5  3  3  83       
PG12 -22567.670248  10654.375836  -9336.397436   -585.946045  9  2  5  77       
PG13 -19501.319368  -8942.242086  15582.837987    701.192612  5  4  2  65       
PG14  -7776.768784 -14015.969269  21271.610255    650.411981  3  4  1  75       
PG15 -17348.166986   4531.213771  19103.677296    299.917234  3  5  1  78       
PG16  25630.052738   1557.804508  -7997.392575     23.348769  5  4  4  70       
PG17 -10849.324348 -22443.739736   9235.996339    265.060763  2  3  3  91       
PG18  -4587.653197  25625.288166   4598.126628   -620.599348  4  4  2  81       
PG19 -16978.722490 -20755.556112   -734.960133    631.719964  6  4  4  76       
PG20 -22321.069282   -786.287176 -14207.063924    364.318143  6  4  6  91       
PG22 -14101.298856 -11641.090329  19526.332855   -103.075688  4  5  2  80       
PG23  -5644.930508  15756.307478  20608.215265    483.000460  4  5  3  81       
PG24 -14201.078831  15814.835457  15199.088240   -395.889954  4  6  3  91       
PG25 -12576.441453  16171.124394 -17127.691344    486.430244  2  2  4  87       
PG26  19997.092948   6245.923149 -16738.920344   -254.189842  4  5  6  83       
PG27  21633.020888   9823.956660  11972.267211    -25.392609  3  4  2  71       
PG28   7110.589502  19385.274383 -16699.517583   -615.891200  5  6  4  76       
PG29  -2381.261988  18034.432095 -19351.461469   -502.747953  5  3  2  77       
PG30  -3464.510610 -22921.110167  12899.073707   -136.098110  3  5  4  69       
PG31  12541.414837  10328.714948 -21205.156636   -206.062570  3  4  5  69       
PG32  15392.635730  21100.342402   5605.576280   -442.233739  3  2  3  78       
*  2025  5 25 12  0  0.00000000
PG01  14741.389535 -17995.582374  12792.097593    271.449866  7  5  5  67       
PG02  15289.904420  -8228.465873  20415.707789   -161.596443  3  4  4  75       
PG03  22715.148959 -11852.884859  -6943.417931    692.202323  4  3  5  60       
PG04  12398.775921  -8833.658094 -21748.512054    570.741341  4  7  4  70       
PG05 -25423.660121   5208.975249  -5972.832159   -210.763222  8  4  5  67       
PG06  -7080.156944 -18928.281036 -17099.481005   -374.704552  4  2  3  76       
PG07   5239.115705 -25792.464386    431.241804    -30.684994  5  3  4  90       
PG08  19400.376547   -829.643944  18161.930669    521.440530  5  3  3  71       
PG09   1389.162812 -17335.634828 -20148.131584    667.904496  4  5  4  64       
PG10   8379.750982  12586.705165  22106.759501   -433.961306  6  5  7  85       
PG11 -13321.227566  -7939.977261 -21530.878184   -707.364700  5  3  3  75       
PG12 -23479.626582  10608.035315  -6679.072695   -585.947528  9  2  5  63       
PG13 -20409.168015 -10372.597956  13440.928784    701.192470  5  4  2  69       
PG14  -5423.174678 -14660.375233  21542.630631    650.416889  3  4  1  67       
PG15 -19074.144462   3141.198593  17736.439299    299.920670  4  5  2  75       
PG16  24681.845829   1940.910757 -10559.456330     23.356505  5  4  5  67       
PG17  -9902.617644 -21744.741905  11757.003648    265.045030  3  3  3  89       
PG18  -4909.281918  25912.005119   1733.452975   -620.594641  3  4  2  87       
PG19 -16757.293358 -20824.151838   2095.255546    631.723133  5  4  4  67       
PG20 -20830.488145  -1742.343108 -16238.195614    364.318048  6  4  6  77       
PG22 -11926.217989 -12168.125155  20670.662814   -103.075451  3  5  3  75       
PG23  -7846.554586  16349.986587  19364.538589    483.006351  4  4  3  92       
PG24 -14171.906090  13853.504796  17013.694120   -395.882779  4  6  3  93       
PG25 -14358.407867  16515.157631 -15232.058356    486.429182  3  1  4  75       
PG26  18223.303194   7116.197580 -18323.730476   -254.205550  3  5  6  84       
PG27  22406.170974  10842.873126   9522.622846    -25.392056  3  4  2  57       
PG28   6552.567502  21104.034784 -14726.454307   -615.895388  4  6  4  77       
PG29  -3970.622109  16404.589672 -20521.132614   -502.744032  5  3  2  86       
PG30  -2868.606764 -24145.391793  10542.726025   -136.089323  4  6  4  77       
PG31  11833.818424  12556.681119 -20352.376231   -206.061496  3  4  5  69       
PG32  14692.238421  20730.672058   8310.094458   -442.224255  2  3  3  88       
*  2025  5 25 12 15  0.00000000
PG01  14530.646975 -16405.716601  14984.785883    271.460853  7  5  5  75       
PG02  15163.021870  -5922.109988  21347.481060   -161.588275  4  3  4  66       
PG03  23349.423859 -11891.200834  -4115.584463    692.203239  4  3  5  19       
PG04  14197.006498  -7149.666622 -21276.555278    570.745527  4  7  4  44       
PG05 -24743.196178   4722.271556  -8692.162388   -210.764262  8  4  4  71       
PG06  -6584.854324 -20718.383144 -15102.468147   -374.721334  4  2  3  76       
PG07   5524.487462 -25560.691209  -2425.920959    -30.687497  5  3  4  85       
PG08  20883.645786    518.667494  16505.618037    521.443208  5  3  3  70       
PG09   3266.496148 -15934.011348 -21076.693700    667.913204  4  5  4  64       
PG10   6037.519935  13410.376295  22358.937046   -433.971929  5  6  6  73       
PG11 -12726.747666 -10299.682043 -20888.150962   -707.358477  5  3  3  62       
PG12 -24098.941150  10526.339822  -3907.544614   -585.948895  9  2  4  78       
PG13 -21224.405465 -11555.375871  11067.353871    701.192697  5  4  2  68       
PG14  -3092.675969 -15424.721965  21445.301481    650.421762  4  4  1  49       
PG15 -20712.212672   1929.608238  16052.506833    299.924622  3  5  2  78       
PG16  23489.154741   2440.944352 -12946.887156     23.364245  5  5  5  59       
PG17  -8728.157092 -20906.911688  14077.270548    265.029258  3  3  3  89       
PG18  -5148.521894  25893.896551  -1161.495460   -620.589951  3  4  1  86       
PG19 -16322.018734 -20676.593841   4890.393136    631.726741  4  3  4  60       
PG20 -19204.549767  -2880.390900 -17987.007929    364.318013  5  4  6  59       
PG22  -9680.504446 -12833.718543  21468.274148   -103.075393  4  5  2  71       
PG23  -9863.972438  17008.665196  17786.540641    483.012246  3  4  3  95       
PG24 -14217.303751  11701.899695  18520.488429   -395.875567  4  6  4  93       
PG25 -15911.753334  16868.175459 -13077.339361    486.428075  4  1  4  61       
PG26  16346.775553   8137.697758 -19601.739240   -254.221239  3  5  6  81       
PG27  23012.434948  11632.866301   6910.718441    -25.391520  3  4  3  65       
PG28   6122.018915  22614.725075 -12499.818779   -615.899536  4  6  4  76       
PG29  -5722.472483  14782.618433 -21338.109120   -502.739790  4  4  2  77       
PG30  -2380.219624 -25126.013315   8003.766242   -136.080520  4  5  4  72       
PG31  11263.944190  14709.206739 -19154.157637   -206.060046  3  4  5  66       
PG32  13748.087998  20207.927524  10874.360231   -442.214729  2  4  2  74       
*  2025  5 25 12 30  0.00000000
PG01  14356.339313 -14578.078259  16919.262982    271.471788  7  5  5  75       
PG02  15156.949312  -3533.641344  21923.513652   -161.579786  4  3  3  74       
PG03  23681.086750 -11838.419629  -1216.644123    692.204149  4  3  5  45       
PG04  16023.472970  -5611.458481 -20438.432610    570.749718  5  7  4  69       
PG05 -23821.821684   4070.015009 -11263.366270   -210.764875  8  3  4  68       
PG06  -6224.426651 -22293.245210 -12842.915331   -374.738140  4  2  3  79       
PG07   5785.945309 -25019.267863  -5239.844040    -30.690882  5  3  4  83       
PG08  22263.953345   1672.159757  14567.271269    521.445870  4  2  2  64       
PG09   5282.840325 -14584.266147 -21645.150880    667.921902  5  5  4  64       
PG10   3736.880737  14371.027920  22235.018679   -433.982526  5  6  6  85       
PG11 -12273.189660 -12594.732773 -19885.181137   -707.352259  4  3  4  64       
PG12 -24423.423506  10371.112604  -1068.988170   -585.950388  8  3  4  82       
PG13 -21905.254854 -12490.884171   8503.698223    701.192743  4  4  3  78       
PG14   -829.720033 -16292.677061  20980.486302    650.426629  4  4  1  73       
PG15 -22218.235648    898.588227  14083.248652    299.927970  3  5  2  87       
PG16  22084.244886   3081.861855 -15120.579945     23.371982  5  5  5  69       
PG17  -7326.242218 -19972.647451  16158.353835    265.013615  4  2  3  83       
PG18  -5342.798954  25562.649144  -4036.146814   -620.585236  3  4  2  89       
PG19 -15651.357814 -20343.528888   7603.506311    631.729213  4  3  4  73       
PG20 -17488.505301  -4200.339156 -19423.122032    364.317856  5  3  6  73       
PG22  -7410.928229 -13636.544392  21907.085104   -103.075276  4  4  1  72       
PG23 -11664.440166  17696.837675  15900.852177    483.018107  2  4  3  92       
PG24 -14358.894806   9400.890475  19692.114964   -395.868406  4  6  5 100       
PG25 -17216.701310  17192.991510 -10699.153314    486.427003  4  1  4  65       
PG26  14410.165445   9308.163811 -20550.997749   -254.236882  3  5  6  76       
PG27  23416.920247  12209.066906   4181.631412    -25.390982  3  4  3  78       
PG28   5794.866992  23882.582890 -10057.927100   -615.903684  4  6  3  59       
PG29  -7610.607379  13209.414290 -21788.817529   -502.735920  4  4  3  81       
PG30  -1971.837121 -25836.606757   5325.778081   -136.071685  5  5  4  85       
PG31  10825.351996  16740.330359 -17629.593439   -206.059190  2  5  5  67       
PG32  12555.028761  19571.755484  13255.453686   -442.205221  1  4  2  77       
*  2025  5 25 12 45  0.00000000
PG01  14250.008091 -12543.238998  18562.240437    271.482744  7  5  6  66       
PG02  15280.642393  -1109.374065  22135.835417   -161.571491  4  3  3  53       
PG03  23719.388455 -11655.571467   1703.355182    692.205162  4  3  5  52       
PG04  17834.376511  -4239.875903 -19249.009116    570.753901  5  6  3  42       
PG05 -22695.149823   3231.327755 -13642.960758   -210.765928  8  3  5  70       
PG06  -5972.880770 -23616.176234 -10360.080632   -374.754954  4  2  3  67       
PG07   6059.770450 -24171.989149  -7959.863878    -30.693719  5  3  3  82       
PG08  23499.590159   2632.445437  12380.968061    521.448507  4  2  2  49       
PG09   7403.424008 -13319.848474 -21844.054293    667.930639  5  5  4  63       
PG10   1523.123644  15447.497153  21736.052903   -433.993129  4  6  5  80       
PG11 -11954.928731 -14777.356813 -18539.481892   -707.346033  4  3  4  63       
PG12 -24459.537918  10105.407932   1787.946137   -585.952111  8  4  3  66       
PG13 -22412.351738 -13188.070330   5794.500338    701.192718  4  4  3  44       
PG14   1324.553026 -17240.865915  20155.335802    650.431477  4  4  1  70       
PG15 -23550.583308     42.036959  11864.938612    299.931555  4  5  3  71       
PG16  20504.383001   3881.326077 -17044.922477     23.379634  5  5  5  59       
PG17  -5705.416235 -18984.757599  17966.174846    264.997540  4  2  3  81       
PG18  -5530.639421  24919.197125  -6840.262556   -620.580566  4  4  2  65       
PG19 -14730.958723 -19860.145715  10188.778352    631.732493  4  2  4  79       
PG20 -15728.273960  -5693.737374 -20521.659061    364.317092  5  3  6  70       
PG22  -5163.529426 -14567.442010  21980.897421   -103.075232  4  4  1  61       
PG23 -13222.866411  18374.791777  13739.568463    483.023971  2  4  3 104       
PG24 -14611.528537   6995.985394  20507.586961   -395.861177  5  5  5  94       
PG25 -18261.392389  17450.602406  -8137.269788    486.425913  5  2  4  59       
PG26  12456.081730  10617.740153 -21154.855001   -254.252509  3  5  6  82       
PG27  23589.711780  12593.629140   1381.956851    -25.390453  3  5  3  73       
PG28   5541.568554  24879.512020  -7442.813467   -615.907855  4  6  3  40       
PG29  -9602.064735  11721.274080 -21865.979683   -502.732043  5  4  3  89       
PG30  -1611.970107 -26258.202807   2555.034664   -136.062870  5  5  4  68       
PG31  10504.082559  18606.650674 -15803.454359   -206.058297  2  4  5  72       
PG32  11116.186821  18863.202044  15413.626019   -442.195692  1  5  2  70       
*  2025  5 25 13  0  0.00000000
PG01  14237.874805 -10338.243587  19885.468244    271.493749  8  5  6  74       
PG02  15535.168816   1303.648804  21982.333391   -161.563084  5  3  3  69       
PG03  23482.328678 -11307.206655   4593.765499    692.206112  4  3  5  76       
PG04  19583.981444  -3047.660904 -17729.134551    570.758071  5  6  3  58       
PG05 -21403.533067   2192.642348 -15790.826340   -210.767087  8  2  5  72       
PG06  -5798.464035 -24657.649948  -7697.143253   -374.771746  4  3  3  50       
PG07   6380.978728 -23031.944192 -10536.482878    -30.696499  5  3  3  83       
PG08  24551.508532   3409.035877   9984.690484    521.451126  4  3  2  26       
PG09   9588.177380 -12168.133097 -21670.221388    667.939367  5  5  4  59       
PG10   -562.616651  16611.294213  20869.311768   -434.003801  4  6  5  93       
PG11 -11758.485510 -16802.547721 -16874.454609   -707.339989  4  2  4  82       
PG12 -24222.127210   9695.134724   4613.954212   -585.953385  7  4  2  67       
PG13 -22710.294829 -13663.927081   2986.459615    701.192703  4  4  4  62       
PG14   3333.712617 -18239.696467  18983.223104    650.436300  4  4  2  73       
PG15 -24671.697995   -653.860632   9437.963694    299.935336  4  4  3  79       
PG16  18790.533181   4849.903642 -18688.291985     23.387493  5  5  5  75       
PG17  -3882.261098 -17984.817721  19471.486619    264.982020  4  2  3  77       
PG18  -5749.948429  23973.739780  -9524.856776   -620.575866  4  4  2  61       
PG19 -13554.397855 -19264.781502  12602.251069    631.736039  5  2  4  86       
PG20 -13968.734155  -7343.925040 -21263.679001    364.316688  4  3  6  78       
PG22  -2982.091246 -15609.715322  21689.416023   -103.074908  4  3  1  57       
PG23 -14522.626430  19000.199027  11339.723093    483.029844  2  4  4  82       
PG24 -14982.582909   4535.648640  20952.706611   -395.853941  5  5  5  87       
PG25 -19042.248314  17601.787235  -5435.007582    486.424818  5  3  3  56       
PG26  10525.621388  12049.164947 -21402.262889   -254.268153  3  5  6  81       
PG27  23507.016096  12814.649386  -1440.964711    -25.389914  3  5  4  87       
PG28   5328.437820  25585.081075  -4699.506109   -615.912061  3  6  2  43       
PG29 -11658.238074  10348.617461 -21568.705154   -502.727780  5  5  3  88       
PG30  -1266.575878 -26379.977288   -260.309434   -136.054050  5  5  4  81       
PG31  10279.264332  20268.860427 -13705.864268   -206.056709  2  5  5  61       
PG32   9443.005561  18123.102106  17312.901601   -442.186174  1  5  2  74       
*  2025  5 25 13 15  0.00000000
PG01  14339.732652  -8005.353428  20866.218843    271.504765  7  5  6  83       
PG02  15913.708275   3659.193767  21466.691563   -161.554717  5  4  3  64       
PG03  22995.904069 -10762.983325   7404.238197    692.207091  5  3  5  82       
PG04  21226.277638  -2039.157619 -15905.259495    570.762256  5  6  2  62       
PG05 -19990.530447    948.388463 -17670.841004   -210.768139  8  2  5  67       
PG06  -5665.089953 -25396.366033  -4900.429312   -374.788477  4  3  3  71       
PG07   6781.657569 -21621.169036 -12922.411476    -30.699629  5  3  3  76       
PG08  25384.748745   4018.727794   7419.650880    521.453755  5  3  2  31       
PG09  11793.090879 -11149.473089 -21126.774357    667.948077  5  5  4  47       
PG10  -2484.756149  17827.577658  19648.252677   -434.014342  4  6  4  85       
PG11 -11663.169249 -18629.633102 -14918.970156   -707.333806  4  2  4  77       
PG12 -23733.819018   9110.593676   7359.934697   -585.954846  7  5  2  82       
PG13 -22769.040367 -13942.604912    127.629781    701.192556  4  4  4  74       
PG14   5167.266277 -19254.443753  17483.571096    650.441108  5  4  2  76       
PG15 -25549.480692  -1209.791067   6845.976570    299.938837  5  4  3  67       
PG16  16985.937646   5990.517927 -20023.502246     23.395065  4  5  5  81       
PG17  -1880.899773 -17011.611249  20650.251255    264.966100  5  2  3  86       
PG18  -6036.316965  22745.400936 -12043.091021   -620.571130  4  4  2  79       
PG19 -12123.640430 -18597.410575  14802.543431    631.739048  5  2  4  86       
PG20 -12252.069945  -9126.510983 -21636.508294    364.316824  3  4  6  63       
PG22   -906.712893 -16739.709839  21038.192603   -103.074928  4  3  2  82       
PG23 -15556.051843  19529.831187   8742.663132    483.035785  3  4  4  73       
PG24 -15471.604603   2069.502611  21020.318302   -395.846731  5  5  5  88       
PG25 -19564.028026  17608.753399  -2638.546650    486.423712  5  4  3  56       
PG26   8656.958141  13578.241715 -21288.007635   -254.283789  4  5  5  88       
PG27  23152.075145  12904.888585  -4239.802156    -25.389403  3  5  4  83       
PG28   5119.136628  25987.237749  -1875.250481   -615.916241  3  6  2  83       
PG29 -13736.207101   9114.949544 -20902.476924   -502.724022  6  5  4  89       
PG30   -900.598817 -26199.692714  -3071.078950   -136.045300  5  5  4  87       
PG31  10124.004553  21693.153321 -11371.873370   -206.055754  2  4  5  84       
PG32   7554.980475  17390.496274  18921.619430   -442.176630  1  5  3  81       
*  2025  5 25 13 30  0.00000000
PG01  14568.099920  -5590.594953  21487.674631    271.515749  7  5  6  75       
PG02  16401.840760   5913.328875  20598.263824   -161.546541  5  5  3  72       
PG03  22293.046026  -9999.070121  10085.633031    692.208122  5  4  5 132       
PG04  22716.658505  -1210.343976 -13808.961076    570.766403  5  6  2  75       
PG05 -18501.275064   -498.624703 -19251.444725   -210.768825  8  2  5  53       
PG06  -5533.940125 -25819.997608  -2018.579855   -374.805246  4  3  2  71       
PG07   7289.406201 -19969.919932 -15073.594991    -30.702593  4  4  3  78       
PG08  25969.709861   4484.725374   4729.587597    521.456495  5  4  2  72       
PG09  13971.727255 -10276.531508 -20223.077805    667.956818  5  5  5  67       
PG10  -4214.460906  19056.390243  18092.384668   -434.024921  4  6  5  93       
PG11 -11642.009252 -20223.679347 -12706.857850   -707.327614  4  2  4  73       
PG12 -23024.132037   8327.864648   9977.864717   -585.956590  6  5  2  80       
PG13 -22565.090653 -14054.270406  -2733.387926    701.192745  4  3  4  71       
PG14   6801.665659 -20246.555801  15681.570839    650.445957  5  5  2  75       
PG15 -26158.444948  -1652.207517   4135.017812    299.942539  5  4  3  82       
PG16  15134.628686   7298.175117 -21028.199438     23.403050  5  5  5  83       
PG17    267.770254 -16099.706921  21483.929312    264.950549  5  2  3  82       
PG18  -6421.427773  21261.544445 -14351.125495   -620.566433  5  5  3  74       
PG19 -10449.200574 -17898.068141  16751.550341    631.742272  5  2  4  84       
PG20 -10616.238342 -11010.163816 -21633.950575    364.316819  2  4  6  82       
PG22   1027.471805 -17927.644177  20038.497482   -103.074736  5  2  2  81       
PG23 -16324.573884  19921.335015   5993.335245    483.041633  4  4  4  71       
PG24 -16070.300760   -353.502990  20710.391043   -395.839606  5  5  5  87       
PG25 -19839.565750  17436.764718    203.839444    486.422575  5  4  2  73       
PG26   6884.035621  15174.580937 -20812.861359   -254.299353  4  5  5 100       
PG27  22515.822530  12900.348733  -6967.962746    -25.388902  3  5  4  87       
PG28   4876.272517  26082.711036    981.306722   -615.920427  2  6  3  83       
PG29 -15790.235947   8036.101412 -19879.032526   -502.719958  7  5  5  82       
PG30   -479.565716 -25723.812546  -5827.974587   -136.036509  5  5  4  87       
PG31  10006.536169  22852.447282  -8840.930275   -206.054800  2  4  5  74       
PG32   5479.104164  16701.131032  20212.909637   -442.167145  1  5  3  94       
*  2025  5 25 13 45  0.00000000
PG01  14927.667845  -3142.168587  21739.212674    271.526783  7  5  6  89       
PG02  16978.108651   8025.822208  19391.885555   -161.538248  6  5  3  79       
PG03  21412.287858  -8999.304096  12590.918273    692.209016  6  4  5 118       
PG04  24013.551003   -549.188588 -11476.387582    570.770587  5  6  1  40       
PG05 -16980.802463  -2137.142640 -20506.128675   -210.770177  7  2  5  57       
PG06  -5365.177216 -25925.595710    898.322102   -374.821988  4  3  3  74       
PG07   7925.955448 -18115.590587 -16950.191296    -30.705416  3  4  3  91       
PG08  26283.221837   4835.535259   1960.041884    521.459104  5  5  3  61       
PG09  16076.830964  -9553.915743 -18974.577204    667.965553  5  5  5  70       
PG10  -5730.603422  20254.115253  16227.035106   -434.035489  4  5  5  86       
PG11 -11662.937020 -21556.680218 -10276.311734   -707.321429  5  2  4  70       
PG12 -22128.312610   7329.985108  12421.678116   -585.957759  5  5  3  81       
PG13 -22082.436238 -14033.757869  -5548.239581    701.192684  4  3  5  78       
PG14   8221.048544 -21175.132818  13607.792030    650.450792  6  4  3  79       
PG15 -26480.599152  -2012.017009   1352.631036    299.946136  6  4  3  69       
PG16  13279.920101   8759.973294 -21685.204448     23.410721  4  6  5  74       
PG17   2527.080193 -15278.219545  21959.684229    264.934479  5  1  3  88       
PG18  -6931.625860  19556.774201 -16408.908692   -620.561703  5  5  3  76       
PG19  -8549.988931 -17205.265559  18415.110857    631.745250  6  2  3  73       
PG20  -9093.617657 -12957.681628 -21256.377539    364.316915  1  4  5  78       
PG22   2791.389491 -19138.665726  18707.123606   -103.074529  5  3  2  73       
PG23 -16838.511890  20134.993938   3139.495050    483.047514  5  4  4  46       
PG24 -16762.878634  -2686.872532  20029.932474   -395.832408  5  5  6  78       
PG25 -19889.193582  17055.685317   3042.620025    486.421446  4  3  3  75       
PG26   5235.413414  16802.589920 -19983.647526   -254.314985  4  5  5  85       
PG27  21597.264662  12838.756742  -9580.288483    -25.388385  3  5  4  65       
PG28   4563.041834  25877.085884   3820.958434   -615.924641  2  6  3  75       
PG29 -17773.382253   7119.774948 -18516.144269   -502.716210  7  6  5  65       
PG30     28.830374 -24967.279299  -8482.486589   -136.027723  5  5  4 100       
PG31   9891.581034  23727.372284  -6156.256350   -206.053698  2  4  5  73       
PG32   3249.041710  16086.094531  21165.101270   -442.157632  1  6  3  85       
*  2025  5 25 14  0  0.00000000
PG01  15415.064243   -708.779170  21616.582147    271.537791  7  5  5  75       
PG02  17614.830657   9961.403699  17867.628193   -161.530087  6  6  3  85       
PG03  20396.212992  -7756.053282  14876.042509    692.209892  6  5  5  84       
PG04  25079.936423    -36.316578  -8947.632182    570.774751  6  5  1  68       
PG05 -15472.400646  -3947.717483 -21413.844318   -210.770957  6  2  5  66       
PG06  -5119.699259 -25719.635635   3799.647878   -374.838743  5  4  2  87       
PG07   8706.036757 -16101.316285 -18517.465163    -30.708480  3  4  2  89       
PG08  26309.384061   5103.678500   -842.373881    521.461672  4  5  3  79       
PG09  18061.975490  -8978.127256 -17402.540879    667.974295  5  6  5  68       
PG10  -7020.436098  21375.103721  14083.013892   -434.046117  5  5  6  85       
PG11 -11690.172051 -22608.484859  -7669.225082   -707.315268  5  2  4  57       
PG12 -21085.944044   6107.867244  14648.127657   -585.958959  4  5  4  82       
PG13 -21313.221163 -13919.067604  -8269.590678    701.193049  4  3  5  85       
PG14   9417.685064 -21998.523563  11297.688946    650.455620  6  5  3  84       
PG15 -26506.031298  -2323.120225  -1453.008383    299.949934  6  5  3  86       
PG16  11462.927334  10355.396388 -21982.798607     23.418462  5  6  4  82       
PG17   4855.791374 -14569.792900  22070.505343    264.919014  5  1  3  89       
PG18  -7586.711990  17671.660372 -18180.889392   -620.556833  6  5  4  85       
PG19  -6452.846447 -16554.455838  19763.634076    631.748592  6  2  3  73       
PG20  -7709.889291 -14927.298030 -20510.699603    364.316788  1  4  5  85       
PG22   4362.901740 -20334.093832  17066.125863   -103.074254  5  3  3  83       
PG23 -17116.513338  20135.404670    230.854451    483.053370  5  4  4  63       
PG24 -17526.712165  -4888.218119  18992.743349   -395.825209  6  5  6  90       
PG25 -19739.864375  16441.373325   5827.898672    486.420295  4  3  3  90       
PG26   3733.310323  18422.679894 -18813.214199   -254.330626  5  5  5  87       
PG27  20403.578614  12758.009925 -12033.714804    -25.387900  3  4  4  67       
PG28   4144.853254  25384.547472   6594.788123   -615.928808  2  6  4  73       
PG29 -19639.156725   6365.406844 -16837.303407   -502.712125  7  6  6  72       
PG30    653.224709 -23952.962017 -10987.804839   -136.018996  5  5  4  88       
PG31   9741.879403  24306.978293  -3364.128827   -206.052591  2  4  5  81       
PG32    904.065240  15570.635563  21762.057873   -442.148126  2  5  3  81       
*  2025  5 25 14 15  0.00000000
PG01  16018.941921   1662.048415  21121.971894    271.548775  6  5  5  76       
PG02  18279.139066  11690.851756  16050.500019   -161.521710  6  6  3  79       
PG03  19289.745948  -6270.745030  16900.758669    692.210797  6  5  5  76       
PG04  25884.705310    354.043331  -6266.046704    570.778843  6  5  2  48       
PG05 -14016.041267  -5903.267762 -21959.328499   -210.772005  6  2  5  77       
PG06  -4760.864215 -25217.704667   6635.124862   -374.855466  5  4  2  86       
PG07   9636.558790 -13974.325722 -19746.567097    -30.711282  2  4  2  68       
PG08  26040.144172   5324.268385  -3630.707619    521.464244  4  6  4  75       
PG09  19883.187828  -8537.827902 -15533.709349    667.983035  5  5  5  42       
PG10  -8079.950834  22373.414643  11696.174005   -434.056711  5  5  6  82       
PG11 -11685.756633 -23367.431007  -4930.465063   -707.309101  5  3  4  76       
PG12 -19939.381815   4660.910897  16617.611642   -585.960736  4  5  4  95       
PG13 -20258.111161 -13749.768035 -10851.866316    701.192976  4  3  5  72       
PG14  10392.107558 -22675.976765   8791.007831    650.460440  7  5  3  82       
PG15 -26233.183813  -2620.867173  -4233.933639    299.953170  6  5  3  80       
PG16   9721.165256  12056.886547 -21914.948937     23.425781  5  6  5  89       
PG17   7209.451333 -13989.835365  21815.253272    264.902877  5  2  3  82       
PG18  -8399.007727  15651.244623 -19636.637243   -620.552113  6  5  4  88       
PG19  -4191.774247 -15976.608117  20772.670009    631.751838  6  2  2  83       
PG20  -6483.195497 -16874.172337 -19410.218483    364.316600  1  4  5  78       
PG22   5727.431347 -21472.808635  15142.498267   -103.074377  5  4  3  81       
PG23 -17184.666467  19892.999404  -2681.816246    483.059242  6  5  4  63       
PG24 -18333.299235  -6920.716014  17619.026901   -395.818013  6  5  6  90       
PG25 -19424.004243  15576.862018   8510.341978    486.419153  4  2  3  82       
PG26   2392.883559  19992.650431 -17320.309711   -254.346127  5  5  4  85       
PG27  18949.927600  12694.636872 -14287.887777    -25.387383  3  3  4  70       
PG28   3590.867774  24627.305161   9255.015697   -615.932852  2  6  4  72       
PG29 -21343.171296   5764.354814 -14871.314224   -502.708099  7  6  6  79       
PG30   1417.218391 -22710.793188 -13299.704303   -136.010210  5  5  4  89       
PG31   9519.826831  24589.128693   -513.082494   -206.051564  2  4  5  74       
PG32  -1512.215730  15173.207125  21993.437593   -442.138627  2  5  2  77       
*  2025  5 25 14 30  0.00000000
PG01  16720.388224   3925.604231  20263.967389    271.559832  6  5  5  81       
PG02  18934.206046  13191.871393  13970.095286   -161.513346  5  6  4  83       
PG03  18138.355333  -4554.035013  18629.381348    692.211762  6  5  5  81       
PG04  26403.796499    652.868375  -3477.506960    570.783007  6  5  2  34       
PG05 -12646.948228  -7969.925410 -22133.341471   -210.772506  6  3  5  78       
PG06  -4256.115354 -24443.845360   9355.725885   -374.872233  5  4  2  82       
PG07  10716.134585 -11784.116147 -20615.168598    -30.714220  2  4  2  86       
PG08  25475.600177   5533.506305  -6358.390703    521.466830  3  6  4  50       
PG09  21500.490180  -8214.412457 -13399.856896    667.991819  4  5  5  58       
PG10  -8913.904655  23204.603702   9106.869358   -434.067240  5  4  6  79       
PG11 -11611.179540 -23830.660597  -2107.100325   -707.302962  5  3  4  74       
PG12 -18732.076627   2997.281313  18294.944990   -585.961772  4  5  4  90       
PG13 -18926.355329 -13565.360689 -13251.951629    701.192937  3  2  5  52       
PG14  11152.915981 -23169.281862   6131.104480    650.465226  7  5  3  93       
PG15 -25668.818804  -2940.491641  -6943.181966    299.956869  6  5  3  86       
PG16   8087.271206  13830.680136 -21481.468079     23.434019  4  6  4  92       
PG17   9541.857392 -13546.030195  21198.631248    264.887590  5  3  3  81       
PG18  -9372.728715  13543.385742 -20751.360812   -620.547351  6  5  4  87       
PG19  -1806.881188 -15496.947989  21423.412026    631.755150  6  2  2  81       
PG20  -5423.604159 -18752.004736 -17974.366211    364.316627  2  5  4  84       
PG22   6878.320289 -22512.739540  12967.790950   -103.074104  5  4  3  82       
PG23 -17075.320526  19385.349951  -5547.612866    483.065096  5  4  4  68       
PG24 -19149.460775  -8754.308333  15934.871857   -395.810791  6  5  5  78       
PG25 -18978.137096  14453.272823  11042.125182    486.417979  3  2  3  86       
PG26   1221.775216  21469.203359 -15529.356397   -254.361793  5  5  4  95       
PG27  17259.003529  12682.325533 -16305.736838    -25.386944  3  2  4  79       
PG28   2875.394538  23634.718649  11755.823437   -615.936954  2  6  5  65       
PG29 -22844.714861   5300.397187 -12651.804985   -502.704076  7  6  6  66       
PG30   2338.217958 -21276.629099 -15377.384739   -136.001357  4  5  4  92       
PG31   9189.152783  24580.556485   2346.956709   -206.050537  2  4  5  73       
PG32  -3953.284885  14904.768737  21854.874581   -442.129106  3  5  2  78       
*  2025  5 25 14 45  0.00000000
PG01  17493.639711   6041.516807  19057.398175    271.570836  5  5  5  72       
PG02  19540.619688  14449.736401  11660.192919   -161.505103  5  6  4  81       
PG03  16986.242554  -2625.606815  20031.459812    692.212674  6  5  6  77       
PG04  26621.078512    894.954547   -629.641485    570.787103  6  5  3  61       
PG05 -11394.354859 -10108.139710 -21932.815454   -210.773231  5  2  5  90       
PG06  -3578.442563 -23429.582340  11914.529182   -374.888927  5  4  2  91       
PG07  11934.983897  -9580.537710 -21107.931773    -30.716925  2  5  2  51       
PG08  24624.018112   5767.149397  -8979.945807    521.469340  3  6  4  79       
PG09  22879.301688  -7982.865827 -11037.271393    668.000579  4  5  5  53       
PG10  -9535.503579  23827.491501   6359.313669   -434.077834  6  4  6  78       
PG11 -11429.025423 -24004.107190    752.405184   -707.296760  5  3  4  83       
PG12 -17506.853595   1133.834519  19650.055191   -585.963074  4  5  4  68       
PG13 -17335.542349 -13403.666932 -15429.845847    701.192981  3  2  5  79       
PG14  11716.264013 -23444.332401   3364.183420    650.470071  7  5  3  88       
PG15 -24827.685645  -3315.584542  -9535.534847    299.960736  5  4  3  69       
PG16   6587.898310  15637.884169 -20688.103237     23.441314  4  6  4  77       
PG17  11806.578293 -13238.133616  20231.085576    264.871724  4  3  3  79       
PG18 -10503.689697  11397.012860 -21506.314777   -620.542612  7  5  4  90       
PG19    656.917803 -15133.916258  21703.117219    631.758093  6  3  2  88       
PG20  -4532.899048 -20514.712793 -16228.337243    364.316682  3  5  4  89       
PG22   7816.907073 -23412.404144  10577.668533   -103.073944  5  5  3  85       
PG23 -16825.661380  18598.198875  -8316.428912    483.070966  5  4  4  79       
PG24 -19938.723692 -10366.606831  13971.630798   -395.803571  6  5  5  78       
PG25 -18441.335383  13070.414684  13377.871708    486.416837  3  2  4  83       
PG26    219.948447  22809.531566 -13470.119568   -254.377322  5  5  4  78       
PG27  15360.314147  12750.567274 -18054.000716    -25.386382  4  1  4  85       
PG28   1979.087472  22442.160409  14054.147424   -615.941081  2  6  5  90       
PG29 -24108.198414   4950.525638 -10216.663610   -502.700302  7  6  6  60       
PG30   3426.527684 -19690.880128 -17184.244447   -135.992562  4  5  5  98       
PG31   8716.571124  24296.574322   5165.589517   -206.049407  3  4  4  88       
PG32  -6371.261846  14768.373349  21348.078540   -442.119538  3  4  2  79       
*  2025  5 25 15  0  0.00000000
PG01  18307.074129   7975.107499  17523.078724    271.581820  5  6  4  78       
PG02  20057.866200  15457.674480   9158.305243   -161.496929  5  6  5  73       
PG03  15874.591156   -513.607899  21082.350908    692.213585  6  4  6  78       
PG04  26528.941332   1117.386180   2228.964228    570.791197  5  5  3  59       
PG05 -10280.494233 -12273.999031 -21360.911925   -210.774226  5  2  5  83       
PG06  -2707.621882 -22212.673084  14267.532936   -374.905712  5  3  2  89       
PG07  13275.215312  -7411.877884 -21216.798636    -30.720037  2  5  2  43       
PG08  23501.566763   6059.003693 -11451.673157    521.471891  2  5  4  64       
PG09  23991.647951  -7812.872848  -8486.159436    668.009335  4  5  6  49       
PG10  -9965.750390  24205.840329   3500.847069   -434.088343  6  4  5  74       
PG11 -11104.585987 -23902.157138   3599.018497   -707.290626  4  3  4  80       
PG12 -16304.219111   -904.311769  20658.584672   -585.964577  5  5  4  84       
PG13 -15511.062366 -13299.293507 -17349.264354    701.193062  3  3  5  67       
PG14  12105.044483 -23472.547485    538.472731    650.474866  6  5  3  91       
PG15 -23731.912879  -3776.661359 -11968.195845    299.964254  5  4  3  65       
PG16   5242.820195  17435.761721 -19546.547790     23.448915  4  6  5  77       
PG17  13958.483504 -13058.065099  18928.637822    264.855421  4  4  2  80       
PG18 -11779.350801   9260.356223 -21889.090879   -620.537858  7  5  4  91       
PG19   3151.408446 -14898.392119  21605.431147    631.761364  5  3  2  93       
PG20  -3804.700939 -22118.103818 -14202.622198    364.316418  3  5  4  95       
PG22   8552.319486 -24132.446447   8011.411262   -103.074243  5  5  3  74       
PG23 -16476.100979  17526.174074 -10939.873984    483.076803  6  5  4  95       
PG24 -20662.823869 -11743.471135  11765.217077   -395.796355  6  5  5  81       
PG25 -17853.560925  11437.037103  15475.562063    486.415714  2  2  4  89       
PG26   -620.174664  23972.923075 -11177.271002   -254.392934  5  5  4  86       
PG27  13289.239539  12923.461488 -19503.704283    -25.385773  4  1  3  80       
PG28    889.895495  21089.658727  16110.420565   -615.945019  2  5  5  80       
PG29 -25104.416364   4686.000212  -7607.406723   -502.695966  6  6  7  65       
PG30   4684.734297 -17996.967904 -18688.569507   -135.983727  4  5  5  75       
PG31   8073.331589  23760.444388   7892.892871   -206.048483  3  4  4  84       
PG32  -8718.504039  14759.055510  20480.849282   -442.109988  3  4  3  73       
*  2025  5 25 15 15  0.00000000
PG01  19124.441216   9698.524559  15687.447338    271.592783  5  6  4  86       
PG02  20445.871221  16216.981130   6505.176823   -161.488469  5  5  5  74       
PG03  14839.949375   1746.256568  21763.678622    692.214494  5  4  5  79       
PG04  26128.577298   1357.920839   5049.575820    570.795331  5  5  3  58       
PG05  -9319.859174 -14420.723645 -20426.986430   -210.774841  6  3  5  93       
PG06  -1631.185079 -20835.633735  16374.409899   -374.922434  4  3  2  85       
PG07  14711.472466  -5323.036078 -20941.093682    -30.722957  3  5  2  38       
PG08  22131.779820   6439.495106 -13732.309387    521.474452  2  5  4  72       
PG09  24817.132787  -7670.139173  -5789.984993    668.018079  4  4  6  50       
PG10 -10232.476035  24309.869534    581.120594   -434.098806  6  4  5  65       
PG11 -10607.370841 -23546.998769   6383.970216   -707.284401  3  4  4  91       
PG12 -15160.766953  -3084.548133  21302.383113   -585.965736  5  5  4  83       
PG13 -13485.295135 -13282.230369 -18978.183897    701.193130  4  3  5  66       
PG14  12347.805675 -23232.091607  -2296.649219    650.479663  6  5  3  83       
PG15 -22410.154710  -4349.872523 -14201.401783    299.967789  4  4  3  82       
PG16   4064.282952  19179.186893 -18074.368803     23.456516  4  7  5  80       
PG17  15955.229944 -12990.285488  17312.650716    264.840140  4  4  2  82       
PG18 -13179.200618   7179.225234 -21893.790040   -620.533113  6  5  4  93       
PG19   5626.734776 -14793.217820  21130.604270    631.764606  5  3  2  86       
PG20  -3224.911831 -23521.478389 -11932.453374    364.316235  4  5  4  72       
PG22   9100.987293 -24637.122341   5311.360450   -103.074092  5  6  3  82       
PG23 -16068.547123  16173.156489 -13372.159107    483.082688  6  5  5  75       
PG24 -21283.263405 -12879.249497   9355.343675   -395.789150  6  5  5  76       
PG25 -17253.966591   9570.719405  17297.387031    486.414541  2  2  4  68       
PG26  -1313.273014  24922.317775  -8689.848766   -254.408560  5  5  4  66       
PG27  11085.889348  13218.720242 -20630.584027    -25.385195  4  2  3  77       
PG28   -396.271256  19620.374099  17889.254293   -615.949190  2  5  6  87       
PG29 -25811.577548   4473.626291  -4868.491489   -502.692447  6  6  7  67       
PG30   6107.410911 -16239.673997 -19864.122420   -135.974893  4  5  5  84       
PG31   7236.603807  23002.429488  10480.379019   -206.047243  3  4  4  87       
PG32 -10949.211987  14864.027600  19267.003399   -442.100446  4  3  2  86       
*  2025  5 25 15 30  0.00000000
PG01  19906.284664  11191.614371  13582.109428    271.603765  4  6  4  82       
PG02  20666.550572  16736.855569   3744.233411   -161.480314  4  5  5  67       
PG03  13912.812900   4111.935786  22063.669961    692.215453  5  4  5  80       
PG04  25429.941341   1653.350847   7784.118345    570.799410  5  5  3  84       
PG05  -8518.759298 -16500.276786 -19146.460288   -210.775674  6  4  5  87       
PG06   -345.082302 -19344.099291  18199.189335   -374.939148  4  4  2  91       
PG07  16211.909870  -3353.872249 -20287.441673    -30.725648  3  5  2  68       
PG08  20544.764403   6934.367711 -15783.653477    521.477029  2  4  4  66       
PG09  25343.635150  -7517.873657  -2994.750897    668.026824  3  4  6  66       
PG10 -10369.088435  24117.543727  -2348.787899   -434.109331  6  4  5  68       
PG11  -9912.459901 -22967.685589   9059.579765   -707.278221  3  4  4  80       
PG12 -14107.751686  -5367.855399  21569.875912   -585.967330  5  4  4  84       
PG13 -11296.553633 -13376.629425 -20289.326604    701.193144  4  3  5  71       
PG14  12477.441943 -22708.840980  -5091.556933    650.484511  6  5  3  91       
PG15 -20896.528942  -5055.898111 -16198.965422    299.971723  4  4  4  66       
PG16   3056.633390  20822.222485 -16294.843750     23.464095  4  7  5  76       
PG17  17758.657348 -13012.450156  15409.529146    264.824142  4  5  2  77       
PG18 -14675.458137   5195.400362 -21521.075763   -620.528350  6  5  3  84       
PG19   8033.145388 -14813.050804  20285.588802    631.767858  5  4  2  73       
PG20  -2772.461976 -24689.103713  -9457.173479    364.316176  4  6  4 100       
PG22   9485.888281 -24895.680840   2522.310220   -103.073931  5  6  3  96       
PG23 -15644.625140  14552.285401 -15570.929859    483.088614  6  6  5  84       
PG24 -21762.857419 -13776.685125   6784.726380   -395.781934  6  5  5  60       
PG25 -16679.233023   7497.395433  18810.520766    486.413349  1  2  4  81       
PG26  -1880.396012  25625.753628  -6050.618176   -254.424133  5  5  4  75       
PG27   8793.797851  13646.906531 -21415.459397    -25.384598  4  3  3  81       
PG28  -1875.185679  18078.968095  19360.047199   -615.953321  2  5  6  87       
PG29 -26216.067847   4277.205120  -2046.580339   -502.688282  5  6  7  76       
PG30   7681.152801 -14463.449387 -20690.617012   -135.966087  4  5  5  68       
PG31   6190.631304  22058.561720  12881.940389   -206.046143  3  4  4  87       
PG32 -13020.981142  15063.180563  17726.210465   -442.090890  4  3  2  83       
*  2025  5 25 15 45  0.00000000
PG01  20611.500222  12442.497343  11243.293000    271.614783  4  6  4  88       
PG02  20685.319096  17033.959844    920.981376   -161.471920  4  4  5  65       
PG03  13116.466090   6536.501850  21977.360098    692.216358  5  4  5  77       
PG04  24451.392469   2037.903487  10385.972757    570.803630  5  5  3  51       
PG05  -7875.192273 -18465.036527 -17540.599274   -210.776234  5  4  5  87       
PG06   1145.986559 -17785.083300  19710.855473   -374.955798  4  4  2  86       
PG07  17739.447601  -1537.802090 -19269.510474    -30.728612  4  5  2  63       
PG08  18776.182762   7563.554706 -17571.154301    521.479618  3  4  4  68       
PG09  25567.703975  -7318.376250   -148.233553    668.035572  4  4  7  29       
PG10 -10413.085765  23615.575559  -5237.309478   -434.119836  6  5  5  54       
PG11  -9001.645504 -22198.950143  11580.059921   -707.272031  3  4  4  87       
PG12 -13169.890606  -7710.155271  21456.298385   -585.968390  5  4  4  81       
PG13  -8987.819986 -13599.806560 -21260.578794    701.193336  4  3  5  77       
PG14  12529.712164 -21897.054774  -7797.291406    650.489334  5  4  3  82       
PG15 -19229.388039  -5909.060201 -17928.749589    299.975187  4  4  4  84       
PG16   2216.244407  22319.766981 -14236.700243     23.471812  4  7  5  81       
PG17  19336.045947 -13096.316162  13250.357195    264.808514  4  5  2  68       
PG18 -16234.063252   3345.199763 -20778.111327   -620.523572  6  5  3  85       
PG19  10322.759803 -14944.556386  19084.006947    631.771036  5  4  3  69       
PG20  -2420.327905 -25591.501129  -6819.540045    364.316465  4  6  4  85       
PG22   9735.549867 -24883.591350   -309.151596   -103.073996  5  6  3  94       
PG23 -15243.924991  12685.601317 -17498.029735    483.094514  6  6  5  81       
PG24 -22067.209708 -14446.504669   4098.271772   -395.774738  6  5  4  43       
PG25 -16162.014231   5250.530168  19987.791257    486.412183  1  2  3  75       
PG26  -2347.967031  26057.641395  -3305.342033   -254.439736  5  5  3  68       
PG27   6458.498952  14210.932957 -21844.546698    -25.383996  4  4  3  73       
PG28  -3534.272846  16509.927835  20497.510211   -615.957490  2  5  6  79       
PG29 -26312.916006   4059.103094    810.230736   -502.684112  5  6  7  70       
PG30   9384.942911 -12710.755247 -21154.069960   -135.957258  4  5  6  61       
PG31   4927.602253  20969.178782  15054.755792   -206.044924  3  4  4  85       
PG32 -14896.243998  15329.874939  15883.736824   -442.081340  3  3  2  75       
*  2025  5 25 16  0  0.00000000
PG01  21198.969706  13447.827364   8711.225701    271.625746  4  6  3  67       
PG02  20472.505711  17131.710710  -1917.641212   -161.463616  4  4  5  78       
PG03  12466.128576   8969.814467  21506.663233    692.217270  5  4  4  85       
PG04  23219.030034   2541.740333  12810.748839    570.807826  4  5  4  43       
PG05  -7379.035599 -20269.468351 -15636.200142   -210.776617  5  5  5  79       
PG06   2828.582961 -16205.205166  20883.853727   -374.972502  5  4  2  89       
PG07  19253.241649     99.303696 -17907.595498    -30.731645  4  5  2  52       
PG08  16866.041203   8340.262105 -19064.454169    521.482212  3  5  4  78       
PG09  25494.634759  -7034.671009   2700.817687    668.044315  4  4  7  24       
PG10 -10404.393075  22800.095394  -8033.351613   -434.130403  6  5  5 100       
PG11  -7864.320450 -21279.814424  13902.287790   -707.265749  3  5  5  89       
PG12 -12364.445525 -10063.874061  20963.789108   -585.969903  5  3  3  80       
PG13  -6605.317127 -13961.501957 -21875.340688    701.193310  4  3  5  59       
PG14  12541.647350 -20799.722047 -10366.464036    650.494203  5  4  3  75       
PG15 -17449.968268  -6916.677874 -19363.073956    299.979059  4  4  3  64       
PG16   1531.748553  23629.212146 -11933.753780     23.479284  4  8  5  81       
PG17  20661.193808 -13208.874543  10870.471865    264.792332  4  5  2  57       
PG18 -17815.914736   1658.273507 -19678.385434   -620.518849  5  4  3  71       
PG19  12451.283202 -15166.939787  17545.984361    631.774233  5  5  2  73       
PG20  -2136.779511 -26206.499873  -4064.978646    364.315939  4  6  4  84       
PG22   9882.837211 -24583.570670  -3135.349311   -103.073933  5  6  3  94       
PG23 -14902.345653  10603.341534 -19120.178175    483.100353  6  6  5  81       
PG24 -22166.062809 -14906.717016   1342.267927   -395.767520  6  5  4  45       
PG25 -15729.561587   2869.981547  20808.228683    486.411067  2  2  2  71       
PG26  -2746.557313  26199.811940   -501.971712   -254.455322  4  6  3  72       
PG27   4126.027199  14905.840258 -21909.711460    -25.383394  4  5  3  82       
PG28  -5352.905800  14955.910783  21282.099516   -615.961646  2  5  6  68       
PG29 -26105.945020   3781.880621   3653.209009   -502.680013  5  6  7  82       
PG30  11190.830640 -11020.503503 -21247.022961   -135.948365  4  5  6  63       
PG31   3448.196000  19777.289449  16960.133937   -206.043833  3  4  4  87       
PG32 -16543.548634  15631.997356  13770.095951   -442.071804  3  2  2  85       
*  2025  5 25 16 15  0.00000000
PG01  21629.207706  14212.725824   6029.443999    271.636704  4  6  3  72       
PG02  20004.623541  17059.322574  -4723.959383   -161.455232  4  4  5  83       
PG03  11968.440727  11360.313530  20660.309100    692.218143  4  4  4  84       
PG04  21765.749375   3189.612542  15017.023179    570.812027  4  5  4  71       
PG05  -7012.553899 -21871.737387 -13465.186864   -210.777800  5  5  5  86       
PG06   4680.880979 -14648.953491  21698.497992   -374.989214  5  4  3  94       
PG07  20710.298520   1539.876088 -16228.067597    -30.734669  4  5  3  67       
PG08  14857.326604   9270.298799 -20237.882403    521.484805  3  5  3  80       
PG09  25138.223463  -6632.121544   5503.504077    668.053099  5  5  7  52       
PG10 -10383.590666  21676.953937 -10687.275128   -434.140889  6  6  6  64       
PG11  -6498.077886 -20252.050177  15986.530039   -707.259574  3  5  5  94       
PG12 -11700.623217 -12379.654133  20101.339985   -585.971261  5  3  3  78       
PG13  -4196.964892 -14463.425519 -22122.803116    701.193425  3  3  5  76       
PG14  12549.913754 -19428.568965 -12754.130764    650.499037  4  3  4  62       
PG15 -15600.963714  -8078.681540 -20479.056445    299.982759  4  4  3  70       
PG16    984.579873  24712.048899  -9424.440392     23.486750  4  8  6  75       
PG17  21715.275955 -13313.671547   8308.974201    264.776515  3  5  3  67       
PG18 -19378.305749    156.668477 -18241.432749   -620.514082  5  4  3  54       
PG19  14379.597638 -15452.801316  15697.846305    631.777370  4  5  3  82       
PG20  -1886.806022 -26520.018582  -1240.798467    364.315956  4  5  3  79       
PG22   9963.567126 -23986.368342  -5908.266316   -103.073866  5  6  4  92       
PG23 -14650.604210   8342.918252 -20409.550248    483.106225  6  6  5  80       
PG24 -22034.475868 -15181.659870  -1436.407143   -395.760302  6  6  4  60       
PG25 -15402.587646    400.595951  21257.476186    486.409926  3  3  2  76       
PG26  -3109.477947  26042.288207   2310.225837   -254.470939  4  6  2  65       
PG27   1841.393943  15718.866945 -21608.654466    -25.382796  3  5  3  78       
PG28  -7303.017141  13456.173586  21700.350025   -615.965804  3  5  6  80       
PG29 -25607.602852   3409.918897   6433.795252   -502.675852  5  7  7  84       
PG30  13064.893951  -9426.660351 -20968.633319   -135.939555  4  5  6  69       
PG31   1761.779057  18526.838347  18564.271749   -206.042687  3  3  4  94       
PG32 -17938.624214  15933.247381  11420.605636   -442.062277  3  3  2  82       
*  2025  5 25 16 30  0.00000000
PG01  21865.957329  14750.393686   3244.046269    271.647687  4  6  3  78       
PG02  19265.446212  16850.628742  -7450.297711   -161.446896  5  5  5  65       
PG03  11621.306760  13656.866354  19453.648498    692.219055  5  5  4  85       
PG04  20130.051688   3999.723293  16967.031195    570.816175  3  4  4  77       
PG05  -6751.205296 -23235.200485 -11064.119617   -210.779140  5  6  5  96       
PG06   6673.343490 -13157.051542  22141.274395   -375.005896  5  5  3  94       
PG07  22067.159067   2775.039167 -14262.709695    -30.737647  4  5  3  60       
PG08  12794.536275  10351.679151 -21070.892601    521.487445  4  6  3  81       
PG09  24520.205437  -6079.966247   8211.610770    668.061853  5  5  7  60       
PG10 -10390.109001  20261.639257 -13151.856650   -434.151251  6  6  6  81       
PG11  -4908.999850 -19158.547880  17797.111014   -707.253364  3  5  5  93       
PG12 -11179.318944 -14608.141137  18884.604879   -585.972443  5  3  3  78       
PG13  -1810.773295 -15099.105027 -21998.147232    701.193446  3  3  5  59       
PG14  12589.199820 -17803.725486 -14918.617086    650.503857  4  2  4  66       
PG15 -13725.072524  -9387.495072 -21258.891398    299.986698  4  4  3  71       
PG16    549.812068  25535.357600  -6751.243640     23.494446  4  8  6  75       
PG17  22487.453340 -13372.275883   5608.178821    264.760227  3  6  3  65       
PG18 -20876.500221  -1145.804150 -16492.457247   -620.509365  5  4  3  78       
PG19  16075.161123 -15769.283575  13571.678055    631.780535  4  6  2  72       
PG20  -1633.664392 -26526.546802   1604.616100    364.315877  4  5  3  73       
PG22  10014.994715 -23091.275640  -8580.325498   -103.073673  4  6  4  75       
PG23 -14512.969204   5947.621792 -21344.247706    483.112111  6  6  5  86       
PG24 -21653.792676 -15300.838569  -4191.047395   -395.753113  6  5  4  56       
PG25 -15194.419828  -2109.401397  21328.052419    486.408807  3  2  2  83       
PG26  -3471.247007  25583.744593   5081.587032   -254.486627  2  6  2  70       
PG27   -352.910320  16629.812649 -20945.025836    -25.382189  3  6  3  81       
PG28  -9350.003363  12045.145276  21745.103964   -615.969931  3  5  6  80       
PG29 -24838.477984   2910.982798   9104.415210   -502.671823  4  7  7  54       
PG30  14968.443204  -7957.067916 -20324.634353   -135.930697  4  5  6  70       
PG31   -113.759641  17260.945179  19838.907588   -206.041315  3  3  4  84       
PG32 -19065.190264  16194.610030   8874.853923   -442.052723  4  3  2  66       
*  2025  5 25 16 45  0.00000000
PG01  21877.673223  15081.417439    402.902487    271.658621  5  6  3  67       
PG02  18246.845383  16542.717052 -10049.751999   -161.438569  5  5  5  68       
PG03  11414.098852  15810.594836  17908.334360    692.219957  5  5  5  89       
PG04  18354.651956   4982.841060  18627.302702    570.820322  3  4  4  79       
PG05  -6564.719248 -24329.721564  -8473.620957   -210.779481  5  6  4  91       
PG06   8769.695868 -11764.986078  22205.038762   -375.022598  5  5  3  92       
PG07  23281.577176   3804.633408 -12047.969171    -30.740643  4  5  3  78       
PG08  10722.151099  11574.515893 -21548.436700    521.490086  4  6  3  82       
PG09  23669.399167  -5352.713085  10778.435979    668.070583  6  5  7  74       
PG10 -10460.467994  18578.807090 -15383.211958   -434.161689  6  7  7  96       
PG11  -3111.622944 -18041.656470  19303.013326   -707.247155  3  5  5 105       
PG12 -10793.211950 -16701.771996  17335.572788   -585.974018  5  3  4  75       
PG13    506.771702 -15854.045032 -21502.663166    701.193648  3  4  5  57       
PG14  12690.694157 -15953.065339 -16822.276023    650.508705  4  1  5  68       
PG15 -11863.562250 -10828.186377 -21690.066528    299.990238  4  4  3  85       
PG16    197.268336  26073.119904  -3960.018756     23.501925  3  8  6  75       
PG17  22975.206715 -13345.843238   2813.003622    264.745095  3  6  4  69       
PG18 -22265.389096  -2243.878861 -14461.867408   -620.504610  5  4  3  64       
PG19  17513.152889 -16079.465467  11204.755590    631.783618  4  5  2  74       
PG20  -1340.489729 -26229.310319   4422.624267    364.315391  5  4  3  62       
PG22  10074.226309 -21906.331753 -11105.193364   -103.073963  4  6  5  77       
PG23 -14506.267873   3465.102371 -21908.654097    483.118000  5  6  5  87       
PG24 -21012.371692 -15297.606298  -6875.841944   -395.745894  6  6  4  91       
PG25 -15110.479938  -4610.150499  21019.460417    486.407692  3  3  2  60       
PG26  -3865.995964  24831.629453   7762.995669   -254.502261  1  6  2  43       
PG27  -2418.335744  17611.688484 -19928.461024    -25.381621  2  6  3  80       
PG28 -11453.887597  10751.199436  21415.630974   -615.974062  3  5  6  77       
PG29 -23826.516913   2257.660012  11619.279900   -502.667660  4  7  7  65       
PG30  16859.415480  -6632.528874 -19327.170338   -135.921904  5  5  6  68       
PG31  -2152.527597  16020.194754  20761.852913   -206.040184  4  3  4  79       
PG32 -19915.474789  16375.960806   6176.077734   -442.043196  4  3  2  57       
*  2025  5 25 17  0  0.00000000
PG01  21638.834426  15232.796508  -2445.166033    271.669567  5  6  3  75       
PG02  16949.350379  16174.424519 -12476.987168   -161.430434  5  6  4  75       
PG03  11328.210422  17776.609545  16051.887722    692.220879  5  5  6  93       
PG04  16484.936289   6141.698397  19969.231147    570.824515  3  4  4  79       
PG05  -6418.407652 -25132.759037  -5737.725198   -210.780447  5  7  4  86       
PG06  10928.158884 -10501.753860  21889.106883   -375.039275  5  5  4  85       
PG07  24314.123441   4636.885033  -9624.152943    -30.743413  3  5  3  78       
PG08   8683.104863  12921.211887 -21661.268554    521.492733  4  7  3  94       
PG09  22620.586125  -4431.338429  13159.601720    668.079332  6  5  7  72       
PG10 -10626.637710  16661.441053 -17341.656153   -434.172125  6  7  7  96       
PG11  -1128.581744 -16941.556825  20478.401518   -707.240951  3  5  5 101       
PG12 -10527.206042 -18616.489266  15482.115409   -585.975066  5  4  4  83       
PG13   2712.273562 -16706.194240 -20643.783517    701.193818  3  4  4  63       
PG14  12880.717491 -13911.246958 -18432.163147    650.513511  4  2  5  79       
PG15 -10054.899669 -12378.879514 -21765.520100    299.994127  4  3  3  72       
PG16   -107.134417  26307.293269  -1099.220553     23.509381  3  8  5  55       
PG17  23184.378701 -13196.724434    -29.697472    264.729101  3  6  4  44       
PG18 -23501.163432  -3140.815708 -12184.733144   -620.499883  4  5  4  73       
PG19  18677.313237 -16343.945447   8638.857193    631.787096  3  5  2  79       
PG20   -971.905610 -25640.116110   7165.144847    364.315413  4  3  2  82       
PG22  10176.617437 -20448.210687 -13438.595772   -103.073365  4  5  5  87       
PG23 -14639.204881    945.692257 -22093.669603    483.123882  5  6  4  85       
PG24 -20106.059382 -15207.737465  -9446.553253   -395.738729  6  6  4  62       
PG25 -15148.109762  -7051.958860  20338.142752    486.406623  4  3  2  82       
PG26  -4325.883654  23801.941160  10306.829263   -254.517887  1  5  2  71       
PG27  -4321.564108  18631.638132 -18574.532257    -25.380983  2  6  3  79       
PG28 -13570.696521   9595.672113  20717.637898   -615.978176  4  5  6  68       
PG29 -22605.971851   1428.620762  13935.162149   -502.663611  4  7  7  80       
PG30  18693.901253  -5466.186891 -17994.513668   -135.913085  5  4  6  73       
PG31  -4321.478827  14841.051412  21317.390120   -206.039339  4  3  3  73       
PG32 -20490.416305  16437.743249   3370.460458   -442.033705  4  3  2  69       
*  2025  5 25 17 15  0.00000000
PG01  21131.036137  15236.730326  -5251.222883    271.680483  5  7  3  76       
PG02  15382.398625  15784.743320 -14689.049520   -161.422082  5  6  4  75       
PG03  11337.932375  19515.582714  13917.160308    692.221813  5  5  6  93       
PG04  14567.325748   7470.700586  20969.567262    570.828664  3  3  4  80       
PG05  -6274.661486 -25630.181539  -2903.158786   -210.781076  5  7  3  98       
PG06  13102.893291  -9388.871293  21199.238266   -375.055990  5  5  4  74       
PG07  25129.651510   5287.750310  -7034.590761    -30.746563  3  5  3  80       
PG08   6717.304084  14366.949435 -21406.169336    521.495380  4  7  3  85       
PG09  21413.168505  -3304.241442  15313.831677    668.088086  6  5  7  73       
PG10 -10914.592520  14549.676397 -18992.477902   -434.182589  6  7  7  97       
PG11   1010.057467 -15894.730699  21303.060593   -707.234929  3  5  5  99       
PG12 -10359.193176 -20313.311556  13357.422225   -585.976607  5  5  5  75       
PG13   4766.885904 -17626.708751 -19435.027722    701.193781  3  4  4  70       
PG14  13179.564495 -11718.495587 -19720.615247    650.518380  3  2  4  71       
PG15  -8333.488106 -14011.414353 -21483.739032    299.997686  4  3  3  76       
PG16   -399.856474  26228.596165   1780.953927     23.516959  3  8  5  69       
PG17  23128.916457 -12890.060114  -2871.854318    264.713409  3  6  4  37       
PG18 -24542.941672  -3848.054859  -9700.174915   -620.495129  4  5  4  79       
PG19  19560.439640 -16522.546694   5919.470948    631.789877  3  5  2  63       
PG20   -495.572822 -24778.884646   9785.456708    364.315528  4  2  2  91       
PG22  10354.217938 -18741.783676 -15539.130832   -103.073494  4  5  6  70       
PG23 -14912.016830  -1559.364459 -21896.824188    483.129862  5  6  4  89       
PG24 -18938.397516 -15067.946721 -11861.146279   -395.731516  6  6  4  62       
PG25 -15296.746407  -9387.084220  19297.288083    486.405510  3  3  2  70       
PG26  -4879.586916  22518.663797  12667.883918   -254.533548  1  5  2  78       
PG27  -6035.622388  19652.103550 -16904.608986    -25.380406  2  6  4  81       
PG28 -15653.998948   8592.162699  19663.168306   -615.982316  4  5  6  74       
PG29 -21216.117113    409.648654  16012.136773   -502.659524  4  7  6  83       
PG30  20427.740980  -4463.222694 -16350.674282   -135.904261  5  4  6  40       
PG31  -6581.557207  13754.465003  21496.528845   -206.038022  4  3  3  77       
PG32 -20799.536393  16342.654105    506.357371   -442.024190  3  4  3  56       
*  2025  5 25 17 30  0.00000000
PG01  20343.817968  15129.212544  -7967.054563    271.691421  5  7  3  77       
PG02  13564.255414  15411.196956 -16646.178606   -161.413530  5  7  4  84       
PG03  11411.613202  20995.099766  11541.707359    692.222729  5  5  6  95       
PG04  12647.607467   8955.957183  21610.828707    570.832845  3  3  4  70       
PG05  -6094.577150 -25816.777530    -18.561313   -210.781941  5  8  3  88       
PG06  15245.601189  -8439.682393  20147.515532   -375.072667  6  5  4  76       
PG07  25698.574540   5779.975541  -4324.789656    -30.749204  3  5  4  87       
PG08   4860.252488  15880.465488 -20786.087001    521.498001  4  7  3  91       
PG09  20089.655676  -1967.914477  17203.681849    668.096823  6  6  7  77       
PG10 -11343.122419  12289.337063 -20306.607815   -434.193114  6  7  7 103       
PG11   3267.748454 -14932.583165  21762.742354   -707.228692  3  4  5 103       
PG12 -10261.104161 -21759.697110  10999.338997   -585.978270  6  6  5  88       
PG13   6637.615117 -18580.988067 -17895.853727    701.193976  3  4  4  79       
PG14  13600.601914  -9419.177200 -20665.722055    650.523188  4  3  4  83       
PG15  -6728.552194 -15692.233070 -20848.797657    300.001453  4  3  4  82       
PG16   -718.081412  25836.962242   4629.492606     23.524740  2  7  5  73       
PG17  22830.317443 -12395.302881  -5664.946600    264.697711  3  5  4  75       
PG18 -25354.290994  -4384.562380  -7050.695854   -620.490424  4  6  4  79       
PG19  20164.516134 -16576.070331   3094.917116    631.793454  4  5  2  63       
PG20    116.382121 -23672.888749  12238.971616    364.315168  4  1  2  70       
PG22  10634.327393 -16819.364412 -17369.062354   -103.073616  4  5  6  70       
PG23 -15316.472897  -3999.704627 -21322.270279    483.135784  5  6  4  82       
PG24 -17520.563785 -14914.405261 -14080.366398   -395.724296  5  6  4  77       
PG25 -15538.434841 -11571.422463  17916.498866    486.404460  3  4  3  78       
PG26  -5550.934373  21012.884274  14804.253931   -254.549171  2  4  3  83       
PG27  -7540.774383  20632.199416 -14945.621481    -25.379847  1  6  4  85       
PG28 -17656.547411   7746.144037  18270.393589   -615.986426  5  5  6  85       
PG29 -19699.781653   -805.598618  17814.271951   -502.655316  4  7  6  89       
PG30  22018.127825  -3620.872227 -14424.913341   -135.895419  5  4  6  78       
PG31  -8889.082360  12784.725810  21297.117780   -206.036986  4  3  3  78       
PG32 -20860.482163  16057.268762  -2366.539540   -442.014706  3  4  3  69       
*  2025  5 25 17 45  0.00000000
PG01  19275.196334  14948.487172 -10545.995980    271.702368  6  7  3  54       
PG02  11521.593311  15088.250091 -18312.601064   -161.405348  5  7  4  66       
PG03  11513.053020  22190.739082   8967.085642    692.223638  5  4  6  96       
PG04  10769.295512  10575.637663  21881.618175    570.837011  2  3  4  80       
PG05  -5839.650418 -25696.435337   2866.341238   -210.782997  4  8  3  95       
PG06  17307.224008  -7658.988895  18752.122897   -375.089428  6  5  4  69       
PG07  25997.910340   6141.922294  -1541.599120    -30.752319  3  5  4  91       
PG08   3141.832325  17425.090554 -19810.182167    521.500633  3  7  3  76       
PG09  18694.037372   -427.300689  18796.210052    668.105563  6  6  6  63       
PG10 -11922.953164   9930.248652 -21261.164222   -434.203708  6  6  7  94       
PG11   5602.667376 -14080.270945  21849.413836   -707.222459  4  4  5  84       
PG12 -10200.198804 -22930.647720   8449.627454   -585.979466  6  6  5  82       
PG13   8298.415500 -19529.950576 -16051.414056    701.194261  2  4  4  67       
PG14  14149.658049  -7060.222978 -21251.683493    650.528009  4  3  4  67       
PG15  -5263.206030 -17383.466453 -19870.335890    300.005408  4  4  4  79       
PG16  -1098.006036  25141.634728   7395.545667     23.532531  3  7  5  72       
PG17  22316.791498 -11687.607780  -8360.807572    264.681826  3  5  4  71       
PG18 -25904.587202  -4775.894739  -4281.467893   -620.485685  4  6  4  89       
PG19  20500.469995 -16468.019992    215.407522    631.796515  4  4  2  69       
PG20    886.112392 -22355.728794  14483.968178    364.315002  4  2  2  83       
PG22  11038.222607 -14719.657537 -18895.075350   -103.073124  4  4  6  89       
PG23 -15836.217936  -6327.591850 -20380.658673    483.141669  4  6  4  70       
PG24 -15871.053194 -14781.303902 -16068.265309   -395.717094  5  6  4  65       
PG25 -15848.649973 -13566.031632  16221.333946    486.403407  3  4  3  77       
PG26  -6357.743775  19321.627515  16678.143386   -254.564815  3  3  3  68       
PG27  -8825.151799  21529.251157 -12729.722814    -25.379320  1  6  4  89       
PG28 -19531.960088   7054.896033  16563.299256   -615.990564  5  6  6  61       
PG29 -18101.752520  -2215.130237  19310.259702   -502.651281  4  7  6  82       
PG30  23425.154017  -2928.760255 -12251.174398   -135.886607  5  4  5  60       
PG31 -11197.317361  11948.613506  20723.813635   -206.035872  4  3  2  73       
PG32 -20698.251450  15553.539867  -5198.083089   -442.005218  3  4  3  71       
*  2025  5 25 18  0  0.00000000
PG01  17931.880003  14733.426758 -12943.729418    271.713313  6  8  4  70       
PG02   9288.734875  14845.818014 -19657.286336   -161.397198  5  7  4  69       
PG03  11603.073127  23086.841549   6238.092445    692.224543  6  3  6  71       
PG04   8972.083269  12300.640213  21776.843452    570.841209  2  3  4  86       
PG05  -5473.471887 -25281.982565   5701.597610   -210.783753  4  9  4  85       
PG06  19239.673838  -7043.014294  17037.028377   -375.106190  6  4  4  90       
PG07  26012.065450   6406.213047   1267.597072    -30.755285  2  5  4  84       
PG08   1585.290805  18960.018696 -18493.773383    521.503252  3  7  3  95       
PG09  17270.106598   1304.177937  20063.571112    668.114318  6  6  6  83       
PG10 -12656.212540   7524.400063 -21839.863838   -434.214195  6  6  7 108       
PG11   7969.121423 -13355.781314  21561.403424   -707.216226  4  2  5 100       
PG12 -10140.538640 -23809.512359   5753.165200   -585.981031  6  6  6  98       
PG13   9731.033515 -20431.505663 -13932.214414    701.194086  2  4  3  52       
PG14  14824.725991  -4689.468346 -21469.047933    650.532907  4  4  4  92       
PG15  -3953.736071 -19044.187159 -18563.474537    300.008798  4  5  4  80       
PG16  -1573.148272  24160.887881  10029.429373     23.540129  3  6  5  67       
PG17  21622.163534 -10749.034077 -10912.454504    264.666030  3  4  4  77       
PG18 -26170.164109  -5053.019315  -1439.582922   -620.480913  4  6  5  77       
PG19  20587.567025 -16166.222210  -2667.933608    631.799580  5  5  2  48       
PG20   1829.017190 -20866.083438  16482.276410    364.314185  3  3  2  90       
PG22  11580.114474 -12486.444120 -20088.973795   -103.073141  4  4  5  85       
PG23 -16447.440942  -8499.548987 -19088.903418    483.147621  4  6  5  83       
PG24 -14015.115012 -14699.509175 -17792.674966   -395.709858  5  6  4  74       
PG25 -16197.387545 -15338.432306  14242.742765    486.402328  3  5  2  83       
PG26  -7310.914094  17486.459475  18256.589074   -254.580490  4  3  3  63       
PG27  -9885.094017  22300.442920 -10293.846251    -25.378790  1  6  4  82       
PG28 -21236.378819   6507.764612  14571.271803   -615.994722  5  6  6  72       
PG29 -16467.109420  -3808.485268  20473.973911   -502.647191  4  6  6  95       
PG30  24613.242115  -2369.530465  -9867.446112   -135.877782  6  4  5  53       
PG31 -13458.150803  11254.871088  19787.913104   -206.034876  5  3  2  66       
PG32 -20344.127150  14810.105283  -7938.581968   -441.995705  2  4  4  76       
*  2025  5 25 18 15  0.00000000
PG01  16329.159976  14521.895638 -15119.043423    271.724324  6  8  4  56       
PG02   6906.576940  14707.941175 -20654.642286   -161.388770  5  7  4  78       
PG03  11641.196917  23676.944463   3401.961639    692.225493  6  3  5  65       
PG04   7290.446287  14095.550906  21297.834154    570.845377  2  3  4  69       
PG05  -4963.356295 -24594.687061   8437.911594   -210.784310  3  9  4  89       
PG06  20997.534008  -6579.701337  15031.575355   -375.122904  6  4  4  81       
PG07  25733.340025   6608.255267   4055.650305    -30.758457  2  5  4  73       
PG08    206.474063  20441.766056 -16858.175801    521.505902  3  7  3  86       
PG09  15859.797799   3204.926014  20983.525661    668.123117  6  6  6  83       
PG10 -13536.263894   5124.032761 -22033.289349   -434.224709  5  5  7 107       
PG11  10319.111465 -12769.296969  20903.441691   -707.210009  4  1  4  97       
PG12 -10044.579087 -24388.463486   2957.105201   -585.982542  6  6  6  77       
PG13  10925.565537 -21242.170961 -11573.674468    701.194267  2  4  3  56       
PG14  15615.989706  -2353.972994 -21314.829992    650.537774  4  4  4  95       
PG15  -2809.124563 -20631.791678 -16948.664658    300.012694  4  5  4  80       
PG16  -2172.748977  22921.379508  12483.629875     23.547699  3  6  6  72       
PG17  20784.552164  -9569.505773 -13274.932244    264.650159  3  4  3  50       
PG18 -26135.211283  -5250.936460   1426.720041   -620.476233  4  6  5  61       
PG19  20452.473583 -15644.272131  -5504.061817    631.802813  5  4  2  68       
PG20   2952.967617 -19246.282970  18199.903377    364.314342  3  4  2  92       
PG22  12266.384320 -10167.050609 -20928.300262   -103.073338  4  4  5  86       
PG23 -17119.839422 -10477.816566 -17469.843189    483.153524  4  7  5  91       
PG24 -11983.966581 -14695.354629 -19225.630031   -395.702629  5  6  5  83       
PG25 -16550.472591 -16863.636330  12016.409958    486.401238  3  5  2  90       
PG26  -8413.811778  15551.918298  19512.077034   -254.596218  4  3  3  70       
PG27 -10725.175503  22904.514758  -7679.157489    -25.378296  1  6  4  68       
PG28 -22730.039868   6086.735240  12328.593149   -615.998877  6  6  6  64       
PG29 -14839.553789  -5566.925997  21284.945141   -502.643233  4  6  5  88       
PG30  25552.408447  -1919.742162  -7315.070815   -135.868969  6  4  4  50       
PG31 -15623.822531  10704.019634  18507.057365   -206.033838  5  3  2  73       
PG32 -19834.360161  13813.347813 -10539.722476   -441.986235  2  4  4  74       
*  2025  5 25 18 30  0.00000000
PG01  14490.477329  14349.161835 -17034.538765    271.735349  6  8  4  54       
PG02   4421.229832  14691.686662 -21285.127711   -161.380506  5  7  4  80       
PG03  11587.374965  23963.867957    507.532762    692.226368  6  2  5  84       
PG04   5752.449394  15919.859163  20452.351210    570.849579  1  4  4  79       
PG05  -4281.839349 -23663.435248  11027.525019   -210.785213  3  9  5  77       
PG06  22539.666223  -6249.330340  12769.990154   -375.139664  5  4  4  80       
PG07  25162.146327   6784.702259   6776.369336    -30.761051  3  5  3  64       
PG08   -986.656803  21825.766384 -14930.428877    521.508480  3  6  4  83       
PG09  14501.605717   5245.804296  21539.851841    668.131827  6  7  5  78       
PG10 -14547.911135   2779.738843 -21839.010639   -434.235269  5  4  7 101       
PG11  12603.990512 -12322.871567  19886.595475   -707.203762  4  1  4  88       
PG12  -9874.814596 -24668.633210    110.013928   -585.983882  6  6  6  60       
PG13  11880.702983 -21918.776022  -9015.592294    701.194301  2  4  2  70       
PG14  16506.168713    -98.387868 -20792.509145    650.542628  3  5  4  82       
PG15  -1830.833028 -22103.467992 -15051.467245    300.016319  4  5  4  76       
PG16  -2920.341518  21457.156501  14713.778608     23.555284  3  6  6  65       
PG17  19844.870127  -8147.485221 -15406.153844    264.634392  2  5  3  47       
PG18 -25792.388315  -5407.155343   4268.840817   -620.471522  5  6  5  77       
PG19  20128.028648 -14882.742720  -8242.992058    631.805797  5  4  2  73       
PG20   4257.821130 -17540.758555  19607.591234    364.314038  3  4  2  79       
PG22  13095.139536  -7810.659223 -21396.857307   -103.072914  4  4  5  71       
PG23 -17817.839331 -12231.584116 -15551.808047    483.159389  4  7  6  93       
PG24  -9813.811018 -14789.604784 -20343.739297   -395.695406  4  6  5  77       
PG25 -16871.026673 -18124.869238   9582.030136    486.400121  3  6  2  90       
PG26  -9661.976801  13563.841409  20423.038700   -254.611860  5  3  3  59       
PG27 -11357.911205  23303.443074  -4930.404292    -25.377822  2  5  4  48       
PG28 -23978.697362   5767.298181   9873.851225   -616.003027  6  6  6  78       
PG29 -13259.796627  -7463.957259  21728.742489   -502.638932  4  6  5  88       
PG30  26219.313705  -1550.994268  -4638.013070   -135.860156  6  4  4  72       
PG31 -17648.622467  10288.514589  16904.821565   -206.032460  5  3  2  55       
PG32 -19208.652195  12558.158315 -12955.480372   -441.976763  1  5  4  78       
*  2025  5 25 18 45  0.00000000
PG01  12446.684981  14246.419280 -18657.269540    271.746315  6  8  4  72       
PG02   1882.419617  14806.331362 -21535.758891   -161.372105  5  7  4  73       
PG03  11403.686824  23959.455757  -2395.591478    692.227278  6  3  5  69       
PG04   4378.804690  17729.385277  19254.486725    570.853730  2  4  4  69       
PG05  -3407.979758 -22523.617073  13425.085810   -210.786170  3  8  5  75       
PG06  23830.665093  -6025.434077  10290.813104   -375.156501  5  4  3  80       
PG07  24306.943708   6971.907341   9385.189945    -30.764080  3  4  4  92       
PG08  -1994.202862  23068.044487 -12742.910940    521.511031  3  6  4  81       
PG09  13229.147626   7391.060938  21722.650937    668.140663  5  7  4  80       
PG10 -15667.962626    538.647129 -21261.560978   -434.245787  5  2  6 101       
PG11  14776.155787 -12010.428970  18528.095254   -707.197555  5  1  4  91       
PG12  -9595.410102 -24659.910599  -2738.993736   -585.985480  6  6  7  86       
PG13  12603.649770 -22420.188244  -6301.516323    701.194249  1  3  2  67       
PG14  17471.164373   2036.568091 -19911.912936    650.547471  3  6  4  92       
PG15  -1012.858133 -23417.701828 -12902.259209    300.019891  4  5  3  65       
PG16  -3832.556580  19808.352852  16679.570492     23.563008  3  6  6  59       
PG17  18845.201682  -6490.323708 -17267.719911    264.618538  2  5  4  56       
PG18 -25143.133942  -5560.080618   7038.606469   -620.466767  5  6  5  77       
PG19  19651.781990 -13870.107266 -10836.741463    631.808995  5  5  3  60       
PG20   5735.243078 -15794.424897  20681.299926    364.313745  3  4  3  84       
PG22  14056.115535  -5466.527106 -21485.111857   -103.073048  4  4  4  86       
PG23 -18502.021255 -13737.950947 -13368.101574    483.165272  5  6  6  84       
PG24  -7544.690833 -14996.623846 -21128.506178   -395.688189  4  6  5  75       
PG25 -17121.030638 -19113.965870   6982.532793    486.399041  4  6  2  79       
PG26 -11043.159378  11567.660208  20974.216792   -254.627487  5  3  3  60       
PG27 -11803.143138  23464.035617  -2095.169712    -25.377347  3  5  4  56       
PG28 -24954.844929   5519.571308   7249.276738   -616.007169  6  6  5  70       
PG29 -11764.067716  -9466.154733  21797.253996   -502.634964  5  5  5  82       
PG30  26598.064750  -1231.229872  -1882.101882   -135.851328  6  4  3  79       
PG31 -19490.495278   9993.229786  15010.203921   -206.031447  5  3  2  65       
PG32 -18508.499588  11048.365660 -15143.001438   -441.967305  2  5  4  75       
*  2025  5 25 19  0  0.00000000
PG01  10235.031077  14239.477737 -19959.308591    271.757261  6  8  4  63       
PG02   -658.284940  15052.871045 -21400.488694   -161.363773  5  7  4  78       
PG03  11055.954438  23683.985096  -5257.884729    692.228192  6  3  5  77       
PG04   3182.217909  19477.866979  17724.453621    570.857932  2  4  3  88       
PG05  -2328.411096 -21215.759426  15588.482916   -210.787182  3  8  5  68       
PG06  24842.106501  -5875.974302   7636.261484   -375.173253  4  4  3  66       
PG07  23183.901777   7204.424543  11839.789430    -30.767023  3  4  4  94       
PG08  -2824.184321  24126.902949 -10332.841161    521.513588  3  6  4  78       
PG09  12069.926265   9599.529750  21528.539913    668.149431  5  7  4  84       
PG10 -16866.125783  -1557.229024 -20312.273696   -434.256386  5  1  6 103       
PG11  16790.710599 -11818.086988  16851.057540   -707.191368  5  2  4  90       
PG12  -9173.754654 -24380.414886  -5541.106192   -585.986896  7  6  7  85       
PG13  13109.709362 -22708.993706  -3478.031270    701.194231  2  3  3  68       
PG14  18480.979106   4015.464251 -18688.990749    650.552292  3  6  5  86       
PG15   -342.064271 -24535.771247 -10535.861761    300.023576  4  5  2  81       
PG16  -4918.219357  18019.635493  18345.597212     23.571045  3  5  6  74       
PG17  17827.119895  -4614.264663 -18825.696604    264.602765  2  6  4  66       
PG18 -24197.659182  -5747.369784   9689.051640   -620.462021  5  6  5  72       
PG19  19064.364065 -12603.338896 -13240.213085    631.812363  4  5  3  88       
PG20   7368.842661 -14051.056153  21402.607754    364.313700  2  4  3  83       
PG22  15130.936041  -3182.188208 -21190.466164   -103.072872  4  4  4  94       
PG23 -19130.696592 -14982.583732 -10956.409073    483.171148  5  6  6  81       
PG24  -5219.213701 -15323.775522 -21566.597669   -395.680968  4  5  5  71       
PG25 -17262.918290 -19831.432776   4263.276509    486.397949  4  6  3  73       
PG26 -12537.683084   9606.734376  21156.895464   -254.643085  5  3  3  79       
PG27 -12087.125044  23359.372465    776.960900    -25.376890  4  5  4  53       
PG28 -25638.688816   5309.636409   4500.017392   -616.011303  6  6  5  72       
PG29 -10382.804785 -11534.272879  21488.858688   -502.630978  5  5  5  86       
PG30  26680.741747   -926.169182    905.740571   -135.842478  6  5  3  77       
PG31 -21112.489783   9796.242295  12857.030430   -206.030115  5  3  2  52       
PG32 -17775.466508   9296.810948 -17063.429167   -441.957844  2  5  4  87       
*  2025  5 25 19 15  0.00000000
PG01   7897.902266  14347.671371 -20918.227714    271.768221  5  8  4  80       
PG02  -3149.347852  15423.885924 -20880.439603   -161.355226  4  6  4  66       
PG03  10515.206750  23165.272615  -8030.720123    692.229095  6  4  5  99       
PG04   2167.049938  21118.645173  15888.266331    570.862065  2  5  3  82       
PG05  -1038.097573 -19783.960957  17479.629943   -210.788241  3  7  5  89       
PG06  25553.543695  -5764.735409   4851.533454   -375.189999  3  4  3  64       
PG07  21816.311094   7513.604473  14100.645420    -30.769985  3  4  4  90       
PG08  -3492.076774  24964.554256  -7741.672776    521.516119  3  5  4  65       
PG09  11044.343007  11826.049765  20960.726038    668.158199  4  7  3  87       
PG10 -18106.190425  -3472.417482 -19008.988601   -434.266995  5  1  6  85       
PG11  18607.032867 -11724.794006  14884.105684   -707.185123  5  3  4  79       
PG12  -8581.878093 -23855.671387  -8248.638624   -585.988422  7  5  7  84       
PG13  13421.551840 -22753.064881   -593.967422    701.194538  2  3  3  47       
PG14  19500.869722   5809.298160 -17145.485851    650.557150  4  7  5  89       
PG15    201.211663 -25423.177279  -7991.087995    300.027209  4  5  2  81       
PG16  -6177.782484  16138.466460  19682.070481     23.578682  3  6  6  70       
PG17  16830.012020  -2544.089008 -20051.331038    264.586939  2  6  4  61       
PG18 -22974.624771  -6004.322082  12175.180477   -620.457335  5  5  6  80       
PG19  18407.759332 -11088.166009 -15412.001477    631.815637  4  6  3  64       
PG20   9134.619313 -12351.715101  21759.023888    364.313539  3  4  2  84       
PG22  16293.727366  -1001.714955 -20517.382403   -103.072560  4  4  4  87       
PG23 -19661.572799 -15960.050016  -8358.143071    483.177028  6  6  6  88       
PG24  -2881.190129 -15771.073989 -21650.060274   -395.673709  4  5  6  66       
PG25 -17261.137770 -20286.184508   1471.230300    486.396908  4  6  3  88       
PG26 -14119.115732   7720.794553  20968.993548   -254.658726  6  3  3  62       
PG27 -12241.336034  22970.027863   3635.304625    -25.376432  4  5  4  67       
PG28 -26018.835230   5101.036600   1673.362001   -616.015477  6  6  5  72       
PG29  -9139.574698 -13624.591845  20808.485065   -502.626536  5  5  4  93       
PG30  26467.635201   -600.815323   3678.271740   -135.833637  6  4  3  73       
PG31 -22484.000281   9669.879953  10483.291761   -206.029178  5  4  2  73       
PG32 -17049.460174   7325.058841 -18682.658783   -441.948331  3  5  4  80       
*  2025  5 25 19 30  0.00000000
PG01   5481.374372  14583.028471 -21517.484495    271.779173  6  8  4  80       
PG02  -5541.162962  15903.776954 -19983.976194   -161.347013  4  6  4  90       
PG03   9758.941901  22437.513890 -10667.164859    692.230078  5  5  5  80       
PG04   1329.308206  22606.384272  13777.315948    570.866280  2  5  3  79       
PG05    459.240415 -18274.190340  19065.179832   -210.789004  3  7  5  68       
PG06  25953.214017  -5652.882830   1984.062945   -375.206812  2  4  3  49       
PG07  20233.767060   7926.328567  16131.540005    -30.773037  4  3  3  88       
PG08  -4020.039768  25548.630221  -5014.384934    521.518644  3  5  3  57       
PG09  10165.000899  14023.051127  20028.961186    668.166976  4  7  3  87       
PG10 -19347.447655  -5179.133391 -17375.640338   -434.277562  5  1  6  89       
PG11  20190.190288 -11703.254763  12660.894221   -707.178918  5  4  4  79       
PG12  -7797.678767 -23117.527480 -10815.815526   -585.989762  7  5  7  69       
PG13  13568.184878 -22526.949530   2300.454290    701.194457  2  3  3  52       
PG14  20492.687755   7396.378822 -15308.514849    650.561990  4  7  5  89       
PG15    642.297261 -26050.957672  -5310.207663    300.031026  4  4  2  77       
PG16  -7603.121704  14213.259341  20665.414160     23.586626  3  6  6  73       
PG17  15889.483664   -312.407495 -20921.682630    264.571048  2  6  4  79       
PG18 -21500.514246  -6362.358563  14454.700005   -620.452607  5  5  6  88       
PG19  17723.556983  -9338.978240 -17315.104603    631.818606  4  6  3  75       
PG20  11001.704251 -10733.293715  21744.207905    364.313343  3  4  2  86       
PG22  17512.065391   1035.883925 -19477.352331   -103.072690  4  5  4  93       
PG23 -20053.444423 -16673.818881  -5617.737574    483.182894  6  7  5  92       
PG24   -574.225535 -16331.099400 -21376.480343   -395.666493  4  5  6  75       
PG25 -17083.621376 -20494.973138  -1345.841910    486.395799  5  6  4  92       
PG26 -15755.216234   5944.555749  20415.023823   -254.674318  6  3  4  74       
PG27 -12301.067612  22285.014759   6429.038920    -25.375991  4  5  4  57       
PG28 -26092.665664   4856.376247  -1182.072197   -616.019617  6  6  5  86       
PG29  -8050.270065 -15690.452726  19767.552899   -502.622553  5  5  4  86       
PG30  25967.188162   -220.976183   6388.692176   -135.824823  6  4  3  81       
PG31 -23581.757133   9581.984418   7930.428865   -206.027912  5  4  2  77       
PG32 -16367.081427   5162.754969 -19971.998398   -441.938773  3  5  4  79       
*  2025  5 25 19 45  0.00000000
PG01   3033.625328  14949.734821 -21746.709190    271.790092  6  7  4  64       
PG02  -7787.887863  16469.369160 -18726.608027   -161.338446  4  5  4  72       
PG03   8772.141787  21539.902851 -13122.735364    692.231162  5  5  6  50       
PG04    656.969904  23898.760291  11427.845376    570.870450  3  5  3  84       
PG05   2151.051595 -16732.516438  20317.154148   -210.789725  3  6  5  69       
PG06  26038.429612  -5500.627560   -917.263849   -375.223581  1  4  3  56       
PG07  18471.157920   8463.919058  17900.011071    -30.775989  4  4  3  89       
PG08  -4435.864449  25853.503385  -2198.684445    521.521223  3  5  3  54       
PG09   9436.325574  16142.245331  18749.375864    668.175727  4  7  4  72       
PG10 -20546.282691  -6658.105674 -15441.743178   -434.288137  5  1  6  72       
PG11  21512.147510 -11721.110221  10219.543684   -707.172718  5  4  4  73       
PG12  -6805.918951 -22202.854406 -13199.501651   -585.991254  7  5  7  63       
PG13  13583.665672 -22013.020299   5154.526057    701.194425  2  3  3  54       
PG14  21416.353444   8762.923812 -13210.064734    650.566822  4  8  5  86       
PG15   1011.087301 -26396.831919  -2538.329091    300.034368  4  4  2  74       
PG16  -9177.703294  12291.513013  21278.709175     23.594455  2  6  6  68       
PG17  15035.911592   2041.379004 -21420.149673    264.555139  2  6  4  89       
PG18 -19808.724791  -6847.649910  16488.714968   -620.447914  6  5  6  92       
PG19  17051.251772  -7378.392742 -18917.530469    631.821679  4  6  3  66       
PG20  12933.371137  -9227.219430  21358.092381    364.313126  2  3  3  72       
PG22  18748.217560   2898.057900 -18088.708572   -103.072558  4  6  4  92       
PG23 -20267.846550 -17135.932241  -2781.902640    483.188738  7  7  5  88       
PG24   1659.688807 -16989.184175 -20749.085129   -395.659278  4  5  6  55       
PG25 -16703.110506 -20481.540968  -4140.179875    486.394711  5  6  4  58       
PG26 -17409.114572   4306.554817  19505.924813   -254.689901  6  3  4  83       
PG27 -12303.840634  21302.404222   9108.190525    -25.375531  4  5  4  64       
PG28 -25866.385948   4538.960811  -4017.175044   -616.023760  6  5  5  64       
PG29  -7122.614120 -17683.922426  18383.797420   -502.618310  5  5  3  84       
PG30  25195.649203    245.253863   8991.389798   -135.816034  6  4  3  83       
PG31 -24390.534998   9497.335982   5242.583196   -206.026829  5  4  3  70       
PG32 -15760.121185   2846.654322 -20908.720540   -441.929254  4  5  4  77       
*  2025  5 25 20  0  0.00000000
PG01    603.270488  15443.911895 -21601.886654    271.801179  6  7  5  82       
PG02  -9849.130792  17090.859698 -17130.720286   -161.330191  4  4  5  72       
PG03   7548.003512  20515.084470 -15356.103511    692.232239  5  6  6  57       
PG04    130.625733  24958.050290   8880.332296    570.874572  3  5  3  79       
PG05   4016.235903 -15203.342411  21213.472260   -210.790504  4  5  4  79       
PG06  25815.636835  -5268.934076  -3802.919023   -375.240297  1  4  3  59       
PG07  16567.491899   9141.255728  19377.753113    -30.778754  4  3  3  91       
PG08  -4771.680366  25861.361247    655.867575    521.523733  3  5  3  73       
PG09   8854.519148  18136.353302  17144.195632    668.184520  4  7  4  71       
PG10 -21657.874821  -7899.058547 -13241.788141   -434.298667  5  1  6  83       
PG11  22552.718292 -11742.326319   7601.994527   -707.166504  5  4  5  69       
PG12  -5598.954498 -21152.087078 -15359.872827   -585.992600  6  5  7  63       
PG13  13505.603063 -21202.332921   7917.987713    701.194356  3  3  3  79       
PG14  22231.406023   9903.351952 -10886.418365    650.571679  5  8  4  74       
PG15   1340.746161 -26446.128756    277.299305    300.038477  4  4  3  74       
PG16 -10877.113989  10418.006090  21511.981018     23.602189  2  6  6  85       
PG17  14293.210581   4472.414300 -21536.872273    264.539060  3  7  4  97       
PG18 -17938.407936  -7479.943597  18242.374386   -620.443196  5  5  6  90       
PG19  16426.663070  -5236.504593 -20192.790861    631.825102  4  6  3  82       
PG20  14888.279846  -7858.375589  20606.905616    364.312927  2  3  3  78       
PG22  19960.627320   4559.838713 -16376.279679   -103.072076  4  6  4  92       
PG23 -20270.609441 -17366.361941    101.149265    483.194614  7  7  5  69       
PG24   3781.540338 -17723.868758 -19776.779817   -395.652041  4  5  5  51       
PG25 -16098.289941 -20275.535191  -6864.797101    486.393586  5  5  5  88       
PG26 -19040.673310   2828.254196  18258.774648   -254.705456  6  3  4  87       
PG27 -12287.718660  20029.585494  11624.630171    -25.375048  3  5  4  75       
PG28 -25354.747353   4114.412468  -6783.187356   -616.027911  6  5  5  80       
PG29  -6355.994603 -19557.523562  16680.977341   -502.614182  5  5  3  93       
PG30  24176.451678    826.106043  11442.656166   -135.807151  6  4  3  71       
PG31 -24903.558899   9379.182275   2465.826334   -206.025411  5  4  3  79       
PG32 -15254.267035    419.360393 -21476.490433   -441.919744  4  4  5  89       
*  2025  5 25 20 15  0.00000000
PG01  -1762.316499  16053.718987 -21085.430019    271.812140  6  7  5  75       
PG02 -11691.412293  17733.070342 -15225.136388   -161.321785  3  4  5  58       
PG03   6088.362952  19407.499208 -17329.745683    692.233267  4  7  7  53       
PG04   -275.580047  25752.559879   6178.789955    570.878737  3  5  2  79       
PG05   6025.774163 -13727.716089  21738.368014   -210.791038  4  4  4  76       
PG06  25300.141138  -4921.206940  -6623.558580   -375.256992  1  5  3  65       
PG07  14564.601713   9966.124120  20540.969665    -30.782021  4  4  3  94       
PG08  -5062.473367  25562.983500   3498.785651    521.526235  4  5  3  57       
PG09   8407.848647  19960.803081  15241.345089    668.193295  5  7  5  68       
PG10 -22637.935485  -8900.837378 -10814.569095   -434.309230  6  1  6  77       
PG11  23300.225141 -11728.737892   4853.290514   -707.160336  5  4  5  83       
PG12  -4177.175719 -20007.658236 -17261.020038   -585.994071  6  5  6  72       
PG13  13373.509489 -20095.152043  10541.971642    701.194681  3  2  3  91       
PG14  22898.571136  10820.264898  -8377.519671    650.576470  5  8  4  63       
PG15   1666.253758 -26192.452609   3088.062298    300.041979  4  4  3  72       
PG16 -12669.926684   8633.131273  21362.325737     23.609921  2  6  6  88       
PG17  13677.871743   6931.964875 -21268.995771    264.523031  3  7  5  79       
PG18 -15933.101335  -8271.635218  19685.460253   -620.438463  5  5  6  92       
PG19  15880.532871  -2949.857279 -21120.278334    631.828044  3  6  3  82       
PG20  16821.908496  -6644.277019  19503.092713    364.312997  3  4  3  87       
PG22  21105.576125   6004.643729 -14370.896849   -103.072162  4  7  5  79       
PG23 -20033.257291 -17392.078950   2982.493790    483.200460  7  7  5  78       
PG24   5756.569588 -18507.617524 -18474.114824   -395.644781  4  5  5  68       
PG25 -15254.694284 -19911.230018  -9474.213074    486.392487  5  5  6  90       
PG26 -20607.973090   1523.441714  16696.398841   -254.721016  6  4  4  75       
PG27 -12289.591043  18483.148432  13933.046008    -25.374554  3  4  4  72       
PG28 -24580.450703   3552.198276  -9432.538673   -616.032119  6  5  5  65       
PG29  -5741.634264 -21265.961556  14688.470691   -502.610544  5  5  3  74       
PG30  22939.343788   1544.892694  13701.366848   -135.798303  6  4  4  88       
PG31 -25122.599969   9190.811220   -352.617505   -206.024751  5  4  4  62       
PG32 -14868.074731  -2072.172224 -21665.661081   -441.910211  4  4  5  89       
*  2025  5 25 20 30  0.00000000
PG01  -4018.633471  16759.775880 -20206.144604    271.823063  5  6  5  77       
PG02 -13289.333898  18356.948099 -13044.523783   -161.313337  3  3  5  68       
PG03   4403.796702  18261.680256 -19010.527539    692.234261  4  7  7  70       
PG04   -592.749750  26257.831272   3369.997922    570.882904  4  5  3  65       
PG05   8143.681222 -12341.785980  21882.684204   -210.791784  4  3  3  74       
PG06  24515.506505  -4424.891741  -9330.850606   -375.273712  1  5  3  72       
PG07  12505.767055  10938.813408  21370.678963    -30.785106  4  4  3  93       
PG08  -5344.476423  24958.184691   6279.624972    521.528715  4  5  3  89       
PG09   8077.256852  21575.329949  13073.947066    668.202087  5  7  5  81       
PG10 -23444.416331  -9671.182611  -8202.454501   -434.319803  6  2  6  76       
PG11  23751.840032 -11641.687561   2020.803521   -707.154163  4  4  5  75       
PG12  -2549.147319 -18812.385363 -18871.481842   -585.995432  6  5  6  71       
PG13  13227.070523 -18701.117300  12979.936127    701.194785  4  3  3  73       
PG14  23381.286640  11524.122472  -5726.289989    650.581268  6  8  4  76       
PG15   2022.847810 -25638.053125   5844.816639    300.045640  3  4  3  92       
PG16 -14518.859629   6971.440347  20833.876368     23.617528  2  7  6  88       
PG17  13198.318334   9369.176219 -20620.782747    264.507101  4  7  5  84       
PG18 -13839.200546  -9227.120443  20792.909138   -620.433709  5  5  6  87       
PG19  15437.353904   -560.179160 -21685.526033    631.831577  3  7  4  94       
PG20  18688.121533  -5594.532627  18065.134454    364.312735  3  4  4  85       
PG22  22138.949189   7224.723476 -12108.765626   -103.072183  4  7  5  79       
PG23 -19534.200130 -17245.870841   5813.291028    483.206352  8  7  6  96       
PG24   7555.409563 -19307.777205 -16861.177034   -395.637588  5  5  5  71       
PG25 -14165.358727 -19426.106577 -11925.140424    486.391387  5  5  6  98       
PG26 -22068.861297    397.943206  14846.885455   -254.736570  6  4  5  82       
PG27 -12343.502321  16688.387836  15991.868049    -25.374063  2  4  4  88       
PG28 -23573.256657   2827.011084 -11919.664406   -616.036274  6  4  5  72       
PG29  -5263.091932 -22767.780541  12440.764908   -502.606288  5  5  3  70       
PG30  21519.302067   2418.950240  15729.618779   -135.789394  6  4  4  70       
PG31 -25057.764085   8897.109154  -3165.144182   -206.023495  5  4  4  72       
PG32 -14612.247300  -4578.308645 -21473.429250   -441.900684  5  4  5  86       
*  2025  5 25 20 45  0.00000000
PG01  -6125.568207  17535.890278 -18979.082277    271.833978  5  6  5  81       
PG02 -14626.400634  18921.244667 -10628.660664   -161.305398  3  2  5  59       
PG03   2513.400236  17120.565833 -20370.218527    692.235151  4  6  7  68       
PG04   -855.819946  26457.582752    502.676834    570.887065  4  4  2  69       
PG05  10328.244580 -11075.466209  21644.038241   -210.792655  4  2  3  54       
PG06  23492.650636  -3752.928668 -11878.293093   -375.290430  1  5  3  76       
PG07  10434.297252  12051.975581  21852.973547    -30.788037  4  5  3  92       
PG08  -5653.502226  24055.899325   8948.957831    521.531196  4  4  3  82       
PG09   7837.270241  22945.415816  10679.726956    668.210895  5  6  6  92       
PG10 -24039.122545 -10226.168866  -5450.620953   -434.330371  6  2  6  82       
PG11  23913.592139 -11443.695195   -846.586920   -707.147887  4  4  5  82       
PG12   -731.445821 -17607.868884 -20164.701653   -585.996851  6  4  5  98       
PG13  13104.404792 -17039.037644  15188.564360    701.194971  4  3  4  88       
PG14  23647.130471  12032.627559  -2977.906909    650.586106  6  8  4  75       
PG15   2444.422743 -24793.871923   8498.782172    300.049506  3  3  3  80       
PG16 -16382.174108   5460.458696  19937.617318     23.625438  3  7  6  88       
PG17  12854.610848  11732.932816 -19603.566599    264.491301  5  7  5  76       
PG18 -11704.326036 -10342.454352  21545.257765   -620.428935  5  5  6  87       
PG19  15114.467923   1887.060776 -21880.352825    631.834435  4  7  4  88       
PG20  20440.816008  -4710.616520  16317.264832    364.312888  4  3  4  95       
PG22  23018.026263   8221.235572  -9630.720779   -103.071832  5  8  5  79       
PG23 -18759.675524 -16964.952386   8545.576844    483.212269  8  7  6  73       
PG24   9155.047656 -20087.751650 -14963.398312   -395.630395  5  5  4  65       
PG25 -12831.195837 -18859.343772 -14177.121571    486.390267  5  5  7  94       
PG26 -23382.502585   -550.348404  12743.022080   -254.752132  6  4  5  86       
PG27 -12479.103597  14678.447482  17764.116674    -25.373580  2  4  4  71       
PG28 -22368.836639   1919.949043 -14201.788345   -616.040420  6  4  5  76       
PG29  -4897.074584 -24026.882118   9976.850156   -502.602282  6  4  4  53       
PG30  19955.267791   3458.806965  17493.318145   -135.780557  5  4  4  85       
PG31 -24726.987151   8466.047441  -5924.527222   -206.022229  5  4  4  74       
PG32 -14489.250378  -7048.507641 -20903.850588   -441.891179  5  4  5  81       
*  2025  5 25 21  0  0.00000000
PG01  -8048.747719  18350.062390 -17425.288344    271.844873  4  6  5  76       
PG02 -15695.461893  19384.296535  -8021.586905   -161.297024  3  2  5  73       
PG03    444.251100  16023.887267 -21385.930927    692.235981  4  6  8  89       
PG04  -1101.993125  26344.340856  -2373.377202    570.891166  4  4  2  77       
PG05  12533.498308  -9951.364667  21026.855660   -210.793628  4  2  3  40       
PG06  22268.668608  -2885.001966 -14222.008204   -375.307091  1  5  3  78       
PG07   8392.117236  13290.750982  21979.233374    -30.790796  4  5  3  95       
PG08  -6023.290189  22873.902585  11459.336563    521.533741  4  4  3  69       
PG09   7657.166652  24043.511235   8100.334135    668.219606  6  6  6  78       
PG10 -24389.172558 -10589.338325  -2606.263702   -434.340939  7  4  6  83       
PG11  23800.041523 -11100.091914  -3699.344780   -707.141709  3  4  6  72       
PG12   1251.796772 -16432.958342 -21119.407508   -585.998423  6  4  5  94       
PG13  13040.388786 -15136.318428  17128.606452    701.195059  4  3  4  87       
PG14  23669.098599  12369.846530   -179.056798    650.590989  7  8  3  89       
PG15   2961.951046 -23679.253012  11002.467999    300.052941  4  3  3  89       
PG16 -18215.246251   4119.813745  18691.058964     23.633228  4  7  6  96       
PG17  12638.516831  13973.740858 -18235.545102    264.475429  5  7  5  80       
PG18  -9575.645025 -11605.334044  21929.004162   -620.424186  5  5  5  83       
PG19  14921.462233   4344.219680 -21702.898530    631.837782  5  7  5  87       
PG20  22035.584551  -3985.957819  14289.089562    364.312385  4  4  4  90       
PG22  23703.218073   9003.945295  -6981.386488   -103.071728  5  8  4  83       
PG23 -17704.405809 -16589.421129  11133.038690    483.218203  8  7  7 114       
PG24  10539.571286 -20808.358097 -12811.274939   -395.623149  5  5  4  65       
PG25 -11261.089656 -18250.274370 -16193.110955    486.389134  5  5  7  94       
PG26 -24510.871903  -1331.136326  10421.669343   -254.767701  6  4  5  87       
PG27 -12720.296556  12493.139408  19218.150420    -25.373051  3  4  4  60       
PG28 -21007.408844    819.447384 -16239.657110   -616.044517  6  4  5  77       
PG29  -4614.527929 -25013.846128   7339.527125   -502.598398  6  4  4  73       
PG30  18288.751394   4667.605126  18962.712834   -135.771769  5  3  5  82       
PG31 -24155.260371   7870.045157  -8584.651474   -206.021244  5  4  4  67       
PG32 -14493.277204  -9433.124574 -19967.716234   -441.881651  5  3  5  87       
*  2025  5 25 21 15  0.00000000
PG01  -9760.666924  19165.728279 -15571.444824    271.855806  3  6  5  84       
PG02 -16498.754842  19705.823233  -5270.666721   -161.288488  3  3  5  58       
PG03  -1769.423254  15006.690583 -22040.478991    692.236877  4  5  8  78       
PG04  -1369.076525  25919.738975  -5208.181675    570.895320  4  4  2  74       
PG05  14710.872150  -8984.017293  20042.271522   -210.794488  5  1  3  37       
PG06  20885.428192  -1808.535675 -16321.499719   -375.323766  2  5  3  67       
PG07   6418.400184  14633.158562  21746.290667    -30.794123  4  5  3  97       
PG08  -6483.940513  21438.176731  13766.217951    521.536278  3  4  3  79       
PG09   7502.354770  24849.992381   5380.594160    668.228375  6  6  6  70       
PG10 -24468.252850 -10790.567710    282.201952   -434.351471  7  5  6  85       
PG11  23433.630909 -10580.553585  -6488.143996   -707.135484  3  4  6  72       
PG12   3369.624753 -15322.339882 -21719.912786   -585.999851  6  4  4  90       
PG13  13065.119078 -13028.042352  18765.642819    701.195232  5  3  4  89       
PG14  23426.687104  12565.100202   2622.828127    650.595824  7  8  3  79       
PG15   3601.995604 -22321.317374  13310.612669    300.056688  4  3  3  88       
PG16 -19972.243057   2960.705820  17117.788424     23.640844  5  6  6  86       
PG17  12533.943380  16045.550870 -16541.418160    264.459326  6  7  5  78       
PG18  -7498.210256 -12995.408732  21936.876634   -620.419454  5  5  5  98       
PG19  14859.880199   6763.109620 -21157.555801    631.840906  6  8  5  84       
PG20  23431.332071  -3406.347417  12015.109637    364.312031  5  3  5  87       
PG22  24159.672717   9590.570878  -4208.266697   -103.071691  6  7  4  77       
PG23 -16371.946648 -16160.615052  13531.765698    483.224084  7  7  7 117       
PG24  11700.663776 -21429.321851 -10439.992422   -395.615949  5  5  4  60       
PG25  -9471.707664 -17636.860019 -17940.000066    486.388017  4  5  7  94       
PG26 -25420.134854  -1961.095646   7923.085486   -254.783240  6  5  4  84       
PG27 -13084.131753  10177.490052  20328.291730    -25.372506  4  4  5  93       
PG28 -19532.211967   -478.074274 -17998.214022   -616.048658  6  3  6  72       
PG29  -4381.961470 -25707.000504   4574.642669   -502.594385  6  4  5  78       
PG30  16562.354188   6040.798380  20112.863832   -135.762905  5  2  5  75       
PG31 -23373.617149   7087.161033 -11101.215443   -206.020195  5  4  5  64       
PG32 -14610.561103 -11685.169052 -18682.297079   -441.872108  5  4  6  97       
*  2025  5 25 21 30  0.00000000
PG01 -11241.553642  19943.194140 -13449.415788    271.866720  3  6  5  78       
PG02 -17047.554734  19848.661771  -2425.593187   -161.280143  3  3  5  41       
PG03  -4087.343412  14098.044480 -22322.654363    692.237736  4  5  7  78       
PG04  -1693.795464  25194.469550  -7952.462518    570.899448  4  3  3  57       
PG05  16810.948508  -8179.458123  18707.903008   -210.795020  5  2  4  75       
PG06  19387.989103   -519.395116 -18140.360489   -375.340437  2  5  3  66       
PG07   4548.289708  16050.742384  21156.543254    -30.796924  4  5  4  92       
PG08  -7060.504311  19781.949745  15828.825098    521.538832  3  4  3  71       
PG09   7335.909185  25353.816230   2567.706766    668.237028  6  6  6  75       
PG10 -24257.625611 -10864.716393   3165.935964   -434.362055  8  5  7  74       
PG11  22843.740558  -9860.472438  -9164.734232   -707.129368  3  4  6  86       
PG12   5585.238794 -14305.293445 -21956.336874   -586.001112  6  4  4  92       
PG13  13202.578899 -10755.741276  20070.749384    701.195498  5  4  4  82       
PG14  22906.739816  12651.667943   5380.337654    650.600631  7  7  2  68       
PG15   4385.381002 -20754.017586  15381.114104    300.060229  4  2  2  66       
PG16 -21607.830850   1985.733506  15246.915088     23.648696  5  6  6  82       
PG17  12517.712705  17907.439994 -14551.879548    264.443170  6  6  5  62       
PG18  -5513.378075 -14484.909479  21568.003615   -620.414759  5  4  5  85       
PG19  14923.249400   9096.627818 -20254.806301    631.844191  7  8  6  83       
PG20  24591.784068  -2950.647756   9534.155688    364.311872  5  3  5  83       
PG22  24358.683924  10005.807986  -1360.791952   -103.071812  6  7  4  68       
PG23 -14774.713603 -15719.432818  15700.963151    483.229971  7  7  7  83       
PG24  12637.824049 -21910.858507  -7888.951763   -395.608744  5  6  3  58       
PG25  -7487.039951 -17054.237009 -19389.083277    486.386894  3  5  7  86       
PG26 -26081.866246  -2462.991760   5290.215870   -254.798862  7  5  4  85       
PG27 -13580.010391   7780.078039  21075.313908    -25.371924  5  3  4  85       
PG28 -17987.875478  -1967.874881 -19447.200950   -616.052879  5  3  6  57       
PG29  -4162.954218 -26093.197328   1730.268391   -502.590354  6  3  5  73       
PG30  14818.259404   7566.136377  20924.050157   -135.754049  5  2  5  81       
PG31 -22417.920312   6102.074606 -13432.396064   -206.018990  5  4  5  61       
PG32 -14820.018282 -13761.946259 -17070.965212   -441.862511  6  3  6  91       
*  2025  5 25 21 45  0.00000000
PG01 -12479.936916  20641.206157 -11095.702140    271.877663  3  6  5  89       
PG02 -17361.455766  19780.360475    462.634486   -161.271753  3  4  5  48       
PG03  -6464.503129  13319.981113 -22227.414497    692.238591  4  4  7  90       
PG04  -2110.149738  24187.891275 -10558.536770    570.903587  4  3  3  66       
PG05  18785.255909  -7535.140327  17047.499667   -210.795991  5  2  5  46       
PG06  17822.905634    977.735621 -19646.917090   -375.357137  3  5  3  71       
PG07   2811.753221  17509.458900  20218.011735    -30.799700  4  6  4  91       
PG08  -7771.791540  17944.448010  17610.924836    521.541392  4  4  3  66       
PG09   7120.198711  25552.849559   -289.594352    668.245783  6  5  6  81       
PG10 -23746.857029 -10850.109319   5996.454655   -434.372618  8  5  7  87       
PG11  22065.483117  -8922.111593 -11682.789756   -707.123105  3  4  6  68       
PG12   7857.189475 -13404.661983 -21824.745154   -586.002424  6  4  5  82       
PG13  13469.567023  -8365.910063  21021.047813    701.195612  5  4  4  82       
PG14  22104.031515  12665.353726   8046.846254    650.605463  6  7  2  64       
PG15   5326.087628 -19016.904149  17175.922629    300.064158  4  2  2  68       
PG16 -23078.846090   1189.069700  13112.430864     23.656670  6  5  6  88       
PG17  12560.644658  19525.080603 -12302.977720    264.427536  7  6  5  60       
PG18  -3657.366221 -16039.578517  20827.978618   -620.410000  5  4  5  84       
PG19  15097.419620  11300.329882 -19010.969510    631.847151  7  7  6  78       
PG20  25486.827725  -2591.779851   6888.740851    364.311761  5  3  6  81       
PG22  24278.843901  10280.081896   1510.650850   -103.071280  6  7  4  60       
PG23 -12933.684653 -15304.678432  17603.621701    483.235834  6  6  7  84       
PG24  13358.292513 -22215.286248  -5201.195609   -395.601540  4  6  3  70       
PG25  -5337.683163 -16533.381280 -20516.462906    486.385745  3  5  7  85       
PG26 -26474.065133  -2864.580045   2567.960352   -254.814391  7  5  4  75       
PG27 -14209.223772   5351.237983  21446.777824    -25.371344  5  3  4  94       
PG28 -16418.749154  -3636.878973 -20561.677959   -616.056986  5  4  6  79       
PG29  -3919.779744 -26168.264322  -1144.161331   -502.586317  6  4  5  79       
PG30  13096.745761   9223.938805  21382.102109   -135.745211  5  2  5  75       
PG31 -21327.493928   4906.824221 -15539.470664   -206.017796  5  4  5  63       
PG32 -15094.189872 -15626.517316 -15162.704899   -441.852969  6  3  6 100       
*  2025  5 25 22  0  0.00000000
PG01 -13472.897052  21218.595066  -8550.814931    271.888643  3  6  5  66       
PG02 -17467.323291  19474.564599   3342.730865   -161.263696  3  5  5  80       
PG03  -8852.675218  12686.708138 -21755.981218    692.239429  5  4  7  78       
PG04  -2647.879981  22927.306911 -12981.165311    570.907732  3  3  4  77       
PG05  20588.026611  -7040.208514  15090.480585   -210.796680  5  2  5  60       
PG06  16236.477231   2669.317829 -20814.799451   -375.373797  3  5  3  70       
PG07   1232.605923  18970.782403  18944.334429    -30.802645  4  6  4  97       
PG08  -8629.448057  15969.417819  19081.501822    521.543954  4  4  4  71       
PG09   6818.542384  25453.860630  -3141.903502    668.254457  6  5  6  64       
PG10 -22934.244500 -10786.912489   8726.388266   -434.383124  9  5  7  85       
PG11  21138.285828  -7755.495796 -13998.725447   -707.116874  3  4  6  82       
PG12  10140.742712 -12636.067735 -21327.207780   -586.003990  6  4  5  85       
PG13  13874.934987  -5908.325346  21600.127620    701.195370  5  4  4  84       
PG14  21021.566106  12642.967295  10577.260819    650.610327  6  6  2  67       
PG15   6430.424443 -17153.650385  18661.869393    300.067910  4  2  1  69       
PG16 -24345.863227    556.969989  10752.505484     23.664002  6  5  6  73       
PG17  12628.895648  20871.932767  -9835.365112    264.411487  6  6  5  70       
PG18  -1960.007482 -17619.866331  19728.815805   -620.405207  5  4  5  76       
PG19  15361.192315  13333.891474 -17447.872653    631.850293  8  7  6  54       
PG20  26093.632537  -2297.950600   4124.341703    364.311927  6  3  6  84       
PG22  23906.896893  10448.086902   4355.680569   -103.071461  6  6  3  55       
PG23 -10877.788027 -14951.491505  19207.132040    483.241730  5  6  7  85       
PG24  13876.675933 -22308.605800  -2422.735859   -395.594346  4  6  3  76       
PG25  -3059.894236 -16099.936892 -21303.392043    486.384656  2  5  6  97       
PG26 -26581.933204  -3197.331786   -197.569698   -254.829989  7  5  4  70       
PG27 -14964.847916   2941.210104  21437.212617    -25.370762  6  3  4  89       
PG28 -14867.256074  -5463.989119 -21322.451994   -616.061129  5  4  6  90       
PG29  -3615.084406 -25937.114266  -3998.734534   -502.582295  7  4  5  80       
PG30  11434.776369  10987.651486  21478.657685   -135.736395  5  2  5  76       
PG31 -20143.648202   3501.277798 -17387.391541   -206.016817  6  4  5  65       
PG32 -15400.440235 -17248.923120 -12991.527627   -441.843411  6  3  6  76       
*  2025  5 25 22 15  0.00000000
PG01 -14225.988091  21635.931462  -5858.577802    271.899558  3  5  5  70       
PG02 -17397.972265  18912.138494   6164.113785   -161.255511  3  5  5  89       
PG03 -11202.045354  12204.121398 -20915.847108    692.240229  5  3  6  95       
PG04  -3331.106306  21446.940783 -15178.358644    570.911913  3  3  5  59       
PG05  22177.848286  -6676.107904  12871.370191   -210.797621  5  3  6  67       
PG06  14673.014257   4533.268616 -21623.424119   -375.390479  3  5  3  65       
PG07   -172.258347  20392.998809  17354.692958    -30.805511  3  6  4  91       
PG08  -9637.340289  13903.480490  20215.314263    521.546529  5  4  4  81       
PG09   6396.826920  25072.175998  -5940.010169    668.263147  6  4  6  67       
PG10 -21826.931814 -10715.460764  11310.206965   -434.393630  9  5  8 125       
PG11  20104.316064  -6359.002079 -16072.464505   -707.110665  4  4  5  74       
PG12  12389.370111 -12007.402527 -20471.776827   -586.005640  6  4  6  78       
PG13  14419.164550  -3434.240631  21798.330987    701.195545  5  3  4  83       
PG14  19670.579154  12620.776341  12928.744070    650.615113  5  6  3  64       
PG15   7696.524712 -15210.396401  19811.402765    300.071596  4  2  1  69       
PG16 -25374.601565     68.582278   8208.736596     23.671818  6  4  6  56       
PG17  12685.491919  21930.112061  -7193.458794    264.395833  6  5  5  58       
PG18   -443.748857 -19182.353733  18288.793390   -620.400467  5  4  5  79       
PG19  15687.213854  15162.409231 -15592.450145    631.853480  8  7  7  57       
PG20  26397.505145  -2034.073465   1288.618700    364.311513  6  2  6  84       
PG22  23238.264391  10547.179891   7124.852731   -103.071266  6  6  3  60       
PG23  -8642.995829 -14689.921566  20483.835991    483.247549  4  5  7  86       
PG24  14214.276006 -22161.982806    398.211850   -395.587139  3  6  3  84       
PG25   -694.445679 -15773.246850 -21736.553521    486.383539  2  5  6  92       
PG26 -26398.392533  -3495.036077  -2959.794211   -254.845510  7  6  4  18       
PG27 -15831.993704    598.316428  21048.140386    -25.370145  6  3  4  94       
PG28 -13372.332271  -7420.712604 -21716.407387   -616.065255  5  4  6  97       
PG29  -3213.550585 -25413.508960  -6783.952286   -502.578148  7  4  5  91       
PG30   9864.713793  12824.667510  21211.337159   -135.727544  5  2  5  81       
PG31 -18908.148665   1893.321022 -18945.309025   -206.015875  6  4  5  85       
PG32 -15702.358911 -18607.127290 -10595.807175   -441.833892  6  2  5  81       
*  2025  5 25 22 30  0.00000000
PG01 -14752.836113  21857.127234  -3065.370555    271.910477  4  5  5  96       
PG02 -17190.637068  18081.983584   8877.839398   -161.247203  4  6  5  73       
PG03 -13462.916088  11869.637378 -19720.687880    692.241022  5  4  5  95       
PG04  -4177.194332  19786.657328 -17112.119930    570.916093  2  3  5  95       
PG05  23519.144980  -6417.502183  10429.146374   -210.798640  5  3  6  61       
PG06  13173.186277   6539.608818 -22058.380966   -375.407195  3  5  3  81       
PG07  -1393.397538  21732.650674  15473.660535    -30.808460  3  6  4  91       
PG08 -10791.271369  11794.392477  20993.320498    521.549134  5  5  4  87       
PG09   5825.021579  24431.018161  -8635.755210    668.271870  5  4  6  88       
PG10 -20440.711923 -10674.597890  13704.908553   -434.404190  9  6  8  92       
PG11  19006.812413  -4739.626031 -17868.143411   -707.104474  4  4  6  75       
PG12  14556.313181 -11518.610186 -19272.381413   -586.007262  6  4  7  74       
PG13  15094.301670   -994.534097  21612.895505    701.195829  6  4  4  80       
PG14  18070.244419  12632.986388  15061.404555    650.619949  4  6  3  54       
PG15   9114.194317 -13233.983516  20603.207200    300.075106  4  3  2  70       
PG16 -26137.122257   -302.983698   5525.373012     23.679610  6  4  6  57       
PG17  12691.987185  22690.900464  -4424.537415    264.380106  6  5  4  81       
PG18    877.062809 -20681.346495  16532.184008   -620.395672  5  4  5  88       
PG19  16043.096804  16757.498422 -13476.280557    631.856884  8  7  6  71       
PG20  26392.442876  -1763.327314  -1569.410697    364.311357  6  3  6  80       
PG22  22277.228357  10615.698865   9770.539273   -103.071120  5  5  3  42       
PG23  -6271.154571 -14543.700206  21411.505397    483.253492  3  5  7  97       
PG24  14398.139256 -21753.067371   3212.076966   -395.579914  3  6  4  77       
PG25   1714.679993 -15565.618954 -21808.273040    486.382462  2  5  6  90       
PG26 -25924.328259  -3792.330223  -5672.397757   -254.861112  8  6  4  48       
PG27 -16788.396206  -1632.758910  20287.950216    -25.369564  6  3  4  97       
PG28 -11968.012874  -9472.079115 -21736.732596   -616.069410  5  5  6  84       
PG29  -2683.477659 -24619.488418  -9451.607076   -502.574011  7  5  5  75       
PG30   8413.208471  14697.387002  20583.831058   -135.718739  5  2  5  75       
PG31 -17661.682249     98.756571 -20187.039069   -206.014689  6  4  5  85       
PG32 -15961.306659 -19687.646456  -8017.551512   -441.824389  6  2  5  82       
*  2025  5 25 22 45  0.00000000
PG01 -15074.429443  21850.920461   -219.327036    271.921372  4  5  5  56       
PG02 -16885.304078  16981.526989  11437.463202   -161.238948  4  6  5  92       
PG03 -15587.420246  11672.353670 -18190.179603    692.241860  5  4  5  81       
PG04  -5195.894130  17990.472374 -18749.111087    570.920269  2  4  5  94       
PG05  24583.430427  -6233.459626   7806.516060   -210.799715  6  4  6  56       
PG06  11772.517680   8651.426265 -22111.714574   -375.423883  2  5  4  83       
PG07  -2429.087002  22946.089335  13330.964767    -30.811479  3  5  4  90       
PG08 -12079.037273   9689.284662  21402.970162    521.551787  6  5  4  91       
PG09   5078.531096  23560.552194 -11182.860606    668.280572  5  4  5  85       
PG10 -18799.527113 -10700.086973  15870.662107   -434.414717  8  6  8  89       
PG11  17888.387335  -2912.912309 -19354.740956   -707.098226  4  4  5  82       
PG12  16596.167555 -11161.769715 -17748.640466   -586.008509  6  4  7  81       
PG13  15884.247161   1362.113370  21047.954343    701.195744  6  4  3  84       
PG14  16247.094260  12710.304166  16938.944443    650.624784  3  5  4  73       
PG15  10665.125210 -11270.157853  21022.682541    300.078784  4  3  2  55       
PG16 -26612.776948   -589.376249   2748.527592     23.687209  6  5  5  67       
PG17  12610.170635  23154.885365  -1577.800234    264.364428  5  5  4  78       
PG18   1996.578250 -22070.582219  14488.873425   -620.390959  5  4  5  77       
PG19  16392.726905  18098.152379 -11135.068639    631.859548  8  6  6  73       
PG20  26081.362101  -1448.791971  -4400.231495    364.311316  7  3  6  82       
PG22  21036.773886  10691.277355  12247.740753   -103.070785  5  4  3  70       
PG23  -3808.593389 -14529.258217  21973.740571    483.259405  3  5  7  87       
PG24  14459.859183 -21067.088720   5968.851627   -395.572712  3  5  4  79       
PG25   4121.714100 -15481.852413 -21516.663953    486.381389  2  5  5  85       
PG26 -25168.551276  -4123.212214  -8290.045298   -254.876782  8  7  4  55       
PG27 -17805.311730  -3712.514842  19171.631603    -25.368988  6  3  5  83       
PG28 -10682.218861 -11577.814962 -21383.039292   -616.073509  5  5  6  83       
PG29  -1998.217233 -23584.489558 -11955.631924   -502.570007  7  6  4  74       
PG30   7100.302499  16564.480388  19605.897124   -135.709896  5  3  5  73       
PG31 -16442.372748  -1859.082918 -21091.471386   -206.013620  6  4  5  79       
PG32 -16138.041890 -20485.849522  -5301.628461   -441.814853  6  2  5 103       
*  2025  5 25 23  0  0.00000000
PG01 -15218.128851  21592.185441   2630.498547    271.932378  4  5  6  55       
PG02 -16522.980579  15616.871188  13799.812286   -161.230685  5  6  5  87       
PG03 -17531.181667  11593.534151 -16349.720465    692.242668  6  4  4  68       
PG04  -6388.786287  16104.917016 -20061.229731    570.924447  1  4  5  88       
PG05  25350.286965  -6088.856809   5049.134344   -210.801029  6  4  6  56       
PG06  10500.090284  10826.119563 -21782.093237   -375.440587  2  5  5  77       
PG07  -3285.301416  23991.083561  10961.157201    -30.814693  2  5  4  80       
PG08 -13480.816175   7632.954181  21438.358120    521.554423  6  5  4  91       
PG09   4139.334298  22496.680588 -13537.718391    668.289245  4  4  5  89       
PG10 -16934.685942 -10823.146407  17771.402532   -434.425394  8  6  8  93       
PG11  16789.368397   -902.551427 -20506.619768   -707.091978  4  5  5  66       
PG12  18466.432187 -10921.478107 -15925.593034   -586.009967  7  4  8  64       
PG13  16765.388363   3590.934955  20114.397580    701.195897  6  4  3  88       
PG14  14234.173707  12878.637455  18529.256511    650.629645  3  5  4  75       
PG15  12323.468310  -9361.824755  21062.266581    300.082303  4  4  3  66       
PG16 -26788.880566   -825.565493    -74.605982     23.694791  6  6  6  59       
PG17  12403.751204  23331.729095   1296.586406    264.348614  5  4  4  85       
PG18   2917.507937 -23304.983445  12193.871394   -620.386210  5  4  5  82       
PG19  16697.708208  19171.337040  -8608.079369    631.862708  8  6  6  78       
PG20  25475.990247  -1055.095236  -7154.707265    364.310897  7  3  6  66       
PG22  19538.106698  10809.222687  14514.818447   -103.071141  5  4  3  67       
PG23  -1304.559226 -14655.026604  22160.280632    483.265274  4  5  6  79       
PG24  14434.174666 -20097.669553   8619.057813   -395.565483  3  5  5  68       
PG25   6480.597328 -15519.043236 -20865.700697    486.380313  2  5  5  92       
PG26 -24147.485352  -4519.588274 -10769.073245   -254.892388  9  7  5  66       
PG27 -18848.678289  -5607.943879  17720.381183    -25.368403  6  3  5  86       
PG28  -9535.790818 -13693.729509 -20661.371662   -616.077696  5  6  6  77       
PG29  -1137.405521 -22344.190986 -14252.904176   -502.566191  7  6  4  73       
PG30   5938.783987  18382.312032  18293.262471   -135.701034  5  3  4  81       
PG31 -15284.396795  -3949.996530 -21642.913949   -206.012529  6  5  5  81       
PG32 -16194.362463 -21005.921061  -2494.961664   -441.805270  6  1  5  87       
*  2025  5 25 23 15  0.00000000
PG01 -15216.436856  21063.016319   5434.982069    271.943296  4  5  6  57       
PG02 -16143.972132  14002.609835  15925.658916   -161.222440  5  6  5  73       
PG03 -19254.862047  11607.403954 -14230.057805    692.243471  6  5  4  67       
PG04  -7749.056511  14177.319369 -21026.086946    570.928623  2  5  5  92       
PG05  25808.035039  -5945.941402   2204.783675   -210.801976  7  4  6  69       
PG06   9377.504932  13016.876009 -21074.860511   -375.457370  2  5  5  70       
PG07  -3975.402892  24828.428446   8403.182998    -30.817282  2  5  4  85       
PG08 -14969.869875   5666.277790  21100.243474    521.557056  6  5  4  79       
PG09   2996.865029  21279.634819 -15660.125679    668.297944  3  4  5  73       
PG10 -14883.825123 -11069.161555  19375.371522   -434.435926  8  6  8  84       
PG11  15746.243426   1260.341820 -21303.970570   -707.085762  4  5  5  83       
PG12  20128.968805 -10775.521615 -13833.346427   -586.011471  8  4  8  53       
PG13  17707.541519   5652.620606  18829.602147    701.195841  6  3  2  83       
PG14  12069.957350  13157.979919  19804.962017    650.634479  3  5  4  91       
PG15  14056.741780  -7547.433956  20721.589719    300.086129  3  4  3  57       
PG16 -26661.091900  -1048.308418  -2896.520669     23.702449  6  6  6  81       
PG17  12039.947564  23239.587725   4148.431381    264.332845  5  4  4  84       
PG18   3650.843859 -24342.387825   9686.721075   -620.381480  5  5  5  75       
PG19  16918.895200  19972.302740  -5937.530503    631.865950  7  5  6  90       
PG20  24596.423818   -550.004947  -9784.956010    364.310591  7  3  7  78       
PG22  17809.873105  11001.020271  16534.137607   -103.070935  5  4  3  80       
PG23   1190.464775 -14921.050441  21967.218716    483.271192  5  5  6  73       
PG24  14357.420414 -18847.314937  11114.740523   -395.558256  3  5  5  80       
PG25   8746.497479 -15666.678103 -19865.217330    486.379227  2  4  5  92       
PG26 -22884.591932  -5009.906364 -13068.149570   -254.908033  9  8  5  69       
PG27 -19880.485170  -7293.560450  15961.099467    -25.367836  6  3  6  88       
PG28  -8541.806590 -15773.261231 -19584.105605   -616.081781  5  6  6  88       
PG29    -87.944466 -20939.131158 -16303.989410   -502.562123  7  7  3  72       
PG30   4933.819043  20106.474312  16667.428011   -135.692344  6  4  4  85       
PG31 -14216.748613  -6137.830990 -21831.369374   -206.011495  5  5  5  85       
PG32 -16094.699120 -21260.497042    354.287454   -441.795752  6  1  5  89       
*  2025  5 25 23 30  0.00000000
PG01 -15105.574679  20253.541511   8145.781500    271.954188  5  5  6  59       
PG02 -15786.235961  12161.328039  17780.290072   -161.214137  5  5  5  69       
PG03 -20725.535541  11682.227708 -11866.822465    692.244329  6  5  5  54       
PG04  -9261.606812  12254.072243 -21627.378245    570.932738  2  5  5  90       
PG05  25954.071200  -5765.990330   -677.470431   -210.803096  8  5  7  70       
PG06   8418.144186  15174.327393 -20001.966412   -375.474097  2  5  6  61       
PG07  -4519.535355  25423.494055   5699.846225    -30.820276  2  5  5  92       
PG08 -16513.523377   3824.808490  20395.939618    521.559733  6  5  3  84       
PG09   1648.602429  19952.419406 -17513.954235    668.306626  2  4  5  73       
PG10 -12689.652324 -11456.616527  20655.600647   -434.446477  8  6  8  83       
PG11  14790.270532   3538.240357 -21733.151451   -707.079548  4  5  6  68       
PG12  21551.318848 -10695.814354 -11506.643111   -586.013083  8  4  8  59       
PG13  18675.161770   7514.625771  17217.041096    701.195871  6  3  2  86       
PG14   9797.066721  13561.523305  20743.881303    650.639346  4  4  4  89       
PG15  15827.033511  -5859.569042  20007.457193    300.089798  3  4  3  66       
PG16 -26233.496365  -1294.573311  -5670.138260     23.710085  6  7  6  68       
PG17  11490.920109  22904.212413   6928.428560    264.317106  4  4  4  80       
PG18   4215.249627 -25145.185879   7010.816134   -620.376736  5  5  6  78       
PG19  17017.958508  20504.604423  -3167.949693    631.868996  7  5  6  78       
PG20  23470.368377     94.098665 -12245.208485    364.310227  7  3  7  68       
PG22  15887.120307  11293.018184  18272.616650   -103.070853  5  3  3  73       
PG23   3626.496270 -15318.933445  21397.115961    483.277070  5  5  6  70       
PG24  14265.895011 -17327.544069  13410.459889   -395.551022  3  5  5  78       
PG25  10877.298160 -15907.017532 -18530.827308    486.378169  3  4  6  82       
PG26 -21409.554100  -5617.923012 -15148.897343   -254.923594  9  8  6  87       
PG27 -20860.290448  -8752.113613  13925.796039    -25.367271  6  4  6  89       
PG28  -7705.208783 -17769.124597 -18169.739280   -616.085891  6  7  6  86       
PG29   1155.306253 -19413.155685 -18073.812583   -502.558196  7  7  3  85       
PG30   4082.878878  21693.376797  14755.373467   -135.683500  6  4  4  77       
PG31 -13262.197716  -8381.622083 -21652.738320   -206.010319  6  5  5  83       
PG32 -15807.600585 -21269.993212   3197.537243   -441.786216  6  1  5 101       
*  2025  5 25 23 45  0.00000000
PG01 -14923.922951  19162.436653  10716.175282    271.965123  5  5  7  85       
PG02 -15483.870869  10122.816580  19333.971570   -161.205981  4  5  5  84       
PG03 -21917.837848  11781.633567  -9299.974060    692.245185  6  6  5  76       
PG04 -10903.497707  10378.954611 -21855.142506    570.936884  3  6  5  86       
PG05  25794.865847  -5510.997089  -3548.131227   -210.803635  8  5  7  92       
PG06   7626.766472  17248.319719 -18581.777777   -375.490850  3  4  7  71       
PG07  -4943.736840  25747.650974   2897.169286    -30.823226  2  6  5  86       
PG08 -18074.378058   2137.607372  19339.084322    521.562403  6  5  3  84       
PG09    100.349156  18559.169126 -19067.744645    668.315297  2  5  4  76       
PG10 -10398.512701 -11996.283316  21590.332360   -434.457071  7  6  7  93       
PG11  13946.307167   5888.467836 -21786.916520   -707.073297  3  6  6  84       
PG12  22707.828873 -10649.573392  -8984.348248   -586.014518  9  5  9  47       
PG13  19628.767363   9152.197715  15305.785442    701.195966  6  3  2  72       
PG14   7460.833206  14095.031796  21329.429304    650.644202  5  4  5  87       
PG15  17592.441962  -4323.804050  18933.661315    300.093332  3  4  4  43       
PG16 -25518.395480  -1599.980328  -8349.518910     23.717827  7  8  6  56       
PG17  10734.990480  22357.778610   9589.015867    264.301128  4  4  4  81       
PG18   4636.141497 -25681.799515   4212.637247   -620.372000  5  6  6  79       
PG19  16958.929984  20779.830676   -345.501986    631.872464  6  4  5  85       
PG20  22132.089696    898.930709 -14492.631761    364.310221  7  4  7  73       
PG22  13810.042752  11705.336847  19702.180174   -103.070536  5  3  3  71       
PG23   5955.781610 -15832.119024  20459.009241    483.283007  5  6  6  60       
PG24  14194.218798 -15558.649547  15464.252833   -395.543772  3  4  5  80       
PG25  12835.006743 -16215.759866 -16883.760486    486.377083  3  4  6  71       
PG26 -19757.248657  -6361.646164 -16976.476465   -254.939168 10  9  6  83       
PG27 -21746.821680  -9974.965365  11650.922410    -25.366701  5  4  7  87       
PG28  -7022.756108 -19634.994966 -16442.578299   -616.090045  6  7  7  85       
PG29   2589.152310 -17811.755680 -19532.245510   -502.554044  7  7  3  80       
PG30   3375.968994  23101.831549  12589.162824   -135.674661  6  5  4  60       
PG31 -12436.478198 -10636.925025 -21108.944790   -206.009094  6  5  5  74       
PG32 -15307.056050 -21061.657188   5986.589863   -441.776718  6  1  4 100       
EOF
